X,Y,PM25_CoKriging
272101.0788926174,2750954.5548120807,20.763179396415815
271642.7594295302,2751192.1686241613,20.73009545491711
272101.0788926174,2751192.1686241613,20.72193054615837
272559.3983557047,2751192.1686241613,20.65111611801082
273017.7178187919,2751192.1686241613,20.565535451801306
271642.7594295302,2751429.782436242,20.684657908871074
272101.0788926174,2751429.782436242,20.67621147973263
272559.3983557047,2751429.782436242,20.619764068206166
273017.7178187919,2751429.782436242,20.54374476688215
273476.03728187917,2751429.782436242,20.464012310877322
271642.7594295302,2751667.3962483224,20.638815457704123
272101.0788926174,2751667.3962483224,20.62976828332843
272559.3983557047,2751667.3962483224,20.58305756574551
273017.7178187919,2751667.3962483224,20.51608862244397
273476.03728187917,2751667.3962483224,20.442499874228815
273934.3567449664,2751667.3962483224,20.3689701154849
271184.43996644294,2751905.0100604026,20.572310126596626
271642.7594295302,2751905.0100604026,20.59346116639977
272101.0788926174,2751905.0100604026,20.583617260220436
272559.3983557047,2751905.0100604026,20.543485283008945
273017.7178187919,2751905.0100604026,20.484238413071985
273476.03728187917,2751905.0100604026,20.41678304585068
273934.3567449664,2751905.0100604026,20.34776632445002
274392.67620805366,2751905.0100604026,20.28072143686023
274850.9956711409,2751905.0100604026,20.217481427995008
271184.43996644294,2752142.623872483,20.534191851798454
271642.7594295302,2752142.623872483,20.54889578020133
272101.0788926174,2752142.623872483,20.53810524211154
272559.3983557047,2752142.623872483,20.5024580153553
273017.7178187919,2752142.623872483,20.449496387673804
273476.03728187917,2752142.623872483,20.387738899724265
273934.3567449664,2752142.623872483,20.32330110939167
274392.67620805366,2752142.623872483,20.259882670138406
274850.9956711409,2752142.623872483,20.199591151921236
275309.3151342282,2752142.623872483,20.143584940119016
270726.1205033557,2752380.2376845637,20.469163193597108
271184.43996644294,2752380.2376845637,20.495757390365984
271642.7594295302,2752380.2376845637,20.5052310826779
272101.0788926174,2752380.2376845637,20.493360882457335
272559.3983557047,2752380.2376845637,20.460769476889563
273017.7178187919,2752380.2376845637,20.41280442364284
273476.03728187917,2752380.2376845637,20.35611478462892
273934.3567449664,2752380.2376845637,20.296096554825656
274392.67620805366,2752380.2376845637,20.23638235053958
274850.9956711409,2752380.2376845637,20.179218814192993
275309.3151342282,2752380.2376845637,20.125924653079373
275767.63459731545,2752380.2376845637,20.0772224712579
270726.1205033557,2752617.8514966443,20.437105043489503
271184.43996644294,2752617.8514966443,20.45747038978221
271642.7594295302,2752617.8514966443,20.462504403662873
272101.0788926174,2752617.8514966443,20.449425432924265
272559.3983557047,2752617.8514966443,20.41887181545317
273017.7178187919,2752617.8514966443,20.374818319276457
273476.03728187917,2752617.8514966443,20.322511842363713
273934.3567449664,2752617.8514966443,20.266616394663824
274392.67620805366,2752617.8514966443,20.210555796914587
274850.9956711409,2752617.8514966443,20.15660245534923
275309.3151342282,2752617.8514966443,20.10616793302604
275767.63459731545,2752617.8514966443,20.06006747212153
276225.9540604027,2752617.8514966443,20.018713271290473
276684.27352348994,2752617.8514966443,19.982247197362735
270726.1205033557,2752855.465308725,20.404778310648055
271184.43996644294,2752855.465308725,20.419608803483914
271642.7594295302,2752855.465308725,20.420719130689633
272101.0788926174,2752855.465308725,20.406299410171304
272559.3983557047,2752855.465308725,20.377023975333376
273017.7178187919,2752855.465308725,20.335985009691466
273476.03728187917,2752855.465308725,20.287394916756355
273934.3567449664,2752855.465308725,20.235253948367664
274392.67620805366,2752855.465308725,20.182707239197914
274850.9956711409,2752855.465308725,20.131969255681494
275309.3151342282,2752855.465308725,20.084483306005424
275767.63459731545,2752855.465308725,20.041118682606477
276225.9540604027,2752855.465308725,20.002337033913083
276684.27352348994,2752855.465308725,19.96831746671296
277142.5929865772,2752855.465308725,19.93904702261675
270267.80104026844,2753093.0791208055,20.35264084615563
270726.1205033557,2753093.0791208055,20.372531088762656
271184.43996644294,2753093.0791208055,20.38234374488924
271642.7594295302,2753093.0791208055,20.379861429097588
272101.0788926174,2753093.0791208055,20.36396187443817
272559.3983557047,2753093.0791208055,20.335371100110866
273017.7178187919,2753093.0791208055,20.296603579585412
273476.03728187917,2753093.0791208055,20.25111273791619
273934.3567449664,2753093.0791208055,20.202330812500545
274392.67620805366,2753093.0791208055,20.15310227310904
274850.9956711409,2753093.0791208055,20.105527941265354
275309.3151342282,2753093.0791208055,20.061032177909617
275767.63459731545,2753093.0791208055,20.020501428379994
276225.9540604027,2753093.0791208055,19.984422007391057
276684.27352348994,2753093.0791208055,19.9529940931995
277142.5929865772,2753093.0791208055,19.926219452723355
277600.91244966444,2753093.0791208055,19.903966758057795
270267.80104026844,2753330.692932886,20.325938702500732
270726.1205033557,2753330.692932886,20.340614021797673
271184.43996644294,2753330.692932886,20.345782607489355
271642.7594295302,2753330.692932886,20.339907954844627
272101.0788926174,2753330.692932886,20.32237924651427
272559.3983557047,2753330.692932886,20.29398806220649
273017.7178187919,2753330.692932886,20.256868855558828
273476.03728187917,2753330.692932886,20.2139194974576
273934.3567449664,2753330.692932886,20.16810156427586
274392.67620805366,2753330.692932886,20.121965140107434
274850.9956711409,2753330.692932886,20.077464145065868
275309.3151342282,2753330.692932886,20.03596449314147
275767.63459731545,2753330.692932886,19.998336621198366
276225.9540604027,2753330.692932886,19.96506689775786
276684.27352348994,2753330.692932886,19.93635927281845
277142.5929865772,2753330.692932886,19.91221843235728
277600.91244966444,2753330.692932886,19.892514176509287
278059.2319127517,2753330.692932886,19.87702960966442
278517.5513758389,2753330.692932886,19.865496305448694
270267.80104026844,2753568.3067449667,20.299474281999856
270726.1205033557,2753568.3067449667,20.309211324760955
271184.43996644294,2753568.3067449667,20.30999361439175
271642.7594295302,2753568.3067449667,20.300829711389945
272101.0788926174,2753568.3067449667,20.281509603718884
272559.3983557047,2753568.3067449667,20.252904070871324
273017.7178187919,2753568.3067449667,20.216901275512917
273476.03728187917,2753568.3067449667,20.175993957159147
273934.3567449664,2753568.3067449667,20.132761103845823
274392.67620805366,2753568.3067449667,20.089479220627542
274850.9956711409,2753568.3067449667,20.04793816386587
275309.3151342282,2753568.3067449667,20.009415926102346
275767.63459731545,2753568.3067449667,19.97473825878746
276225.9540604027,2753568.3067449667,19.944368196947966
276684.27352348994,2753568.3067449667,19.918495892999275
277142.5929865772,2753568.3067449667,19.89711637276342
277600.91244966444,2753568.3067449667,19.880091885759253
278059.2319127517,2753568.3067449667,19.867199560251954
278517.5513758389,2753568.3067449667,19.85816654985523
278975.8708389262,2753568.3067449667,19.85269515851426
269809.4815771812,2753805.9205570472,20.26092180430643
270267.80104026844,2753805.9205570472,20.27345990509099
270726.1205033557,2753805.9205570472,20.278462011426228
271184.43996644294,2753805.9205570472,20.27502039510879
271642.7594295302,2753805.9205570472,20.262594087577277
272101.0788926174,2753805.9205570472,20.241304810787664
272559.3983557047,2753805.9205570472,20.21211696649343
273017.7178187919,2753805.9205570472,20.176767004578032
273476.03728187917,2753805.9205570472,20.13745495218194
273934.3567449664,2753805.9205570472,20.096452582594694
274392.67620805366,2753805.9205570472,20.0557894147274
274850.9956711409,2753805.9205570472,20.017084498301827
275309.3151342282,2753805.9205570472,19.981506390193793
275767.63459731545,2753805.9205570472,19.94981181152205
276225.9540604027,2753805.9205570472,19.92241880316029
276684.27352348994,2753805.9205570472,19.899486469760745
277142.5929865772,2753805.9205570472,19.880987319933123
277600.91244966444,2753805.9205570472,19.866766933719706
278059.2319127517,2753805.9205570472,19.856590290943448
278517.5513758389,2753805.9205570472,19.850176168603884
278975.8708389262,2753805.9205570472,19.847221723542695
279434.1903020134,2753805.9205570472,19.847419412533355
269809.4815771812,2754043.534369128,20.240212187251963
270267.80104026844,2754043.534369128,20.248071504466704
270726.1205033557,2754043.534369128,20.248474570676663
271184.43996644294,2754043.534369128,20.240891015728284
271642.7594295302,2754043.534369128,20.225165964495094
272101.0788926174,2754043.534369128,20.20171151007924
272559.3983557047,2754043.534369128,20.17160166278068
273017.7178187919,2754043.534369128,20.13649137323781
273476.03728187917,2754043.534369128,20.098373370707648
273934.3567449664,2754043.534369128,20.05927483435144
274392.67620805366,2754043.534369128,20.02100545392439
274850.9956711409,2754043.534369128,19.985012624761698
275309.3151342282,2754043.534369128,19.952339615052054
275767.63459731545,2754043.534369128,19.92365341077414
276225.9540604027,2754043.534369128,19.899307205483588
276684.27352348994,2754043.534369128,19.879412469343215
277142.5929865772,2754043.534369128,19.86390643597084
277600.91244966444,2754043.534369128,19.852608784486243
278059.2319127517,2754043.534369128,19.845266022932034
278517.5513758389,2754043.534369128,19.841584472503282
278975.8708389262,2754043.534369128,19.841253714815704
279434.1903020134,2754043.534369128,19.843962549584003
279892.50976510067,2754043.534369128,19.849409324404846
280350.8292281879,2754043.534369128,19.85730817312496
269351.16211409395,2754281.148181208,20.209943972793447
269809.4815771812,2754281.148181208,20.22018065409616
270267.80104026844,2754281.148181208,20.223459334777598
270726.1205033557,2754281.148181208,20.21933733062678
271184.43996644294,2754281.148181208,20.207623824801242
271642.7594295302,2754281.148181208,20.18850830879302
272101.0788926174,2754281.148181208,20.162671446381744
272559.3983557047,2754281.148181208,20.131315116494534
273017.7178187919,2754281.148181208,20.096067778272506
273476.03728187917,2754281.148181208,20.058781123972093
273934.3567449664,2754281.148181208,20.02128883926391
274392.67620805366,2754281.148181208,19.98520552409986
274850.9956711409,2754281.148181208,19.951808561137064
275309.3151342282,2754281.148181208,19.922003555149058
275767.63459731545,2754281.148181208,19.896349735321202
276225.9540604027,2754281.148181208,19.875117199896366
276684.27352348994,2754281.148181208,19.858354012981508
277142.5929865772,2754281.148181208,19.845949746640567
277600.91244966444,2754281.148181208,19.837689114879986
278059.2319127517,2754281.148181208,19.833293922298964
278517.5513758389,2754281.148181208,19.832454025636466
278975.8708389262,2754281.148181208,19.83484906850531
279434.1903020134,2754281.148181208,19.840162993601176
279892.50976510067,2754281.148181208,19.848093173150303
280350.8292281879,2754281.148181208,19.858355675102647
280809.14869127516,2754281.148181208,19.87068783309775
269351.16211409395,2754518.7619932885,20.195044104540784
269809.4815771812,2754518.7619932885,20.201000273639874
270267.80104026844,2754518.7619932885,20.199756490045203
270726.1205033557,2754518.7619932885,20.19112600963619
271184.43996644294,2754518.7619932885,20.17523142604474
271642.7594295302,2754518.7619932885,20.152582459936042
272101.0788926174,2754518.7619932885,20.124121353657998
272559.3983557047,2754518.7619932885,20.091199129010835
273017.7178187919,2754518.7619932885,20.055463471725925
273476.03728187917,2754518.7619932885,20.018677694634075
273934.3567449664,2754518.7619932885,19.9825230973714
274392.67620805366,2754518.7619932885,19.9484398404069
274850.9956711409,2754518.7619932885,19.917536912164962
275309.3151342282,2754518.7619932885,19.890571431659083
275767.63459731545,2754518.7619932885,19.86797849376641
276225.9540604027,2754518.7619932885,19.849928093356674
276684.27352348994,2754518.7619932885,19.836389951442175
277142.5929865772,2754518.7619932885,19.827194154421278
277600.91244966444,2754518.7619932885,19.822081793290007
278059.2319127517,2754518.7619932885,19.82074405472417
278517.5513758389,2754518.7619932885,19.822850580442296
278975.8708389262,2754518.7619932885,19.828068923103054
279434.1903020134,2754518.7619932885,19.83607713397244
279892.50976510067,2754518.7619932885,19.84657132222261
280350.8292281879,2754518.7619932885,19.859269677820585
280809.14869127516,2754518.7619932885,19.87391408463277
281267.4681543624,2754518.7619932885,19.89027012968278
269351.16211409395,2754756.375805369,20.181096185147766
269809.4815771812,2754756.375805369,20.182832592404722
270267.80104026844,2754756.375805369,20.17708582515972
270726.1205033557,2754756.375805369,20.163909455349327
271184.43996644294,2754756.375805369,20.143723536258037
271642.7594295302,2754756.375805369,20.11734821778426
272101.0788926174,2754756.375805369,20.085992508766346
272559.3983557047,2754756.375805369,20.051181708053782
273017.7178187919,2754756.375805369,20.01462316788356
273476.03728187917,2754756.375805369,19.978034788003416
273934.3567449664,2754756.375805369,19.942977966888726
274392.67620805366,2754756.375805369,19.910734000225435
274850.9956711409,2754756.375805369,19.882243192872124
275309.3151342282,2754756.375805369,19.858103259564125
275767.63459731545,2754756.375805369,19.838609415393123
276225.9540604027,2754756.375805369,19.82381535118924
276684.27352348994,2754756.375805369,19.81359828887773
277142.5929865772,2754756.375805369,19.807717708427532
277600.91244966444,2754756.375805369,19.805863037044116
278059.2319127517,2754756.375805369,19.80768945770617
278517.5513758389,2754756.375805369,19.812843085463665
278975.8708389262,2754756.375805369,19.820977579676935
279434.1903020134,2754756.375805369,19.831764333807765
279892.50976510067,2754756.375805369,19.84489810130443
280350.8292281879,2754756.375805369,19.860099515976334
280809.14869127516,2754756.375805369,19.8771155733281
281267.4681543624,2754756.375805369,19.895718809125217
281725.78761744965,2754756.375805369,19.915705657200743
282184.1070805369,2754756.375805369,19.93689428571544
268892.8426510067,2754993.9896174497,20.162996489476033
269351.16211409395,2754993.9896174497,20.16827468273748
269809.4815771812,2754993.9896174497,20.165833169532405
270267.80104026844,2754993.9896174497,20.155565776187725
270726.1205033557,2754993.9896174497,20.13775425166122
271184.43996644294,2754993.9896174497,20.113109187946208
271642.7594295302,2754993.9896174497,20.082763784457395
272101.0788926174,2754993.9896174497,20.048209990287624
272559.3983557047,2754993.9896174497,20.01117739628795
273017.7178187919,2754993.9896174497,19.973471067849022
273476.03728187917,2754993.9896174497,19.93679951078616
273934.3567449664,2754993.9896174497,19.90262910338548
274392.67620805366,2754993.9896174497,19.872092064754657
274850.9956711409,2754993.9896174497,19.845956322671856
275309.3151342282,2754993.9896174497,19.824647763782096
275767.63459731545,2754993.9896174497,19.808305683255067
276225.9540604027,2754993.9896174497,19.79685164740861
276684.27352348994,2754993.9896174497,19.79005693220739
277142.5929865772,2754993.9896174497,19.787600116534207
277600.91244966444,2754993.9896174497,19.789111738319644
278059.2319127517,2754993.9896174497,19.794206322747634
278517.5513758389,2754993.9896174497,19.80250375970111
278975.8708389262,2754993.9896174497,19.813642498410633
279434.1903020134,2754993.9896174497,19.827286873123587
279892.50976510067,2754993.9896174497,19.843130449180293
280350.8292281879,2754993.9896174497,19.86089680106613
280809.14869127516,2754993.9896174497,19.880338706660975
281267.4681543624,2754993.9896174497,19.901236401762567
281725.78761744965,2754993.9896174497,19.923395288682098
282184.1070805369,2754993.9896174497,19.946643320636753
282642.42654362414,2754993.9896174497,19.97082817397908
268892.8426510067,2755231.6034295303,20.155073984771406
269351.16211409395,2755231.6034295303,20.15675120430218
269809.4815771812,2755231.6034295303,20.150156590430985
270267.80104026844,2755231.6034295303,20.135315481892146
270726.1205033557,2755231.6034295303,20.112728671986066
271184.43996644294,2755231.6034295303,20.08339857147377
271642.7594295302,2755231.6034295303,20.04878558479681
272101.0788926174,2755231.6034295303,20.010691638496297
272559.3983557047,2755231.6034295303,19.971086784428202
273017.7178187919,2755231.6034295303,19.931911682864087
273476.03728187917,2755231.6034295303,19.894896406904124
273934.3567449664,2755231.6034295303,19.861430167843363
274392.67620805366,2755231.6034295303,19.83249940246682
274850.9956711409,2755231.6034295303,19.80869125802338
275309.3151342282,2755231.6034295303,19.790244636563482
275767.63459731545,2755231.6034295303,19.777125767129696
276225.9540604027,2755231.6034295303,19.769108285231134
276684.27352348994,2755231.6034295303,19.76584474118209
277142.5929865772,2755231.6034295303,19.76692348032882
277600.91244966444,2755231.6034295303,19.77190994302448
278059.2319127517,2755231.6034295303,19.78037427484687
278517.5513758389,2755231.6034295303,19.79190822334689
278975.8708389262,2755231.6034295303,19.806134323322514
279434.1903020134,2755231.6034295303,19.82270990194021
279892.50976510067,2755231.6034295303,19.841327821702222
280350.8292281879,2755231.6034295303,19.861715303742585
280809.14869127516,2755231.6034295303,19.883631706331407
281267.4681543624,2755231.6034295303,19.906865785538873
281725.78761744965,2755231.6034295303,19.931232723306298
282184.1070805369,2755231.6034295303,19.956571051671073
282642.42654362414,2755231.6034295303,19.982739509831696
283100.7460067114,2755231.6034295303,20.009613825204973
268892.8426510067,2755469.217241611,20.14853207532073
269351.16211409395,2755469.217241611,20.146698157484707
269809.4815771812,2755469.217241611,20.135961138114713
270267.80104026844,2755469.217241611,20.116459538002385
270726.1205033557,2755469.217241611,20.08890633533303
271184.43996644294,2755469.217241611,20.054604721107985
271642.7594295302,2755469.217241611,20.015367970867974
272101.0788926174,2755469.217241611,19.97334668060772
272559.3983557047,2755469.217241611,19.93079530772382
273017.7178187919,2755469.217241611,19.889829692317598
273476.03728187917,2755469.217241611,19.85222860391272
273934.3567449664,2755469.217241611,19.819314982874346
274392.67620805366,2755469.217241611,19.791925384871053
274850.9956711409,2755469.217241611,19.770451791902172
275309.3151342282,2755469.217241611,19.754927131431295
275767.63459731545,2755469.217241611,19.745125637136198
276225.9540604027,2755469.217241611,19.740656963423863
276684.27352348994,2755469.217241611,19.741042854053106
277142.5929865772,2755469.217241611,19.74577322932404
277600.91244966444,2755469.217241611,19.754343461788046
278059.2319127517,2755469.217241611,19.766276731688656
278517.5513758389,2755469.217241611,19.781135670633024
278975.8708389262,2755469.217241611,19.798526924016077
279434.1903020134,2755469.217241611,19.818101394869426
279892.50976510067,2755469.217241611,19.839552092494507
280350.8292281879,2755469.217241611,19.862610824717223
280809.14869127516,2755469.217241611,19.8870444659284
281267.4681543624,2755469.217241611,19.912651183163682
281725.78761744965,2755469.217241611,19.939256775879613
282184.1070805369,2755469.217241611,19.96671114991342
282642.42654362414,2755469.217241611,19.99488487632426
283100.7460067114,2755469.217241611,20.0236657611921
283559.06546979863,2755469.217241611,20.052955357306203
284017.3849328859,2755469.217241611,20.082665370615846
268434.52318791946,2755706.8310536915,20.139505780349737
268892.8426510067,2755706.8310536915,20.14353954327367
269351.16211409395,2755706.8310536915,20.13829214134412
269809.4815771812,2755706.8310536915,20.123413286053843
270267.80104026844,2755706.8310536915,20.099132667812256
270726.1205033557,2755706.8310536915,20.06636985382676
271184.43996644294,2755706.8310536915,20.026745202336105
271642.7594295302,2755706.8310536915,19.982462801799716
272101.0788926174,2755706.8310536915,19.936073955782124
272559.3983557047,2755706.8310536915,19.89017134277761
273017.7178187919,2755706.8310536915,19.847088974775836
273476.03728187917,2755706.8310536915,19.808678270251608
273934.3567449664,2755706.8310536915,19.77619932446011
274392.67620805366,2755706.8310536915,19.75032606987975
274850.9956711409,2755706.8310536915,19.731233598386865
275309.3151342282,2755706.8310536915,19.71872502613953
275767.63459731545,2755706.8310536915,19.712361359233142
276225.9540604027,2755706.8310536915,19.71157187128158
276684.27352348994,2755706.8310536915,19.715736262932452
277142.5929865772,2755706.8310536915,19.724239226398254
277600.91244966444,2755706.8310536915,19.736502586831204
278059.2319127517,2755706.8310536915,19.752001320028445
278517.5513758389,2755706.8310536915,19.77026906660911
278975.8708389262,2755706.8310536915,19.79089744042667
279434.1903020134,2755706.8310536915,19.813532096764504
279892.50976510067,2755706.8310536915,19.837867438918863
280350.8292281879,2755706.8310536915,19.863641049040318
280809.14869127516,2755706.8310536915,19.890628392410846
281267.4681543624,2755706.8310536915,19.918638002683227
281725.78761744965,2755706.8310536915,19.94750715283854
282184.1070805369,2755706.8310536915,19.977097909431045
282642.42654362414,2755706.8310536915,20.00729342508184
283100.7460067114,2755706.8310536915,20.037994324152844
283559.06546979863,2755706.8310536915,20.069115062845274
284017.3849328859,2755706.8310536915,20.10058018498491
284475.7043959731,2755706.8310536915,20.132320438465097
268434.52318791946,2755944.444865772,20.138731478515197
268892.8426510067,2755944.444865772,20.140266050180774
269351.16211409395,2755944.444865772,20.131717064098353
269809.4815771812,2755944.444865772,20.112692155828395
270267.80104026844,2755944.444865772,20.08348456544418
270726.1205033557,2755944.444865772,20.045214731101897
271184.43996644294,2755944.444865772,19.999843938643174
271642.7594295302,2755944.444865772,19.95001887736892
272101.0788926174,2755944.444865772,19.898759641738245
272559.3983557047,2755944.444865772,19.849063557983502
273017.7178187919,2755944.444865772,19.80353088439523
273476.03728187917,2755944.444865772,19.76410655368466
273934.3567449664,2755944.444865772,19.731982552353635
274392.67620805366,2755944.444865772,19.707647050424605
274850.9956711409,2755944.444865772,19.691027644898206
275309.3151342282,2755944.444865772,19.68166801869482
275767.63459731545,2755944.444865772,19.678892089848077
276225.9540604027,2755944.444865772,19.681932099122417
276684.27352348994,2755944.444865772,19.69001561019238
277142.5929865772,2755944.444865772,19.70241701092822
277600.91244966444,2755944.444865772,19.718482882678387
278059.2319127517,2755944.444865772,19.73764032180401
278517.5513758389,2755944.444865772,19.75939534588632
278975.8708389262,2755944.444865772,19.783326313861266
279434.1903020134,2755944.444865772,19.80907544723077
279892.50976510067,2755944.444865772,19.836340204705216
280350.8292281879,2755944.444865772,19.864865377931274
280809.14869127516,2755944.444865772,19.89443622763368
281267.4681543624,2755944.444865772,19.924872661239736
281725.78761744965,2755944.444865772,19.956024284985833
282184.1070805369,2755944.444865772,19.98776609166365
282642.42654362414,2755944.444865772,20.019994534724326
283100.7460067114,2755944.444865772,20.052623767591307
283559.06546979863,2755944.444865772,20.085581877554166
284017.3849328859,2755944.444865772,20.11880700389725
284475.7043959731,2755944.444865772,20.15224328971155
284934.02385906037,2755944.444865772,20.18583666835111
267976.2037248322,2756182.0586778526,20.130417214916346
268434.52318791946,2756182.0586778526,20.139624538773596
268892.8426510067,2756182.0586778526,20.13888299016185
269351.16211409395,2756182.0586778526,20.12716694842838
269809.4815771812,2756182.0586778526,20.103994057537367
270267.80104026844,2756182.0586778526,20.06968515858841
270726.1205033557,2756182.0586778526,20.025553772198673
271184.43996644294,2756182.0586778526,19.9739333169742
271642.7594295302,2756182.0586778526,19.917981189714453
272101.0788926174,2756182.0586778526,19.861274344816344
272559.3983557047,2756182.0586778526,19.807297414273584
273017.7178187919,2756182.0586778526,19.758971801833447
273476.03728187917,2756182.0586778526,19.718353166129063
273934.3567449664,2756182.0586778526,19.686549313935213
274392.67620805366,2756182.0586778526,19.663826693438928
274850.9956711409,2756182.0586778526,19.6498241365185
275309.3151342282,2756182.0586778526,19.643789646413797
275767.63459731545,2756182.0586778526,19.64478349697828
276225.9540604027,2756182.0586778526,19.65182435055219
276684.27352348994,2756182.0586778526,19.66397917138694
277142.5929865772,2756182.0586778526,19.68040913886281
277600.91244966444,2756182.0586778526,19.700386012156816
278059.2319127517,2756182.0586778526,19.723291117434318
278517.5513758389,2756182.0586778526,19.748605587790692
278975.8708389262,2756182.0586778526,19.77589728525927
279434.1903020134,2756182.0586778526,19.804807470329013
279892.50976510067,2756182.0586778526,19.83503872980745
280350.8292281879,2756182.0586778526,19.866344731891378
280809.14869127516,2756182.0586778526,19.898521845961568
281267.4681543624,2756182.0586778526,19.931402389698597
281725.78761744965,2756182.0586778526,19.964849145407346
282184.1070805369,2756182.0586778526,19.99875075862642
282642.42654362414,2756182.0586778526,20.033017658599405
283100.7460067114,2756182.0586778526,20.06757819976786
283559.06546979863,2756182.0586778526,20.10237480076416
284017.3849328859,2756182.0586778526,20.137359940076884
284475.7043959731,2756182.0586778526,20.172491945095658
284934.02385906037,2756182.0586778526,20.20773057536485
285392.3433221476,2756182.0586778526,20.243032446609654
285850.66278523486,2756182.0586778526,20.278346368380628
267976.2037248322,2756419.672489933,20.13433873062715
268434.52318791946,2756419.672489933,20.142316128075315
268892.8426510067,2756419.672489933,20.139563536859395
269351.16211409395,2756419.672489933,20.124848323673458
269809.4815771812,2756419.672489933,20.097537197142852
270267.80104026844,2756419.672489933,20.05793054262839
270726.1205033557,2756419.672489933,20.00752229391918
271184.43996644294,2756419.672489933,19.949056729693975
271642.7594295302,2756419.672489933,19.886289940287043
272101.0788926174,2756419.672489933,19.823469363288783
272559.3983557047,2756419.672489933,19.764670656282327
273017.7178187919,2756419.672489933,19.713199964870682
273476.03728187917,2756419.672489933,19.671235803621908
273934.3567449664,2756419.672489933,19.6397716116412
274392.67620805366,2756419.672489933,19.61880005297319
274850.9956711409,2756419.672489933,19.60761719845366
275309.3151342282,2756419.672489933,19.605131837385958
275767.63459731545,2756419.672489933,19.61011163728921
276225.9540604027,2756419.672489933,19.62134593562577
276684.27352348994,2756419.672489933,19.63773498008585
277142.5929865772,2756419.672489933,19.658326569536147
277600.91244966444,2756419.672489933,19.682320551744912
278059.2319127517,2756419.672489933,19.70905658861202
278517.5513758389,2756419.672489933,19.73799513906473
278975.8708389262,2756419.672489933,19.76869733963943
279434.1903020134,2756419.672489933,19.80080661473459
279892.50976510067,2756419.672489933,19.83403313753239
280350.8292281879,2756419.672489933,19.868141318650732
280809.14869127516,2756419.672489933,19.90294002401845
281267.4681543624,2756419.672489933,19.93827501592624
281725.78761744965,2756419.672489933,19.974023051518344
282184.1070805369,2756419.672489933,20.01008709460888
282642.42654362414,2756419.672489933,20.04639216430823
283100.7460067114,2756419.672489933,20.082881437779314
283559.06546979863,2756419.672489933,20.119512330917292
284017.3849328859,2756419.672489933,20.156252387988822
284475.7043959731,2756419.672489933,20.19307490826287
284934.02385906037,2756419.672489933,20.22995431540212
285392.3433221476,2756419.672489933,20.26686132852378
285850.66278523486,2756419.672489933,20.30375802174931
286308.9822483221,2756419.672489933,20.340592865678495
267976.2037248322,2756657.2863020133,20.139825691847584
268434.52318791946,2756657.2863020133,20.146927262059425
268892.8426510067,2756657.2863020133,20.142481582019787
269351.16211409395,2756657.2863020133,20.124982010285585
269809.4815771812,2756657.2863020133,20.093566584637355
270267.80104026844,2756657.2863020133,20.048449854339808
270726.1205033557,2756657.2863020133,19.991284480524342
271184.43996644294,2756657.2863020133,19.925271747651667
271642.7594295302,2756657.2863020133,19.854879246294438
272101.0788926174,2756657.2863020133,19.785171864062523
272559.3983557047,2756657.2863020133,19.720947572861228
273017.7178187919,2756657.2863020133,19.665971581288026
273476.03728187917,2756657.2863020133,19.622549650789715
273934.3567449664,2756657.2863020133,19.591511612200613
274392.67620805366,2756657.2863020133,19.572503815945584
274850.9956711409,2756657.2863020133,19.564410544212063
275309.3151342282,2756657.2863020133,19.56575021419114
275767.63459731545,2756657.2863020133,19.57496731035536
276225.9540604027,2756657.2863020133,19.59060800855724
276684.27352348994,2756657.2863020133,19.61140303473811
277142.5929865772,2756657.2863020133,19.636290037027607
277600.91244966444,2756657.2863020133,19.66440274211856
278059.2319127517,2756657.2863020133,19.69504543782301
278517.5513758389,2756657.2863020133,19.72766365241302
278975.8708389262,2756657.2863020133,19.7618165742833
279434.1903020134,2756657.2863020133,19.797153529043506
279892.50976510067,2756657.2863020133,19.83339506887999
280350.8292281879,2756657.2863020133,19.870318359622978
280809.14869127516,2756657.2863020133,19.907746178845784
281267.4681543624,2756657.2863020133,19.94553872475833
281725.78761744965,2756657.2863020133,19.98358745043862
282184.1070805369,2756657.2863020133,20.021810216283857
282642.42654362414,2756657.2863020133,20.060147165329834
283100.7460067114,2756657.2863020133,20.09855685626384
283559.06546979863,2756657.2863020133,20.13701232667612
284017.3849328859,2756657.2863020133,20.175496893067745
284475.7043959731,2756657.2863020133,20.213999612468875
284934.02385906037,2756657.2863020133,20.252510422953005
285392.3433221476,2756657.2863020133,20.291015040853804
285850.66278523486,2756657.2863020133,20.329489720918556
286308.9822483221,2756657.2863020133,20.36789598743635
286767.30171140935,2756657.2863020133,20.40617542904688
267517.88426174497,2756894.900114094,20.129990260588844
267976.2037248322,2756894.900114094,20.146930076023754
268434.52318791946,2756894.900114094,20.153564418718357
268892.8426510067,2756894.900114094,20.14780913509558
269351.16211409395,2756894.900114094,20.127803960293278
269809.4815771812,2756894.900114094,20.092359095812036
270267.80104026844,2756894.900114094,20.041513375786216
270726.1205033557,2756894.900114094,19.97704131656829
271184.43996644294,2756894.900114094,19.902654177302235
271642.7594295302,2756894.900114094,19.823675429614955
272101.0788926174,2756894.900114094,19.74617861862049
272559.3983557047,2756894.900114094,19.67585173765057
273017.7178187919,2756894.900114094,19.617006253442902
273476.03728187917,2756894.900114094,19.57206733172392
273934.3567449664,2756894.900114094,19.541625708492326
274392.67620805366,2756894.900114094,19.52488273336967
274850.9956711409,2756894.900114094,19.520224415798292
275309.3151342282,2756894.900114094,19.52572026671855
275767.63459731545,2756894.900114094,19.539460888587463
276225.9540604027,2756894.900114094,19.55973898780955
276684.27352348994,2756894.900114094,19.58511750653753
277142.5929865772,2756894.900114094,19.614431329357636
277600.91244966444,2756894.900114094,19.64675711097905
278059.2319127517,2756894.900114094,19.681372377144847
278517.5513758389,2756894.900114094,19.71771500705867
278975.8708389262,2756894.900114094,19.755347967514837
279434.1903020134,2756894.900114094,19.7939307569536
279892.50976510067,2756894.900114094,19.833197354387387
280350.8292281879,2756894.900114094,19.872939768998936
280809.14869127516,2756894.900114094,19.912996071201587
281267.4681543624,2756894.900114094,19.95324179311607
281725.78761744965,2756894.900114094,19.99358368725533
282184.1070805369,2756894.900114094,20.033954971433356
282642.42654362414,2756894.900114094,20.07431134527019
283100.7460067114,2756894.900114094,20.11462723134896
283559.06546979863,2756894.900114094,20.15489186487577
284017.3849328859,2756894.900114094,20.195105018748727
284475.7043959731,2756894.900114094,20.23527229279644
284934.02385906037,2756894.900114094,20.27540000431374
285392.3433221476,2756894.900114094,20.315489784786205
285850.66278523486,2756894.900114094,20.355533015143443
286308.9822483221,2756894.900114094,20.395505226433354
286767.30171140935,2756894.900114094,20.435360566716422
287225.6211744966,2756894.900114094,20.47502640225081
287683.9406375839,2756894.900114094,20.51439809479837
267517.88426174497,2757132.5139261745,20.138243085098193
267976.2037248322,2757132.5139261745,20.15567627394075
268434.52318791946,2757132.5139261745,20.162313163684882
268892.8426510067,2757132.5139261745,20.155711579338767
269351.16211409395,2757132.5139261745,20.133564605098584
269809.4815771812,2757132.5139261745,20.094228504388024
270267.80104026844,2757132.5139261745,20.03744217873533
270726.1205033557,2757132.5139261745,19.965040652234862
271184.43996644294,2757132.5139261745,19.88130334049008
271642.7594295302,2757132.5139261745,19.792594737779066
272101.0788926174,2757132.5139261745,19.706247816425766
272559.3983557047,2757132.5139261745,19.629056865701568
273017.7178187919,2757132.5139261745,19.56598181813582
273476.03728187917,2757132.5139261745,19.51953985809551
273934.3567449664,2757132.5139261745,19.48997053695682
274392.67620805366,2757132.5139261745,19.475898104832286
274850.9956711409,2757132.5139261745,19.475104111246193
275309.3151342282,2757132.5139261745,19.485144486962636
275767.63459731545,2757132.5139261745,19.503727579839016
276225.9540604027,2757132.5139261745,19.528888058298467
276684.27352348994,2757132.5139261745,19.55902884000804
277142.5929865772,2757132.5139261745,19.59289438222397
277600.91244966444,2757132.5139261745,19.62951689651989
278059.2319127517,2757132.5139261745,19.668158135074865
278517.5513758389,2757132.5139261745,19.708257076399253
278975.8708389262,2757132.5139261745,19.74938702517627
279434.1903020134,2757132.5139261745,19.79122233781012
279892.50976510067,2757132.5139261745,19.833513614646986
280350.8292281879,2757132.5139261745,19.8760697804282
280809.14869127516,2757132.5139261745,19.9187454714329
281267.4681543624,2757132.5139261745,19.961432299306185
281725.78761744965,2757132.5139261745,20.004052756197048
282184.1070805369,2757132.5139261745,20.04655572685758
282642.42654362414,2757132.5139261745,20.088912775519596
283100.7460067114,2757132.5139261745,20.13111458061966
283559.06546979863,2757132.5139261745,20.17316709596137
284017.3849328859,2757132.5139261745,20.215087211774094
284475.7043959731,2757132.5139261745,20.256897857189557
284934.02385906037,2757132.5139261745,20.29862261148934
285392.3433221476,2757132.5139261745,20.34027996622775
285850.66278523486,2757132.5139261745,20.3818774048265
286308.9822483221,2757132.5139261745,20.42340545041965
286767.30171140935,2757132.5139261745,20.464831792393824
287225.6211744966,2757132.5139261745,20.50609555467149
287683.9406375839,2757132.5139261745,20.547101730066494
288142.26010067115,2757132.5139261745,20.587715787339604
267517.88426174497,2757370.127738255,20.14766479071347
267976.2037248322,2757370.127738255,20.166053400800966
268434.52318791946,2757370.127738255,20.17322927172181
268892.8426510067,2757370.127738255,20.166339951557312
269351.16211409395,2757370.127738255,20.142525844231038
269809.4815771812,2757370.127738255,20.099530070074145
270267.80104026844,2757370.127738255,20.036619619823977
270726.1205033557,2757370.127738255,19.955590123344432
271184.43996644294,2757370.127738255,19.861349036021952
271642.7594295302,2757370.127738255,19.761540286798102
272101.0788926174,2757370.127738255,19.665088303342475
272559.3983557047,2757370.127738255,19.580175347119038
273017.7178187919,2757370.127738255,19.512528859621646
273476.03728187917,2757370.127738255,19.464699429511295
273934.3567449664,2757370.127738255,19.436411923760964
274392.67620805366,2757370.127738255,19.42553901525515
274850.9956711409,2757370.127738255,19.429130420711875
275309.3151342282,2757370.127738255,19.444160502534093
275767.63459731545,2757370.127738255,19.46793301352792
276225.9540604027,2757370.127738255,19.49822860359705
276684.27352348994,2757370.127738255,19.533305605183195
277142.5929865772,2757370.127738255,19.57183607639135
277600.91244966444,2757370.127738255,19.61282419215247
278059.2319127517,2757370.127738255,19.655529227884298
278517.5513758389,2757370.127738255,19.6994013082312
278975.8708389262,2757370.127738255,19.7440312832945
279434.1903020134,2757370.127738255,19.78911329959817
279892.50976510067,2757370.127738255,19.834417782112006
280350.8292281879,2757370.127738255,19.879772517425998
280809.14869127516,2757370.127738255,19.92504978629324
281267.4681543624,2757370.127738255,19.97015780627055
281725.78761744965,2757370.127738255,20.0150350353047
282184.1070805369,2757370.127738255,20.05964614645329
282642.42654362414,2757370.127738255,20.103978727392388
283100.7460067114,2757370.127738255,20.148040000051694
283559.06546979863,2757370.127738255,20.19185309761086
284017.3849328859,2757370.127738255,20.23545266621588
284475.7043959731,2757370.127738255,20.27887975655748
284934.02385906037,2757370.127738255,20.32217611573282
285392.3433221476,2757370.127738255,20.36537807117203
285850.66278523486,2757370.127738255,20.408510217339348
286308.9822483221,2757370.127738255,20.451579085747476
286767.30171140935,2757370.127738255,20.49456691995027
287225.6211744966,2757370.127738255,20.53742561132367
287683.9406375839,2757370.127738255,20.58007079734281
288142.26010067115,2757370.127738255,20.622376095639698
288600.5795637584,2757370.127738255,20.664167453873034
267059.5647986577,2757607.7415503357,20.12961475967733
267517.88426174497,2757607.7415503357,20.158165215190863
267976.2037248322,2757607.7415503357,20.17800588810843
268434.52318791946,2757607.7415503357,20.18632677026552
268892.8426510067,2757607.7415503357,20.179819125323995
269351.16211409395,2757607.7415503357,20.154954335911388
269809.4815771812,2757607.7415503357,20.10866387412948
270267.80104026844,2757607.7415503357,20.03950494370343
270726.1205033557,2757607.7415503357,19.94907386252722
271184.43996644294,2757607.7415503357,19.84296080465609
271642.7594295302,2757607.7415503357,19.73039793536245
272101.0788926174,2757607.7415503357,19.62234537102639
272559.3983557047,2757607.7415503357,19.528743960703828
273017.7178187919,2757607.7415503357,19.45622544648918
273476.03728187917,2757607.7415503357,19.407265420987816
273934.3567449664,2757607.7415503357,19.380838101848102
274392.67620805366,2757607.7415503357,19.373837155806882
274850.9956711409,2757607.7415503357,19.382432251925152
275309.3151342282,2757607.7415503357,19.40295014191661
275767.63459731545,2757607.7415503357,19.43227894445963
276225.9540604027,2757607.7415503357,19.467961350136516
276684.27352348994,2757607.7415503357,19.508135923526044
277142.5929865772,2757607.7415503357,19.551426611087425
277600.91244966444,2757607.7415503357,19.59682972771782
278059.2319127517,2757607.7415503357,19.643617442126157
278517.5513758389,2757607.7415503357,19.691262085307923
278975.8708389262,2757607.7415503357,19.73937964820219
279434.1903020134,2757607.7415503357,19.787689033978737
279892.50976510067,2757607.7415503357,19.83598353883332
280350.8292281879,2757607.7415503357,19.884111505191893
280809.14869127516,2757607.7415503357,19.931963646232067
281267.4681543624,2757607.7415503357,19.979465019412142
281725.78761744965,2757607.7415503357,20.026570005826503
282184.1070805369,2757607.7415503357,20.07325896091357
282642.42654362414,2757607.7415503357,20.119535480132715
283100.7460067114,2757607.7415503357,20.165423499018214
283559.06546979863,2757607.7415503357,20.210963727272865
284017.3849328859,2757607.7415503357,20.256209186575994
284475.7043959731,2757607.7415503357,20.301219854053116
284934.02385906037,2757607.7415503357,20.34605658074675
285392.3433221476,2757607.7415503357,20.39077454185887
285850.66278523486,2757607.7415503357,20.43541648545225
286308.9822483221,2757607.7415503357,20.480005996662797
286767.30171140935,2757607.7415503357,20.52454091175102
287225.6211744966,2757607.7415503357,20.568986927552107
287683.9406375839,2757607.7415503357,20.61327137919156
288142.26010067115,2757607.7415503357,20.657277117654157
288600.5795637584,2757607.7415503357,20.700836418621364
289058.89902684564,2757607.7415503357,20.74372490155213
289517.2184899329,2757607.7415503357,20.785655539249387
267059.5647986577,2757845.3553624162,20.139184294057888
267517.88426174497,2757845.3553624162,20.169607190592288
267976.2037248322,2757845.3553624162,20.19142239277341
268434.52318791946,2757845.3553624162,20.201562334839863
268892.8426510067,2757845.3553624162,20.19623043984063
269351.16211409395,2757845.3553624162,20.17110905320117
269809.4815771812,2757845.3553624162,20.122075422897225
270267.80104026844,2757845.3553624162,20.04664908180712
270726.1205033557,2757845.3553624162,19.945974194004947
271184.43996644294,2757845.3553624162,19.82636032280308
271642.7594295302,2757845.3553624162,19.69903069958263
272101.0788926174,2757845.3553624162,19.577581953196468
272559.3983557047,2757845.3553624162,19.47420626882851
273017.7178187919,2757845.3553624162,19.396593177671967
273476.03728187917,2757845.3553624162,19.346955640585048
273934.3567449664,2757845.3553624162,19.32317902521104
274392.67620805366,2757845.3553624162,19.320886160429712
274850.9956711409,2757845.3553624162,19.335201601895754
275309.3151342282,2757845.3553624162,19.36174919385452
275767.63459731545,2757845.3553624162,19.397008736739927
276225.9540604027,2757845.3553624162,19.43831692743788
276684.27352348994,2757845.3553624162,19.48372825249488
277142.5929865772,2757845.3553624162,19.53184931255797
277600.91244966444,2757845.3553624162,19.581692201095617
278059.2319127517,2757845.3553624162,19.63255897838854
278517.5513758389,2757845.3553624162,19.68395583866479
278975.8708389262,2757845.3553624162,19.735531559705557
279434.1903020134,2757845.3553624162,19.7870345464471
279892.50976510067,2757845.3553624162,19.838283667375244
280350.8292281879,2757845.3553624162,19.88914912340211
280809.14869127516,2757845.3553624162,19.93954045402045
281267.4681543624,2757845.3553624162,19.989399420586523
281725.78761744965,2757845.3553624162,20.038695958264032
282184.1070805369,2757845.3553624162,20.087425730999172
282642.42654362414,2757845.3553624162,20.135608126489803
283100.7460067114,2757845.3553624162,20.183283834628156
283559.06546979863,2757845.3553624162,20.230511474345114
284017.3849328859,2757845.3553624162,20.27736305019661
284475.7043959731,2757845.3553624162,20.323918293421492
284934.02385906037,2757845.3553624162,20.370258135336737
285392.3433221476,2757845.3553624162,20.416457653667393
285850.66278523486,2757845.3553624162,20.462578828705688
286308.9822483221,2757845.3553624162,20.508663370496308
286767.30171140935,2757845.3553624162,20.554725765103083
287225.6211744966,2757845.3553624162,20.600746571137062
287683.9406375839,2757845.3553624162,20.646665903003555
288142.26010067115,2757845.3553624162,20.692376981120486
288600.5795637584,2757845.3553624162,20.737719620831857
289058.89902684564,2757845.3553624162,20.782473576874388
289517.2184899329,2757845.3553624162,20.826351765535836
289975.53795302013,2757845.3553624162,20.868993560917634
267059.5647986577,2758082.969174497,20.149135076113815
267517.88426174497,2758082.969174497,20.18180002492658
267976.2037248322,2758082.969174497,20.206123331078473
268434.52318791946,2758082.969174497,20.218815604750194
268892.8426510067,2758082.969174497,20.215586971117943
269351.16211409395,2758082.969174497,20.191220058354862
269809.4815771812,2758082.969174497,20.14025089600065
270267.80104026844,2758082.969174497,20.058712326862885
270726.1205033557,2758082.969174497,19.946899767597372
271184.43996644294,2758082.969174497,19.81183796447477
271642.7594295302,2758082.969174497,19.66727121406026
272101.0788926174,2758082.969174497,19.530253801763077
272559.3983557047,2758082.969174497,19.41589133035972
273017.7178187919,2758082.969174497,19.333096581456275
273476.03728187917,2758082.969174497,19.283506095855948
273934.3567449664,2758082.969174497,19.263434203610267
274392.67620805366,2758082.969174497,19.266866384909818
274850.9956711409,2758082.969174497,19.287710769029992
275309.3151342282,2758082.969174497,19.320857364560595
275767.63459731545,2758082.969174497,19.362412122552037
276225.9540604027,2758082.969174497,19.409557464119757
276684.27352348994,2758082.969174497,19.460311281458758
277142.5929865772,2758082.969174497,19.513299730978577
277600.91244966444,2758082.969174497,19.56757707891154
278059.2319127517,2758082.969174497,19.62249321415363
278517.5513758389,2758082.969174497,19.677599893577742
278975.8708389262,2758082.969174497,19.732585968889737
279434.1903020134,2758082.969174497,19.787233579131563
279892.50976510067,2758082.969174497,19.841389315279027
280350.8292281879,2758082.969174497,19.894946001674413
280809.14869127516,2758082.969174497,19.947831897037354
281267.4681543624,2758082.969174497,20.000004880866655
281725.78761744965,2758082.969174497,20.051449687723686
282184.1070805369,2758082.969174497,20.102176606840306
282642.42654362414,2758082.969174497,20.152220377878585
283100.7460067114,2758082.969174497,20.201638346775123
283559.06546979863,2758082.969174497,20.250507312659625
284017.3849328859,2758082.969174497,20.298918869011523
284475.7043959731,2758082.969174497,20.34697336602472
284934.02385906037,2758082.969174497,20.394772844993035
285392.3433221476,2758082.969174497,20.4424133924023
285850.66278523486,2758082.969174497,20.489977337851965
286308.9822483221,2758082.969174497,20.537525609582765
286767.30171140935,2758082.969174497,20.585090409691524
287225.6211744966,2758082.969174497,20.63266822014187
287683.9406375839,2758082.969174497,20.680213030386536
288142.26010067115,2758082.969174497,20.727629604487642
288600.5795637584,2758082.969174497,20.77476658757554
289058.89902684564,2758082.969174497,20.821409292672577
289517.2184899329,2758082.969174497,20.867272115767353
289975.53795302013,2758082.969174497,20.911990711053807
290433.8574161074,2758082.969174497,20.95511433568152
266601.2453355705,2758320.5829865774,20.11857340172961
267059.5647986577,2758320.5829865774,20.15924983934596
267517.88426174497,2758320.5829865774,20.194493884652722
267976.2037248322,2758320.5829865774,20.22184778469825
268434.52318791946,2758320.5829865774,20.237865378831028
268892.8426510067,2758320.5829865774,20.237799403521453
269351.16211409395,2758320.5829865774,20.21545402380753
269809.4815771812,2758320.5829865774,20.16370246005506
270267.80104026844,2758320.5829865774,20.07648268731427
270726.1205033557,2758320.5829865774,19.95262175456689
271184.43996644294,2758320.5829865774,19.79977467439217
271642.7594295302,2758320.5829865774,19.634911708105676
272101.0788926174,2758320.5829865774,19.479677045046625
272559.3983557047,2758320.5829865774,19.352988799967108
273017.7178187919,2758320.5829865774,19.265149621990137
273476.03728187917,2758320.5829865774,19.216704272836814
273934.3567449664,2758320.5829865774,19.201712132631002
274392.67620805366,2758320.5829865774,19.212075814686486
274850.9956711409,2758320.5829865774,19.240331222858924
275309.3151342282,2758320.5829865774,19.280647572639143
275767.63459731545,2758320.5829865774,19.328828534760184
276225.9540604027,2758320.5829865774,19.381976760025186
276684.27352348994,2758320.5829865774,19.43813267253516
277142.5929865772,2758320.5829865774,19.495983884681046
277600.91244966444,2758320.5829865774,19.554654798056635
278059.2319127517,2758320.5829865774,19.613561056540842
278517.5513758389,2758320.5829865774,19.67231103846459
278975.8708389262,2758320.5829865774,19.73064012981402
279434.1903020134,2758320.5829865774,19.78836760905207
279892.50976510067,2758320.5829865774,19.845369176971246
280350.8292281879,2758320.5829865774,19.901560361703275
280809.14869127516,2758320.5829865774,19.956887427046254
281267.4681543624,2758320.5829865774,20.011323255708987
281725.78761744965,2758320.5829865774,20.06486618194575
282184.1070805369,2758320.5829865774,20.11754008622382
282642.42654362414,2758320.5829865774,20.16939437143027
283100.7460067114,2758320.5829865774,20.22050279534969
283559.06546979863,2758320.5829865774,20.270960553810724
284017.3849328859,2758320.5829865774,20.320879450375926
284475.7043959731,2758320.5829865774,20.370381375763188
284934.02385906037,2758320.5829865774,20.41959058147276
285392.3433221476,2758320.5829865774,20.468625331277444
285850.66278523486,2758320.5829865774,20.51758946223159
286308.9822483221,2758320.5829865774,20.566564230591812
286767.30171140935,2758320.5829865774,20.615600617700697
287225.6211744966,2758320.5829865774,20.6647120789984
287683.9406375839,2758320.5829865774,20.71386757003731
288142.26010067115,2758320.5829865774,20.762984592504623
288600.5795637584,2758320.5829865774,20.81192197507716
289058.89902684564,2758320.5829865774,20.860472139769804
289517.2184899329,2758320.5829865774,20.90835270986944
289975.53795302013,2758320.5829865774,20.955197504656155
290433.8574161074,2758320.5829865774,21.000547262101502
290892.1768791946,2758320.5829865774,21.04384086163421
291350.49634228187,2758320.5829865774,21.084408406156694
266601.2453355705,2758558.196798658,20.12632070430306
267059.5647986577,2758558.196798658,20.169271298723135
267517.88426174497,2758558.196798658,20.207376187044968
267976.2037248322,2758558.196798658,20.238241176294498
268434.52318791946,2758558.196798658,20.258362472352914
268892.8426510067,2758558.196798658,20.262630588665118
269351.16211409395,2758558.196798658,20.243860133735332
269809.4815771812,2758558.196798658,20.192935700977277
270267.80104026844,2758558.196798658,20.100891938704088
270726.1205033557,2758558.196798658,19.96411954026224
271184.43996644294,2758558.196798658,19.790669909109706
271642.7594295302,2758558.196798658,19.601691217733922
272101.0788926174,2758558.196798658,19.424986823231702
272559.3983557047,2758558.196798658,19.28452150748207
273017.7178187919,2758558.196798658,19.192136137658117
273476.03728187917,2758558.196798658,19.146443577163446
273934.3567449664,2758558.196798658,19.138284907953242
274392.67620805366,2758558.196798658,19.156967083515624
274850.9956711409,2758558.196798658,19.193552768678924
275309.3151342282,2758558.196798658,19.241573251630886
275767.63459731545,2758558.196798658,19.296648110095802
276225.9540604027,2758558.196798658,19.35589851848567
276684.27352348994,2758558.196798658,19.417456384236516
277142.5929865772,2758558.196798658,19.480115532965023
277600.91244966444,2758558.196798658,19.543098322839196
278059.2319127517,2758558.196798658,19.605902874304658
278517.5513758389,2758558.196798658,19.668203820486
278975.8708389262,2758558.196798658,19.729788213505135
279434.1903020134,2758558.196798658,19.790514730630665
279892.50976510067,2758558.196798658,19.850288600779983
280350.8292281879,2758558.196798658,19.909047312389397
280809.14869127516,2758558.196798658,19.96675371274132
281267.4681543624,2758558.196798658,20.023393967099505
281725.78761744965,2758558.196798658,20.078978306048786
282184.1070805369,2758558.196798658,20.13354277527896
282642.42654362414,2758558.196798658,20.187150481483343
283100.7460067114,2758558.196798658,20.239891201076365
283559.06546979863,2758558.196798658,20.291878701635152
284017.3849328859,2758558.196798658,20.34324565630185
284475.7043959731,2758558.196798658,20.394136500605264
284934.02385906037,2758558.196798658,20.444698888944398
285392.3433221476,2758558.196798658,20.495074506461602
285850.66278523486,2758558.196798658,20.545389899625512
286308.9822483221,2758558.196798658,20.595747771762493
286767.30171140935,2758558.196798658,20.646218928265068
287225.6211744966,2758558.196798658,20.696834815794524
287683.9406375839,2758558.196798658,20.747580418545837
288142.26010067115,2758558.196798658,20.79838716562387
288600.5795637584,2758558.196798658,20.849125465557805
289058.89902684564,2758558.196798658,20.8995965134205
289517.2184899329,2758558.196798658,20.949523116498934
289975.53795302013,2758558.196798658,20.998539472355304
290433.8574161074,2758558.196798658,21.046180139364065
290892.1768791946,2758558.196798658,21.09186890676923
291350.49634228187,2758558.196798658,21.134908941622765
291808.8158053691,2758558.196798658,21.174476481802618
266142.92587248323,2758795.8106107386,20.085639361018046
266601.2453355705,2758795.8106107386,20.13359242078961
267059.5647986577,2758795.8106107386,20.178905417785334
267517.88426174497,2758795.8106107386,20.22007144689706
267976.2037248322,2758795.8106107386,20.2548459809317
268434.52318791946,2758795.8106107386,20.279801498011732
268892.8426510067,2758795.8106107386,20.289637904119058
269351.16211409395,2758795.8106107386,20.27628778266955
269809.4815771812,2758795.8106107386,20.228385370491978
270267.80104026844,2758795.8106107386,20.133022809171948
270726.1205033557,2758795.8106107386,19.982636217587807
271184.43996644294,2758795.8106107386,19.785174443132963
271642.7594295302,2758795.8106107386,19.567280949233094
272101.0788926174,2758795.8106107386,19.365087356735824
272559.3983557047,2758795.8106107386,19.209318772071313
273017.7178187919,2758795.8106107386,19.113456639006262
273476.03728187917,2758795.8106107386,19.072810404350918
273934.3567449664,2758795.8106107386,19.073661498780858
274392.67620805366,2758795.8106107386,19.10218906285826
274850.9956711409,2758795.8106107386,19.148000486077123
275309.3151342282,2758795.8106107386,19.20417178886307
275767.63459731545,2758795.8106107386,19.26630929358859
276225.9540604027,2758795.8106107386,19.331672115078476
276684.27352348994,2758795.8106107386,19.398558355332106
277142.5929865772,2758795.8106107386,19.465912402003283
277600.91244966444,2758795.8106107386,19.533080046947628
278059.2319127517,2758795.8106107386,19.59965602270311
278517.5513758389,2758795.8106107386,19.665388587710645
278975.8708389262,2758795.8106107386,19.73011976294099
279434.1903020134,2758795.8106107386,19.793748437586366
279892.50976510067,2758795.8106107386,19.856208632494656
280350.8292281879,2758795.8106107386,19.917458106469834
280809.14869127516,2758795.8106107386,19.97747407161449
281267.4681543624,2758795.8106107386,20.036253578061153
281725.78761744965,2758795.8106107386,20.093816488592136
282184.1070805369,2758795.8106107386,20.150209155367364
282642.42654362414,2758795.8106107386,20.205507138249217
283100.7460067114,2758795.8106107386,20.259815691356437
283559.06546979863,2758795.8106107386,20.31326730780303
284017.3849328859,2758795.8106107386,20.366016259868054
284475.7043959731,2758795.8106107386,20.418230648782945
284934.02385906037,2758795.8106107386,20.470082844621547
285392.3433221476,2758795.8106107386,20.52173928952149
285850.66278523486,2758795.8106107386,20.57335048773984
286308.9822483221,2758795.8106107386,20.62504170830024
286767.30171140935,2758795.8106107386,20.67690458780245
287225.6211744966,2758795.8106107386,20.7289895237793
287683.9406375839,2758795.8106107386,20.781298533807405
288142.26010067115,2758795.8106107386,20.833778129801907
288600.5795637584,2758795.8106107386,20.886311710735576
289058.89902684564,2758795.8106107386,20.93871099966789
289517.2184899329,2758795.8106107386,20.99070614258894
289975.53795302013,2758795.8106107386,21.04193426523699
290433.8574161074,2758795.8106107386,21.091926588837843
290892.1768791946,2758795.8106107386,21.14009469551118
291350.49634228187,2758795.8106107386,21.185717278324525
291808.8158053691,2758795.8106107386,21.227929764650124
292267.13526845636,2758795.8106107386,21.26572055272762
266142.92587248323,2759033.4244228187,20.09041823800011
266601.2453355705,2759033.4244228187,20.14014885182245
267059.5647986577,2759033.4244228187,20.187828098563315
267517.88426174497,2759033.4244228187,20.232146268133448
267976.2037248322,2759033.4244228187,20.271098745669615
268434.52318791946,2759033.4244228187,20.301496197113934
268892.8426510067,2759033.4244228187,20.318105410432977
269351.16211409395,2759033.4244228187,20.312265758378395
269809.4815771812,2759033.4244228187,20.27029536176419
270267.80104026844,2759033.4244228187,20.174093465566525
270726.1205033557,2759033.4244228187,20.009740850129937
271184.43996644294,2759033.4244228187,19.78412031201217
271642.7594295302,2759033.4244228187,19.53127269941011
272101.0788926174,2759033.4244228187,19.298599064290602
272559.3983557047,2759033.4244228187,19.12599798141588
273017.7178187919,2759033.4244228187,19.028624430104756
273476.03728187917,2759033.4244228187,18.9962203391829
273934.3567449664,2759033.4244228187,19.008681320937093
274392.67620805366,2759033.4244228187,19.048628666321626
274850.9956711409,2759033.4244228187,19.104445385765743
275309.3151342282,2759033.4244228187,19.169061715835273
275767.63459731545,2759033.4244228187,19.238291912522946
276225.9540604027,2759033.4244228187,19.30966545122889
276684.27352348994,2759033.4244228187,19.381720412081783
277142.5929865772,2759033.4244228187,19.453591355209813
277600.91244966444,2759033.4244228187,19.524768074891583
278059.2319127517,2759033.4244228187,19.594952003961797
278517.5513758389,2759033.4244228187,19.66396931571167
278975.8708389262,2759033.4244228187,19.731718018548868
279434.1903020134,2759033.4244228187,19.798136325646247
279892.50976510067,2759033.4244228187,19.863185010398453
280350.8292281879,2759033.4244228187,19.926839368990876
280809.14869127516,2759033.4244228187,19.989087888647873
281267.4681543624,2759033.4244228187,20.0499353654657
281725.78761744965,2759033.4244228187,20.109408413972602
282184.1070805369,2759033.4244228187,20.16756136028319
282642.42654362414,2759033.4244228187,20.224480656487614
283100.7460067114,2759033.4244228187,20.280286352302515
283559.06546979863,2759033.4244228187,20.33512982796658
284017.3849328859,2759033.4244228187,20.38918779682723
284475.7043959731,2759033.4244228187,20.442653306876576
284934.02385906037,2759033.4244228187,20.49572491103492
285392.3433221476,2759033.4244228187,20.5485952544717
285850.66278523486,2759033.4244228187,20.601440096039823
286308.9822483221,2759033.4244228187,20.65440837592563
286767.30171140935,2759033.4244228187,20.707613507653406
287225.6211744966,2759033.4244228187,20.761125710097247
287683.9406375839,2759033.4244228187,20.81496494586436
288142.26010067115,2759033.4244228187,20.86909389365727
288600.5795637584,2759033.4244228187,20.923410331495553
289058.89902684564,2759033.4244228187,20.9777383241535
289517.2184899329,2759033.4244228187,21.031817686831317
289975.53795302013,2759033.4244228187,21.085291356759342
290433.8574161074,2759033.4244228187,21.13769059228738
290892.1768791946,2759033.4244228187,21.188418411924022
291350.49634228187,2759033.4244228187,21.236732485060546
291808.8158053691,2759033.4244228187,21.281729895407693
292267.13526845636,2759033.4244228187,21.322337867151425
292725.4547315436,2759033.4244228187,21.35731655555257
293183.77419463085,2759033.4244228187,21.38528189734395
266142.92587248323,2759271.0382348993,20.09434031414783
266601.2453355705,2759271.0382348993,20.145743885578224
267059.5647986577,2759271.0382348993,20.195695837484653
267517.88426174497,2759271.0382348993,20.243121179358255
267976.2037248322,2759271.0382348993,20.28633758584893
268434.52318791946,2759271.0382348993,20.32256621282232
268892.8426510067,2759271.0382348993,20.346974053347992
269351.16211409395,2759271.0382348993,20.350833997118208
269809.4815771812,2759271.0382348993,20.318500884262573
270267.80104026844,2759271.0382348993,20.22538984385198
270726.1205033557,2759271.0382348993,20.047386333760873
271184.43996644294,2759271.0382348993,19.788521029617502
271642.7594295302,2759271.0382348993,19.49318707412335
272101.0788926174,2759271.0382348993,19.223822674064184
272559.3983557047,2759271.0382348993,19.032970242570492
273017.7178187919,2759271.0382348993,18.937454654759975
273476.03728187917,2759271.0382348993,18.917625041312668
273934.3567449664,2759271.0382348993,18.94462403277685
274392.67620805366,2759271.0382348993,18.997443956177232
274850.9956711409,2759271.0382348993,19.063803018438655
275309.3151342282,2759271.0382348993,19.136930970932216
275767.63459731545,2759271.0382348993,19.21310471933999
276225.9540604027,2759271.0382348993,19.290254623190965
276684.27352348994,2759271.0382348993,19.36722240082658
277142.5929865772,2759271.0382348993,19.443362589438237
277600.91244966444,2759271.0382348993,19.51832197225908
278059.2319127517,2759271.0382348993,19.591913338303613
278517.5513758389,2759271.0382348993,19.664041275148286
278975.8708389262,2759271.0382348993,19.734658154336653
279434.1903020134,2759271.0382348993,19.803738743261555
279892.50976510067,2759271.0382348993,19.87126712958639
280350.8292281879,2759271.0382348993,19.93723230922859
280809.14869127516,2759271.0382348993,20.001630029813935
281267.4681543624,2759271.0382348993,20.064468897315077
281725.78761744965,2759271.0382348993,20.12577872637891
282184.1070805369,2759271.0382348993,20.185618968052285
282642.42654362414,2759271.0382348993,20.244085077026046
283100.7460067114,2759271.0382348993,20.30131108780866
283559.06546979863,2759271.0382348993,20.357467477195442
284017.3849328859,2759271.0382348993,20.412754409450645
284475.7043959731,2759271.0382348993,20.467391375958922
284934.02385906037,2759271.0382348993,20.521604776152365
285392.3433221476,2759271.0382348993,20.57561503642168
285850.66278523486,2759271.0382348993,20.629624516166377
286308.9822483221,2759271.0382348993,20.68380690227358
286767.30171140935,2759271.0382348993,20.73829824029133
287225.6211744966,2759271.0382348993,20.793189314696914
287683.9406375839,2759271.0382348993,20.848518810040193
288142.26010067115,2759271.0382348993,20.904266540181084
288600.5795637584,2759271.0382348993,20.96034598384532
289058.89902684564,2759271.0382348993,21.016595377086702
289517.2184899329,2759271.0382348993,21.072766674940826
289975.53795302013,2759271.0382348993,21.128511823988166
290433.8574161074,2759271.0382348993,21.18336603909783
290892.1768791946,2759271.0382348993,21.236728246537595
291350.49634228187,2759271.0382348993,21.287839678951165
291808.8158053691,2759271.0382348993,21.33576294967532
292267.13526845636,2759271.0382348993,21.379365931982495
292725.4547315436,2759271.0382348993,21.417317403127768
293183.77419463085,2759271.0382348993,21.44810426347655
293642.0936577181,2759271.0382348993,21.470082057078635
265684.606409396,2759508.65204698,20.04401151984958
266142.92587248323,2759508.65204698,20.09723511752733
266601.2453355705,2759508.65204698,20.150135300136416
267059.5647986577,2759508.65204698,20.20216050427416
267517.88426174497,2759508.65204698,20.252490595229343
267976.2037248322,2759508.65204698,20.299824625747213
268434.52318791946,2759508.65204698,20.341946789740526
268892.8426510067,2759508.65204698,20.374789438567653
269351.16211409395,2759508.65204698,20.390330543666728
269809.4815771812,2759508.65204698,20.37204138045366
270267.80104026844,2759508.65204698,20.288078770070854
270726.1205033557,2759508.65204698,20.097933245348194
271184.43996644294,2759508.65204698,19.79946267551661
271642.7594295302,2759508.65204698,19.45255084408753
272101.0788926174,2759508.65204698,19.138777519763597
272559.3983557047,2759508.65204698,18.92850275035535
273017.7178187919,2759508.65204698,18.84043194378744
273476.03728187917,2759508.65204698,18.838810907047304
273934.3567449664,2759508.65204698,18.883318273698702
274392.67620805366,2759508.65204698,18.95007339530274
274850.9956711409,2759508.65204698,19.027112949440806
275309.3151342282,2759508.65204698,19.108513770344732
275767.63459731545,2759508.65204698,19.191266822325236
276225.9540604027,2759508.65204698,19.27381044867112
276684.27352348994,2759508.65204698,19.355332738077472
277142.5929865772,2759508.65204698,19.435423046367788
277600.91244966444,2759508.65204698,19.51388813381495
278059.2319127517,2759508.65204698,19.590650253192425
278517.5513758389,2759508.65204698,19.665688614638363
278975.8708389262,2759508.65204698,19.739005474191448
279434.1903020134,2759508.65204698,19.81060742217563
279892.50976510067,2759508.65204698,19.88049699530582
280350.8292281879,2759508.65204698,19.94867192811034
280809.14869127516,2759508.65204698,20.01513025819731
281267.4681543624,2759508.65204698,20.079879620428336
281725.78761744965,2759508.65204698,20.142948750473472
282184.1070805369,2759508.65204698,20.204398811661928
282642.42654362414,2759508.65204698,20.264332023834005
283100.7460067114,2759508.65204698,20.32289548597045
283559.06546979863,2759508.65204698,20.38027908243957
284017.3849328859,2759508.65204698,20.436707678363707
284475.7043959731,2759508.65204698,20.492428990649156
284934.02385906037,2759508.65204698,20.54769917643576
285392.3433221476,2759508.65204698,20.602768178001565
285850.66278523486,2759508.65204698,20.657866348663028
286308.9822483221,2759508.65204698,20.713193145551713
286767.30171140935,2759508.65204698,20.76890797519067
287225.6211744966,2759508.65204698,20.825122762226243
287683.9406375839,2759508.65204698,20.881895507137685
288142.26010067115,2759508.65204698,20.939223960234603
288600.5795637584,2759508.65204698,20.997038501637704
289058.89902684564,2759508.65204698,21.055193329099986
289517.2184899329,2759508.65204698,21.11345509667656
289975.53795302013,2759508.65204698,21.17148823397935
290433.8574161074,2759508.65204698,21.22883636799325
290892.1768791946,2759508.65204698,21.284899679401626
291350.49634228187,2759508.65204698,21.338908827367003
291808.8158053691,2759508.65204698,21.389897505799638
292267.13526845636,2759508.65204698,21.436678004466664
292725.4547315436,2759508.65204698,21.477827475868413
293183.77419463085,2759508.65204698,21.511696663641295
293642.0936577181,2759508.65204698,21.53645640284198
294100.41312080534,2759508.65204698,21.550197567803227
265684.606409396,2759746.2658590605,20.044827011709838
266142.92587248323,2759746.2658590605,20.09894652394316
266601.2453355705,2759746.2658590605,20.153096624643666
267059.5647986577,2759746.2658590605,20.206887798592774
267517.88426174497,2759746.2658590605,20.259751173483366
267976.2037248322,2759746.2658590605,20.310786838889822
268434.52318791946,2759746.2658590605,20.358435054465346
268892.8426510067,2759746.2658590605,20.39970302097682
269351.16211409395,2759746.2658590605,20.428173206300027
269809.4815771812,2759746.2658590605,20.428496893516943
270267.80104026844,2759746.2658590605,20.36272758137307
270726.1205033557,2759746.2658590605,20.164066874446014
271184.43996644294,2759746.2658590605,19.817672215201743
271642.7594295302,2759746.2658590605,19.409173641776135
272101.0788926174,2759746.2658590605,19.041471124810148
272559.3983557047,2759746.2658590605,18.81091192952734
273017.7178187919,2759746.2658590605,18.73942830345794
273476.03728187917,2759746.2658590605,18.762786415220283
273934.3567449664,2759746.2658590605,18.827207306703517
274392.67620805366,2759746.2658590605,18.908199735834238
274850.9956711409,2759746.2658590605,18.995492150150373
275309.3151342282,2759746.2658590605,19.0845546857273
275767.63459731545,2759746.2658590605,19.173283192924746
276225.9540604027,2759746.2658590605,19.260682328260554
276684.27352348994,2759746.2658590605,19.346297797028065
277142.5929865772,2759746.2658590605,19.429949343666497
277600.91244966444,2759746.2658590605,19.511594976767505
278059.2319127517,2759746.2658590605,19.591257328011547
278517.5513758389,2759746.2658590605,19.668981948150922
278975.8708389262,2759746.2658590605,19.744813625106886
279434.1903020134,2759746.2658590605,19.818784122691497
279892.50976510067,2759746.2658590605,19.89090818567818
280350.8292281879,2759746.2658590605,19.961186232583316
280809.14869127516,2759746.2658590605,20.02961265955802
281267.4681543624,2759746.2658590605,20.096188463675016
281725.78761744965,2759746.2658590605,20.16093623360156
282184.1070805369,2759746.2658590605,20.22391481294114
282642.42654362414,2759746.2658590605,20.28523057910057
283100.7460067114,2759746.2658590605,20.345042692403016
283559.06546979863,2759746.2658590605,20.403560928423694
284017.3849328859,2759746.2658590605,20.461036436453888
284475.7043959731,2759746.2658590605,20.517747314287192
284934.02385906037,2759746.2658590605,20.57398169661013
285392.3433221476,2759746.2658590605,20.630020958876294
285850.66278523486,2759746.2658590605,20.686124883254333
286308.9822483221,2759746.2658590605,20.74251963961808
286767.30171140935,2759746.2658590605,20.799388555273747
287225.6211744966,2759746.2658590605,20.856865049534175
287683.9406375839,2759746.2658590605,20.91502679523051
288142.26010067115,2759746.2658590605,20.973890054857527
288600.5795637584,2759746.2658590605,21.033403126576918
289058.89902684564,2759746.2658590605,21.093437853369913
289517.2184899329,2759746.2658590605,21.1537781664412
289975.53795302013,2759746.2658590605,21.214104664940077
290433.8574161074,2759746.2658590605,21.2739743410474
290892.1768791946,2759746.2658590605,21.332794868023313
291350.49634228187,2759746.2658590605,21.38979358825669
291808.8158053691,2759746.2658590605,21.44398278046147
292267.13526845636,2759746.2658590605,21.49412534849297
292725.4547315436,2759746.2658590605,21.53870912178114
293183.77419463085,2759746.2658590605,21.575943460083053
293642.0936577181,2759746.2658590605,21.603797667569353
294100.41312080534,2759746.2658590605,21.620103583677423
294558.7325838926,2759746.2658590605,21.622738838175277
295017.05204697984,2759746.2658590605,21.6098864781569
265684.606409396,2759983.879671141,20.044562669245163
266142.92587248323,2759983.879671141,20.09934055628433
266601.2453355705,2759983.879671141,20.154429753027838
267059.5647986577,2759983.879671141,20.209578176270423
267517.88426174497,2759983.879671141,20.26443719062103
267976.2037248322,2759983.879671141,20.3184757097591
268434.52318791946,2759983.879671141,20.370784028450608
268892.8426510067,2759983.879671141,20.41957764022603
269351.16211409395,2759983.879671141,20.460759321895182
269809.4815771812,2759983.879671141,20.48296415172245
270267.80104026844,2759983.879671141,20.44798433610871
270726.1205033557,2759983.879671141,20.248403095493387
271184.43996644294,2759983.879671141,19.842261018368628
271642.7594295302,2759983.879671141,19.363908495004466
272101.0788926174,2759983.879671141,18.930865545235307
272559.3983557047,2759983.879671141,18.679106678383878
273017.7178187919,2759983.879671141,18.63909243794
273476.03728187917,2759983.879671141,18.694161299579115
273934.3567449664,2759983.879671141,18.779294347076288
274392.67620805366,2759983.879671141,18.873645057596132
274850.9956711409,2759983.879671141,18.9700583864202
275309.3151342282,2759983.879671141,19.06576067252987
275767.63459731545,2759983.879671141,19.15961553400547
276225.9540604027,2759983.879671141,19.25118043060207
276684.27352348994,2759983.879671141,19.340330782826534
277142.5929865772,2759983.879671141,19.427090636893368
277600.91244966444,2759983.879671141,19.511548215331388
278059.2319127517,2759983.879671141,19.593810253868707
278517.5513758389,2759983.879671141,19.67397604629083
278975.8708389262,2759983.879671141,19.752122888183322
279434.1903020134,2759983.879671141,19.82829932933828
279892.50976510067,2759983.879671141,19.90252484317865
280350.8292281879,2759983.879671141,19.9747954664796
280809.14869127516,2759983.879671141,20.045095082141206
281267.4681543624,2759983.879671141,20.11341146039549
281725.78761744965,2759983.879671141,20.179755113580104
282184.1070805369,2759983.879671141,20.24417784353128
282642.42654362414,2759983.879671141,20.306787178339388
283100.7460067114,2759983.879671141,20.367753288926348
283559.06546979863,2759983.879671141,20.427306591569945
284017.3849328859,2759983.879671141,20.485726556754788
284475.7043959731,2759983.879671141,20.5433243014038
284934.02385906037,2759983.879671141,20.60042253840008
285392.3433221476,2759983.879671141,20.657336202751978
285850.66278523486,2759983.879671141,20.714355969499515
286308.9822483221,2759983.879671141,20.771735544477117
286767.30171140935,2759983.879671141,20.829682514725697
287225.6211744966,2759983.879671141,20.888351871144703
287683.9406375839,2759983.879671141,20.947841017151635
288142.26010067115,2759983.879671141,21.008185012882382
288600.5795637584,2759983.879671141,21.069350835609175
289058.89902684564,2759983.879671141,21.13122946949521
289517.2184899329,2759983.879671141,21.193624630587937
289975.53795302013,2759983.879671141,21.256236895293014
290433.8574161074,2759983.879671141,21.318641994724565
290892.1768791946,2759983.879671141,21.38026219579417
291350.49634228187,2759983.879671141,21.440330249643765
291808.8158053691,2759983.879671141,21.49784673570139
292267.13526845636,2759983.879671141,21.551534328965523
292725.4547315436,2759983.879671141,21.599797235429847
293183.77419463085,2759983.879671141,21.640701183198722
293642.0936577181,2759983.879671141,21.671998137372757
294100.41312080534,2759983.879671141,21.691226693193776
294558.7325838926,2759983.879671141,21.695915901313853
295017.05204697984,2759983.879671141,21.683896423938638
295475.3715100671,2759983.879671141,21.6536743365624
265226.28694630874,2760221.4934832216,19.988615879683763
265684.606409396,2760221.4934832216,20.043147840312468
266142.92587248323,2760221.4934832216,20.09831269696283
266601.2453355705,2760221.4934832216,20.153977209708383
267059.5647986577,2760221.4934832216,20.209988257255606
267517.88426174497,2760221.4934832216,20.26615950220495
267976.2037248322,2760221.4934832216,20.322240929420694
268434.52318791946,2760221.4934832216,20.377844601918284
268892.8426510067,2760221.4934832216,20.432243722878823
269351.16211409395,2760221.4934832216,20.48373228277533
269809.4815771812,2760221.4934832216,20.52697930473231
270267.80104026844,2760221.4934832216,20.536384475418682
270726.1205033557,2760221.4934832216,20.351854691607134
271184.43996644294,2760221.4934832216,19.867883405071787
271642.7594295302,2760221.4934832216,19.320236925594926
272101.0788926174,2760221.4934832216,18.81023745836798
272559.3983557047,2760221.4934832216,18.534482758135116
273017.7178187919,2760221.4934832216,18.54926481712698
273476.03728187917,2760221.4934832216,18.639188174530194
273934.3567449664,2760221.4934832216,18.742865482347124
274392.67620805366,2760221.4934832216,18.84818349196357
274850.9956711409,2760221.4934832216,18.951826693234146
275309.3151342282,2760221.4934832216,19.052744906936095
275767.63459731545,2760221.4934832216,19.150651048640814
276225.9540604027,2760221.4934832216,19.245557686543282
276684.27352348994,2760221.4934832216,19.33760094550828
277142.5929865772,2760221.4934832216,19.42696190108525
277600.91244966444,2760221.4934832216,19.513826503326808
278059.2319127517,2760221.4934832216,19.59836287972459
278517.5513758389,2760221.4934832216,19.680707734502374
278975.8708389262,2760221.4934832216,19.76095860843395
279434.1903020134,2760221.4934832216,19.839171030989192
279892.50976510067,2760221.4934832216,19.91536071144685
280350.8292281879,2760221.4934832216,19.98951136403346
280809.14869127516,2760221.4934832216,20.061588592294527
281267.4681543624,2760221.4934832216,20.13155939128807
281725.78761744965,2760221.4934832216,20.199415314928284
282184.1070805369,2760221.4934832216,20.265195616437875
282642.42654362414,2760221.4934832216,20.329005526939508
283100.7460067114,2760221.4934832216,20.39102517459754
283559.06546979863,2760221.4934832216,20.451506754108436
284017.3849328859,2760221.4934832216,20.5107607033787
284475.7043959731,2760221.4934832216,20.56913441615822
284934.02385906037,2760221.4934832216,20.626988248774072
285392.3433221476,2760221.4934832216,20.68467305541179
285850.66278523486,2760221.4934832216,20.742511874387162
286308.9822483221,2760221.4934832216,20.800786601197164
286767.30171140935,2760221.4934832216,20.859729138924997
287225.6211744966,2760221.4934832216,20.91951578477814
287683.9406375839,2760221.4934832216,20.980263367161093
288142.26010067115,2760221.4934832216,21.0420256694499
288600.5795637584,2760221.4934832216,21.10478877482592
289058.89902684564,2760221.4934832216,21.16846402400271
289517.2184899329,2760221.4934832216,21.23287724504887
289975.53795302013,2760221.4934832216,21.297752796556022
290433.8574161074,2760221.4934832216,21.362690819494766
290892.1768791946,2760221.4934832216,21.42713604938984
291350.49634228187,2760221.4934832216,21.490336849647402
291808.8158053691,2760221.4934832216,21.55129423723865
292267.13526845636,2760221.4934832216,21.6087033176204
292725.4547315436,2760221.4934832216,21.660894764950676
293183.77419463085,2760221.4934832216,21.705792831970427
293642.0936577181,2760221.4934832216,21.740918848056666
294100.41312080534,2760221.4934832216,21.76348175834537
294558.7325838926,2760221.4934832216,21.770599612729193
295017.05204697984,2760221.4934832216,21.759670699446925
295475.3715100671,2760221.4934832216,21.72884785833827
295933.6909731543,2760221.4934832216,21.677483413236676
265226.28694630874,2760459.107295302,19.98596390835976
265684.606409396,2760459.107295302,20.040537139946068
266142.92587248323,2760459.107295302,20.095794059708876
266601.2453355705,2760459.107295302,20.15163279765188
267059.5647986577,2760459.107295302,20.20795015051265
267517.88426174497,2760459.107295302,20.26464274772453
267976.2037248322,2760459.107295302,20.321607058457626
268434.52318791946,2760459.107295302,20.378735635144274
268892.8426510067,2760459.107295302,20.435901130827578
269351.16211409395,2760459.107295302,20.492894080164092
269809.4815771812,2760459.107295302,20.54912113192976
270267.80104026844,2760459.107295302,20.600822522070896
270726.1205033557,2760459.107295302,20.46070370333176
271184.43996644294,2760459.107295302,19.881494482116548
271642.7594295302,2760459.107295302,19.285936123210206
272101.0788926174,2760459.107295302,18.70042663950054
272559.3983557047,2760459.107295302,18.391883284736007
273017.7178187919,2760459.107295302,18.48726315986256
273476.03728187917,2760459.107295302,18.604825359299706
273934.3567449664,2760459.107295302,18.720928162939472
274392.67620805366,2760459.107295302,18.833286740882365
274850.9956711409,2760459.107295302,18.94159236892159
275309.3151342282,2760459.107295302,19.045969674556495
275767.63459731545,2760459.107295302,19.146672744807553
276225.9540604027,2760459.107295302,19.243993431336232
276684.27352348994,2760459.107295302,19.338224089963262
277142.5929865772,2760459.107295302,19.429638151364593
277600.91244966444,2760459.107295302,19.51847773639376
278059.2319127517,2760459.107295302,19.604944713580657
278517.5513758389,2760459.107295302,19.689194097237387
278975.8708389262,2760459.107295302,19.77132982033158
279434.1903020134,2760459.107295302,19.851403615212885
279892.50976510067,2760459.107295302,19.92941822927339
280350.8292281879,2760459.107295302,20.00533642713408
280809.14869127516,2760459.107295302,20.079096942736264
281267.4681543624,2760459.107295302,20.150637445612055
281725.78761744965,2760459.107295302,20.21992257468116
282184.1070805369,2760459.107295302,20.28697261103927
282642.42654362414,2760459.107295302,20.351886538760628
283100.7460067114,2760459.107295302,20.414853444013882
283559.06546979863,2760459.107295302,20.476148987226864
284017.3849328859,2760459.107295302,20.5361180308732
284475.7043959731,2760459.107295302,20.595148292347034
284934.02385906037,2760459.107295302,20.65364139635726
285392.3433221476,2760459.107295302,20.71198672659114
285850.66278523486,2760459.107295302,20.770541123452357
286308.9822483221,2760459.107295302,20.82961509051353
286767.30171140935,2760459.107295302,20.889464547337532
287225.6211744966,2760459.107295302,20.950286418681028
287683.9406375839,2760459.107295302,21.012216219440713
288142.26010067115,2760459.107295302,21.07532594968731
288600.5795637584,2760459.107295302,21.13962080735211
289058.89902684564,2760459.107295302,21.205033320780938
289517.2184899329,2760459.107295302,21.27141344619699
289975.53795302013,2760459.107295302,21.33851296749569
290433.8574161074,2760459.107295302,21.405962225548237
290892.1768791946,2760459.107295302,21.473236907057615
291350.49634228187,2760459.107295302,21.53961258247057
291808.8158053691,2760459.107295302,21.604105380026414
292267.13526845636,2760459.107295302,21.66539950261853
292725.4547315436,2760459.107295302,21.721767684700307
293183.77419463085,2760459.107295302,21.77100107309566
293642.0936577181,2760459.107295302,21.81038176753859
294100.41312080534,2760459.107295302,21.836751959065303
294558.7325838926,2760459.107295302,21.84674598202929
295017.05204697984,2760459.107295302,21.837229145408617
295475.3715100671,2760459.107295302,21.80590214185059
295933.6909731543,2760459.107295302,21.751897500131395
296392.0104362416,2760459.107295302,21.676111970478495
264767.9674832215,2760696.721107383,19.9286963236438
265226.28694630874,2760696.721107383,19.98232611830388
265684.606409396,2760696.721107383,20.03671308974991
266142.92587248323,2760696.721107383,20.09175581395051
266601.2453355705,2760696.721107383,20.147349386710147
267059.5647986577,2760696.721107383,20.203385991979463
267517.88426174497,2760696.721107383,20.259754494750865
267976.2037248322,2760696.721107383,20.31633735588516
268434.52318791946,2760696.721107383,20.373000260125636
268892.8426510067,2760696.721107383,20.42955999999321
269351.16211409395,2760696.721107383,20.48567414189953
269809.4815771812,2760696.721107383,20.54033968632935
270267.80104026844,2760696.721107383,20.58752612460493
270726.1205033557,2760696.721107383,20.439417984343173
271184.43996644294,2760696.721107383,19.868439755001035
271642.7594295302,2760696.721107383,19.270738351055073
272101.0788926174,2760696.721107383,18.670402250043985
272559.3983557047,2760696.721107383,18.350894172815526
273017.7178187919,2760696.721107383,18.472799727496625
273476.03728187917,2760696.721107383,18.596383394740123
273934.3567449664,2760696.721107383,18.715464853727564
274392.67620805366,2760696.721107383,18.829859630004435
274850.9956711409,2760696.721107383,18.939823973566764
275309.3151342282,2760696.721107383,19.045697938337952
275767.63459731545,2760696.721107383,19.147835442915433
276225.9540604027,2760696.721107383,19.24658061628316
276684.27352348994,2760696.721107383,19.3422553246583
277142.5929865772,2760696.721107383,19.43515009073248
277600.91244966444,2760696.721107383,19.52551627984244
278059.2319127517,2760696.721107383,19.61355902961874
278517.5513758389,2760696.721107383,19.699431075228617
278975.8708389262,2760696.721107383,19.7832281177394
279434.1903020134,2760696.721107383,19.864986899906565
279892.50976510067,2760696.721107383,19.944687687006756
280350.8292281879,2760696.721107383,20.0222632204975
280809.14869127516,2760696.721107383,20.097616043821326
281267.4681543624,2760696.721107383,20.170644893765747
281725.78761744965,2760696.721107383,20.24127829655243
282184.1070805369,2760696.721107383,20.309510033655812
282642.42654362414,2760696.721107383,20.375428296292274
283100.7460067114,2760696.721107383,20.439230254955383
283559.06546979863,2760696.721107383,20.501217487582174
284017.3849328859,2760696.721107383,20.561773812535655
284475.7043959731,2760696.721107383,20.621332316865605
284934.02385906037,2760696.721107383,20.680340182709436
285392.3433221476,2760696.721107383,20.739228188078904
285850.66278523486,2760696.721107383,20.7983883224514
286308.9822483221,2760696.721107383,20.858159795019404
286767.30171140935,2760696.721107383,20.918821800536186
287225.6211744966,2760696.721107383,20.980590722221322
287683.9406375839,2760696.721107383,21.043619520009635
288142.26010067115,2760696.721107383,21.107997400001125
288600.5795637584,2760696.721107383,21.173748180247934
289058.89902684564,2760696.721107383,21.240825912003693
289517.2184899329,2760696.721107383,21.309106235574006
289975.53795302013,2760696.721107383,21.37837164666549
290433.8574161074,2760696.721107383,21.448288356333233
290892.1768791946,2760696.721107383,21.518371832547754
291350.49634228187,2760696.721107383,21.587937622584732
291808.8158053691,2760696.721107383,21.656034142152794
292267.13526845636,2760696.721107383,21.721355755833848
292725.4547315436,2760696.721107383,21.782139502886704
293183.77419463085,2760696.721107383,21.83606021211552
293642.0936577181,2760696.721107383,21.88015995443999
294100.41312080534,2760696.721107383,21.91087907164131
294558.7325838926,2760696.721107383,21.924284906230138
295017.05204697984,2760696.721107383,21.916583021525327
295475.3715100671,2760696.721107383,21.88488958168225
295933.6909731543,2760696.721107383,21.828041145386695
296392.0104362416,2760696.721107383,21.747063760285954
296850.3298993288,2760696.721107383,21.64502815362466
297308.64936241606,2760696.721107383,21.526365921742613
264767.9674832215,2760934.3349194634,19.92441412597021
265226.28694630874,2760934.3349194634,19.9777129660862
265684.606409396,2760934.3349194634,20.031687427861073
266142.92587248323,2760934.3349194634,20.086211397610207
266601.2453355705,2760934.3349194634,20.141142857253044
267059.5647986577,2760934.3349194634,20.196315441701657
267517.88426174497,2760934.3349194634,20.251520671326823
267976.2037248322,2760934.3349194634,20.306468924847284
268434.52318791946,2760934.3349194634,20.360697385877103
268892.8426510067,2760934.3349194634,20.41332777931655
269351.16211409395,2760934.3349194634,20.46231406319831
269809.4815771812,2760934.3349194634,20.501427342494125
270267.80104026844,2760934.3349194634,20.502428877097756
270726.1205033557,2760934.3349194634,20.310931775568815
271184.43996644294,2760934.3349194634,19.831032516749676
271642.7594295302,2760934.3349194634,19.27783986366988
272101.0788926174,2760934.3349194634,18.746265629570303
272559.3983557047,2760934.3349194634,18.46484211266301
273017.7178187919,2760934.3349194634,18.510215623427868
273476.03728187917,2760934.3349194634,18.61484312618528
273934.3567449664,2760934.3349194634,18.72682269156387
274392.67620805366,2760934.3349194634,18.83805373097743
274850.9956711409,2760934.3349194634,18.94659361679333
275309.3151342282,2760934.3349194634,19.051963211140222
275767.63459731545,2760934.3349194634,19.154151286641234
276225.9540604027,2760934.3349194634,19.25331823958255
276684.27352348994,2760934.3349194634,19.349684825175718
277142.5929865772,2760934.3349194634,19.443481576501377
277600.91244966444,2760934.3349194634,19.53492133211407
278059.2319127517,2760934.3349194634,19.62418169965654
278517.5513758389,2760934.3349194634,19.711392523933178
278975.8708389262,2760934.3349194634,19.796626805045843
279434.1903020134,2760934.3349194634,19.879895316567893
279892.50976510067,2760934.3349194634,19.961146442393
280350.8292281879,2760934.3349194634,20.0402736701013
280809.14869127516,2760934.3349194634,20.117133419471212
281267.4681543624,2760934.3349194634,20.19157475771427
281725.78761744965,2760934.3349194634,20.26347942898659
282184.1070805369,2760934.3349194634,20.33280581486983
282642.42654362414,2760934.3349194634,20.399626030480235
283100.7460067114,2760934.3349194634,20.46414467341326
283559.06546979863,2760934.3349194634,20.526692745229944
284017.3849328859,2760934.3349194634,20.587698971856952
284475.7043959731,2760934.3349194634,20.647648114045825
284934.02385906037,2760934.3349194634,20.70703797327524
285392.3433221476,2760934.3349194634,20.766343820558717
285850.66278523486,2760934.3349194634,20.82599395773857
286308.9822483221,2760934.3349194634,20.8863559660069
286767.30171140935,2760934.3349194634,20.94773103311252
287225.6211744966,2760934.3349194634,21.010353260939574
287683.9406375839,2760934.3349194634,21.07439124238342
288142.26010067115,2760934.3349194634,21.139949807119166
288600.5795637584,2760934.3349194634,21.207070312134128
289058.89902684564,2760934.3349194634,21.275728056005015
289517.2184899329,2760934.3349194634,21.345825294850187
289975.53795302013,2760934.3349194634,21.417177937440567
290433.8574161074,2760934.3349194634,21.489493312807525
290892.1768791946,2760934.3349194634,21.562335479939183
291350.49634228187,2760934.3349194634,21.635073527013187
291808.8158053691,2760934.3349194634,21.70680758208287
292267.13526845636,2760934.3349194634,21.776267795591234
292725.4547315436,2760934.3349194634,21.841685471296184
293183.77419463085,2760934.3349194634,21.90064686818134
293642.0936577181,2760934.3349194634,21.949965219301983
294100.41312080534,2760934.3349194634,21.98565046394634
294558.7325838926,2760934.3349194634,22.003110243901737
295017.05204697984,2760934.3349194634,21.99773076621245
295475.3715100671,2760934.3349194634,21.96586429532035
295933.6909731543,2760934.3349194634,21.905943503781074
296392.0104362416,2760934.3349194634,21.819156684290697
296850.3298993288,2760934.3349194634,21.709245209403832
297308.64936241606,2760934.3349194634,21.58154411800826
297766.96882550337,2760934.3349194634,21.44182389714178
264767.9674832215,2761171.948731544,19.919351210968276
265226.28694630874,2761171.948731544,19.972155518796047
265684.606409396,2761171.948731544,20.02550097031508
266142.92587248323,2761171.948731544,20.07921627652709
266601.2453355705,2761171.948731544,20.13309167381241
267059.5647986577,2761171.948731544,20.18685490028074
267517.88426174497,2761171.948731544,20.240124041221378
267976.2037248322,2761171.948731544,20.292309475454832
268434.52318791946,2761171.948731544,20.3423938557694
268892.8426510067,2761171.948731544,20.388385957776133
269351.16211409395,2761171.948731544,20.42577227011546
269809.4815771812,2761171.948731544,20.442347459498478
270267.80104026844,2761171.948731544,20.398987048703184
270726.1205033557,2761171.948731544,20.19325040367012
271184.43996644294,2761171.948731544,19.78611655847824
271642.7594295302,2761171.948731544,19.300841644199014
272101.0788926174,2761171.948731544,18.85262275924668
272559.3983557047,2761171.948731544,18.600554695445922
273017.7178187919,2761171.948731544,18.583282929218022
273476.03728187917,2761171.948731544,18.65629727156305
273934.3567449664,2761171.948731544,18.753600524802902
274392.67620805366,2761171.948731544,18.857234314497028
274850.9956711409,2761171.948731544,18.96156475959562
275309.3151342282,2761171.948731544,19.06456429714708
275767.63459731545,2761171.948731544,19.165487216775173
276225.9540604027,2761171.948731544,19.26411002863541
276684.27352348994,2761171.948731544,19.360437088283135
277142.5929865772,2761171.948731544,19.454569143429172
277600.91244966444,2761171.948731544,19.546636552440187
278059.2319127517,2761171.948731544,19.636760823038877
278517.5513758389,2761171.948731544,19.725029776784105
278975.8708389262,2761171.948731544,19.811480352208665
279434.1903020134,2761171.948731544,19.89608724978996
279892.50976510067,2761171.948731544,19.9787581834669
280350.8292281879,2761171.948731544,20.059338339366477
280809.14869127516,2761171.948731544,20.1376276179903
281267.4681543624,2761171.948731544,20.213413456681742
281725.78761744965,2761171.948731544,20.286518358236723
282184.1070805369,2761171.948731544,20.3568546437442
282642.42654362414,2761171.948731544,20.424472116438775
283100.7460067114,2761171.948731544,20.489582478275047
283559.06546979863,2761171.948731544,20.55255111224358
284017.3849328859,2761171.948731544,20.613859482886884
284475.7043959731,2761171.948731544,20.674051903074822
284934.02385906037,2761171.948731544,20.733682731288354
285392.3433221476,2761171.948731544,20.79327500274476
285850.66278523486,2761171.948731544,20.853294175534803
286308.9822483221,2761171.948731544,20.914135297866316
286767.30171140935,2761171.948731544,20.97611961521754
287225.6211744966,2761171.948731544,21.039496557050114
287683.9406375839,2761171.948731544,21.104447905821768
288142.26010067115,2761171.948731544,21.171091902188635
288600.5795637584,2761171.948731544,21.23948569901303
289058.89902684564,2761171.948731544,21.30962484295089
289517.2184899329,2761171.948731544,21.381438340751657
289975.53795302013,2761171.948731544,21.454777373203804
290433.8574161074,2761171.948731544,21.529394847912044
290892.1768791946,2761171.948731544,21.604911720294364
291350.49634228187,2761171.948731544,21.680764400971483
291808.8158053691,2761171.948731544,21.756125854477414
292267.13526845636,2761171.948731544,21.829791991413597
292725.4547315436,2761171.948731544,21.900026813860464
293183.77419463085,2761171.948731544,21.964369410400437
293642.0936577181,2761171.948731544,22.01943278127996
294100.41312080534,2761171.948731544,22.060781627224728
294558.7325838926,2761171.948731544,22.08306559807067
295017.05204697984,2761171.948731544,22.080651594819674
295475.3715100671,2761171.948731544,22.04888183013751
295933.6909731543,2761171.948731544,21.985628957420744
296392.0104362416,2761171.948731544,21.892290059538702
296850.3298993288,2761171.948731544,21.77349495022226
297308.64936241606,2761171.948731544,21.635730339472953
297766.96882550337,2761171.948731544,21.48577857045887
298225.2882885906,2761171.948731544,21.32966768013394
264309.64802013425,2761409.562543624,19.861936135726037
264767.9674832215,2761409.562543624,19.913546180798395
265226.28694630874,2761409.562543624,19.965704488697025
265684.606409396,2761409.562543624,20.018222036654645
266142.92587248323,2761409.562543624,20.070865274965367
266601.2453355705,2761409.562543624,20.12333213833757
267059.5647986577,2761409.562543624,20.17520855399568
267517.88426174497,2761409.562543624,20.225885991339467
267976.2037248322,2761409.562543624,20.274396472437385
268434.52318791946,2761409.562543624,20.319059923866977
268892.8426510067,2761409.562543624,20.35666868967676
269351.16211409395,2761409.562543624,20.38043220900657
269809.4815771812,2761409.562543624,20.374477689175183
270267.80104026844,2761409.562543624,20.300983768456902
270726.1205033557,2761409.562543624,20.09625173960902
271184.43996644294,2761409.562543624,19.746234414425725
271642.7594295302,2761409.562543624,19.331175316761552
272101.0788926174,2761409.562543624,18.954600012106603
272559.3983557047,2761409.562543624,18.726566562803733
273017.7178187919,2761409.562543624,18.67261033784361
273476.03728187917,2761409.562543624,18.714120550987996
273934.3567449664,2761409.562543624,18.79310667049447
274392.67620805366,2761409.562543624,18.886114581039827
274850.9956711409,2761409.562543624,18.984041118848804
275309.3151342282,2761409.562543624,19.08308604604152
275767.63459731545,2761409.562543624,19.181574836453404
276225.9540604027,2761409.562543624,19.278769556855057
276684.27352348994,2761409.562543624,19.374373765120595
277142.5929865772,2761409.562543624,19.468303632735914
277600.91244966444,2761409.562543624,19.560570984463382
278059.2319127517,2761409.562543624,19.651217178052594
278517.5513758389,2761409.562543624,19.74027172982447
278975.8708389262,2761409.562543624,19.82772416175456
279434.1903020134,2761409.562543624,19.913504527973455
279892.50976510067,2761409.562543624,19.99747221631639
280350.8292281879,2761409.562543624,20.079415644679308
280809.14869127516,2761409.562543624,20.159067532948796
281267.4681543624,2761409.562543624,20.236140392893226
281725.78761744965,2761409.562543624,20.31038280145979
282184.1070805369,2761409.562543624,20.38164803792335
282642.42654362414,2761409.562543624,20.44995607867933
283100.7460067114,2761409.562543624,20.51552589945328
283559.06546979863,2761409.562543624,20.578764228823122
284017.3849328859,2761409.562543624,20.640215594285927
284475.7043959731,2761409.562543624,20.700493694817503
284934.02385906037,2761409.562543624,20.760216337252288
285392.3433221476,2761409.562543624,20.81995763883704
285850.66278523486,2761409.562543624,20.88022054360804
286308.9822483221,2761409.562543624,20.941425915653355
286767.30171140935,2761409.562543624,21.00391234686665
287225.6211744966,2761409.562543624,21.067941476277355
287683.9406375839,2761409.562543624,21.13370515334328
288142.26010067115,2761409.562543624,21.201332143923718
288600.5795637584,2761409.562543624,21.2708929306125
289058.89902684564,2761409.562543624,21.342401481955196
289517.2184899329,2761409.562543624,21.415812720408006
289975.53795302013,2761409.562543624,21.49101383965153
290433.8574161074,2761409.562543624,21.56780658115802
290892.1768791946,2761409.562543624,21.645875998779776
291350.49634228187,2761409.562543624,21.724739030189376
291808.8158053691,2761409.562543624,21.80366338084715
292267.13526845636,2761409.562543624,21.881544290239443
292725.4547315436,2761409.562543624,21.956725507699993
293183.77419463085,2761409.562543624,22.02675645089574
293642.0936577181,2761409.562543624,22.08810246573241
294100.41312080534,2761409.562543624,22.13589267240314
294558.7325838926,2761409.562543624,22.163923654157372
295017.05204697984,2761409.562543624,22.165295616861982
295475.3715100671,2761409.562543624,22.13399861535464
295933.6909731543,2761409.562543624,22.06711388386565
296392.0104362416,2761409.562543624,21.966315136127903
296850.3298993288,2761409.562543624,21.837434444731002
297308.64936241606,2761409.562543624,21.688441316773776
297766.96882550337,2761409.562543624,21.52732173062906
298225.2882885906,2761409.562543624,21.360840756482105
298683.60775167786,2761409.562543624,21.194194411230807
299141.9272147651,2761409.562543624,21.031153279893836
264309.64802013425,2761647.1763557047,19.85605245832457
264767.9674832215,2761647.1763557047,19.907050793938023
265226.28694630874,2761647.1763557047,19.95842845868736
265684.606409396,2761647.1763557047,20.009943583005388
266142.92587248323,2761647.1763557047,20.061287764206092
266601.2453355705,2761647.1763557047,20.1120499382395
267059.5647986577,2761647.1763557047,20.16165268106673
267517.88426174497,2761647.1763557047,20.20923533089635
267976.2037248322,2761647.1763557047,20.25342957647501
268434.52318791946,2761647.1763557047,20.291906339254098
268892.8426510067,2761647.1763557047,20.320413495734353
269351.16211409395,2761647.1763557047,20.33066401612207
269809.4815771812,2761647.1763557047,20.305916995203077
270267.80104026844,2761647.1763557047,20.214820659571558
270726.1205033557,2761647.1763557047,20.018693897483693
271184.43996644294,2761647.1763557047,19.715678108019603
271642.7594295302,2761647.1763557047,19.363434218179375
272101.0788926174,2761647.1763557047,19.045232658904478
272559.3983557047,2761647.1763557047,18.839233521436736
273017.7178187919,2761647.1763557047,18.765862021904187
273476.03728187917,2761647.1763557047,18.78167086358482
273934.3567449664,2761647.1763557047,18.842097501881153
274392.67620805366,2761647.1763557047,18.92300009105781
274850.9956711409,2761647.1763557047,19.013061848008164
275309.3151342282,2761647.1763557047,19.10694142329172
275767.63459731545,2761647.1763557047,19.20203094452244
276225.9540604027,2761647.1763557047,19.29703108882351
276684.27352348994,2761647.1763557047,19.39129975997794
277142.5929865772,2761647.1763557047,19.484533781169993
277600.91244966444,2761647.1763557047,19.576601208240685
278059.2319127517,2761647.1763557047,19.6674454662605
278517.5513758389,2761647.1763557047,19.757025437853628
278975.8708389262,2761647.1763557047,19.845274642691578
279434.1903020134,2761647.1763557047,19.93207205249993
279892.50976510067,2761647.1763557047,20.01722274649603
280350.8292281879,2761647.1763557047,20.10045095704239
280809.14869127516,2761647.1763557047,20.181411569464707
281267.4681543624,2761647.1763557047,20.259727424175193
281725.78761744965,2761647.1763557047,20.335055675955502
282184.1070805369,2761647.1763557047,20.407174447301454
282642.42654362414,2761647.1763557047,20.476064595781413
283100.7460067114,2761647.1763557047,20.541953250472783
283559.06546979863,2761647.1763557047,20.605298245758885
284017.3849328859,2761647.1763557047,20.666720817393546
284475.7043959731,2761647.1763557047,20.726916288184704
284934.02385906037,2761647.1763557047,20.786573777658983
285392.3433221476,2761647.1763557047,20.846321624941684
285850.66278523486,2761647.1763557047,20.906699803904996
286308.9822483221,2761647.1763557047,20.96815238514513
286767.30171140935,2761647.1763557047,21.031031690994844
287225.6211744966,2761647.1763557047,21.095607661889858
287683.9406375839,2761647.1763557047,21.16207838485343
288142.26010067115,2761647.1763557047,21.230579571062133
288600.5795637584,2761647.1763557047,21.301191803616298
289058.89902684564,2761647.1763557047,21.3739447345618
289517.2184899329,2761647.1763557047,21.448817235518117
289975.53795302013,2761647.1763557047,21.52573185567233
290433.8574161074,2761647.1763557047,21.604540765695916
290892.1768791946,2761647.1763557047,21.684998516885614
291350.49634228187,2761647.1763557047,21.76671418707465
291808.8158053691,2761647.1763557047,21.84907156296966
292267.13526845636,2761647.1763557047,21.93110089254471
292725.4547315436,2761647.1763557047,22.01128044591655
293183.77419463085,2761647.1763557047,22.087245096691184
293642.0936577181,2761647.1763557047,22.155396229673695
294100.41312080534,2761647.1763557047,22.210476781523468
294558.7325838926,2761647.1763557047,22.245355703621172
295017.05204697984,2761647.1763557047,22.25156816924194
295475.3715100671,2761647.1763557047,22.221270976869256
295933.6909731543,2761647.1763557047,22.15040138695342
296392.0104362416,2761647.1763557047,22.041012184528427
296850.3298993288,2761647.1763557047,21.90060113804594
297308.64936241606,2761647.1763557047,21.739063245241372
297766.96882550337,2761647.1763557047,21.565797446991976
298225.2882885906,2761647.1763557047,21.388318185795498
298683.60775167786,2761647.1763557047,21.212088516853974
299141.9272147651,2761647.1763557047,21.040883960013005
299600.24667785235,2761647.1763557047,20.877251119097643
264309.64802013425,2761884.7901677852,19.849631200207156
264767.9674832215,2761884.7901677852,19.899928383261347
265226.28694630874,2761884.7901677852,19.950411433125794
265684.606409396,2761884.7901677852,20.00077929510385
266142.92587248323,2761884.7901677852,20.05064120834937
266601.2453355705,2761884.7901677852,20.09946903897915
267059.5647986577,2761884.7901677852,20.146515597108674
267517.88426174497,2761884.7901677852,20.190669995809174
267976.2037248322,2761884.7901677852,20.230192669954512
268434.52318791946,2761884.7901677852,20.262214387161137
268892.8426510067,2761884.7901677852,20.281771500159635
269351.16211409395,2761884.7901677852,20.27999506073278
269809.4815771812,2761884.7901677852,20.241248398536317
270267.80104026844,2761884.7901677852,20.14150380761386
270726.1205033557,2761884.7901677852,19.9577917124487
271184.43996644294,2761884.7901677852,19.69443184351082
271642.7594295302,2761884.7901677852,19.39524221743473
272101.0788926174,2761884.7901677852,19.12446474792328
272559.3983557047,2761884.7901677852,18.939116729512758
273017.7178187919,2761884.7901677852,18.856871532684664
273476.03728187917,2761884.7901677852,18.85373313866865
273934.3567449664,2761884.7901677852,18.897426718168678
274392.67620805366,2761884.7901677852,18.966054022121522
274850.9956711409,2761884.7901677852,19.047517060420606
275309.3151342282,2761884.7901677852,19.13542610824322
275767.63459731545,2761884.7901677852,19.226385363462622
276225.9540604027,2761884.7901677852,19.318564723753394
276684.27352348994,2761884.7901677852,19.410971939930374
277142.5929865772,2761884.7901677852,19.50307145385263
277600.91244966444,2761884.7901677852,19.594574564570877
278059.2319127517,2761884.7901677852,19.68531627505788
278517.5513758389,2761884.7901677852,19.775177189699793
278975.8708389262,2761884.7901677852,19.86402957704065
279434.1903020134,2761884.7901677852,19.951697548747553
279892.50976510067,2761884.7901677852,20.03792811629561
280350.8292281879,2761884.7901677852,20.12237552036954
280809.14869127516,2761884.7901677852,20.20460656485887
281267.4681543624,2761884.7901677852,20.2841381439759
281725.78761744965,2761884.7901677852,20.36051490734427
282184.1070805369,2761884.7901677852,20.43341938745344
282642.42654362414,2761884.7901677852,20.502781488854716
283100.7460067114,2761884.7901677852,20.56883839680619
283559.06546979863,2761884.7901677852,20.632112756027404
284017.3849328859,2761884.7901677852,20.693320599994884
284475.7043959731,2761884.7901677852,20.75325402058847
284934.02385906037,2761884.7901677852,20.81268219067163
285392.3433221476,2761884.7901677852,20.872290262823924
285850.66278523486,2761884.7901677852,20.932653631814343
286308.9822483221,2761884.7901677852,20.994235759513852
286767.30171140935,2761884.7901677852,21.057398053509427
287225.6211744966,2761884.7901677852,21.122414016816844
287683.9406375839,2761884.7901677852,21.189483438755655
288142.26010067115,2761884.7901677852,21.2587447103377
288600.5795637584,2761884.7901677852,21.330284511540498
289058.89902684564,2761884.7901677852,21.40414446947379
289517.2184899329,2761884.7901677852,21.480324169030393
289975.53795302013,2761884.7901677852,21.558779193643833
290433.8574161074,2761884.7901677852,21.639411613451824
290892.1768791946,2761884.7901677852,21.722048304810826
291350.49634228187,2761884.7901677852,21.80639929877797
291808.8158053691,2761884.7901677852,21.891983453464864
292267.13526845636,2761884.7901677852,21.978001451809696
292725.4547315436,2761884.7901677852,22.063126183419655
293183.77419463085,2761884.7901677852,22.145170309032153
293642.0936577181,2761884.7901677852,22.22059241421918
294100.41312080534,2761884.7901677852,22.283858257621482
294558.7325838926,2761884.7901677852,22.32688605600697
295017.05204697984,2761884.7901677852,22.339304193552458
295475.3715100671,2761884.7901677852,22.310753365832475
295933.6909731543,2761884.7901677852,22.23547240497402
296392.0104362416,2761884.7901677852,22.116054265166316
296850.3298993288,2761884.7901677852,21.96236537030605
297308.64936241606,2761884.7901677852,21.786814880188718
297766.96882550337,2761884.7901677852,21.600418550273332
298225.2882885906,2761884.7901677852,21.41138932042483
298683.60775167786,2761884.7901677852,21.22532635570732
299141.9272147651,2761884.7901677852,21.045887140827748
299600.24667785235,2761884.7901677852,20.87542565112904
300058.5661409396,2761884.7901677852,20.71546337275379
263851.32855704695,2762122.403979866,19.793465886492253
264309.64802013425,2762122.403979866,19.842728405751526
264767.9674832215,2762122.403979866,19.892251926498083
265226.28694630874,2762122.403979866,19.941749891124392
265684.606409396,2762122.403979866,19.990858967052652
266142.92587248323,2762122.403979866,20.039103694671898
266601.2453355705,2762122.403979866,20.08583919427184
267059.5647986577,2762122.403979866,20.130155981430942
267517.88426174497,2762122.403979866,20.17071796228565
267976.2037248322,2762122.403979866,20.205480948030736
268434.52318791946,2762122.403979866,20.231198576741868
268892.8426510067,2762122.403979866,20.24257038085109
269351.16211409395,2762122.403979866,20.230905328628708
269809.4815771812,2762122.403979866,20.182667355035196
270267.80104026844,2762122.403979866,20.080289388183306
270726.1205033557,2762122.403979866,19.91066607633772
271184.43996644294,2762122.403979866,19.68108951893565
271642.7594295302,2762122.403979866,19.425819505852036
272101.0788926174,2762122.403979866,19.19384000708486
272559.3983557047,2762122.403979866,19.027692640291676
273017.7178187919,2762122.403979866,18.94294754271831
273476.03728187917,2762122.403979866,18.9267473010598
273934.3567449664,2762122.403979866,18.95642305246762
274392.67620805366,2762122.403979866,19.013511867049367
274850.9956711409,2762122.403979866,19.086257873449117
275309.3151342282,2762122.403979866,19.16777570941473
275767.63459731545,2762122.403979866,19.25411194683775
276225.9540604027,2762122.403979866,19.342993997030444
276684.27352348994,2762122.403979866,19.43310957890704
277142.5929865772,2762122.403979866,19.523698083589526
277600.91244966444,2762122.403979866,19.614313229097682
278059.2319127517,2762122.403979866,19.70467864853491
278517.5513758389,2762122.403979866,19.794594014482797
278975.8708389262,2762122.403979866,19.88386876145009
279434.1903020134,2762122.403979866,19.972271424803015
279892.50976510067,2762122.403979866,20.05948995858458
280350.8292281879,2762122.403979866,20.145105100359086
280809.14869127516,2762122.403979866,20.228586337523467
281267.4681543624,2762122.403979866,20.309326850026956
281725.78761744965,2762122.403979866,20.386733118542587
282184.1070805369,2762122.403979866,20.460365597213126
282642.42654362414,2762122.403979866,20.530087669308593
283100.7460067114,2762122.403979866,20.59614996998826
283559.06546979863,2762122.403979866,20.659159310008988
284017.3849328859,2762122.403979866,20.71995058402085
284475.7043959731,2762122.403979866,20.77943122384655
284934.02385906037,2762122.403979866,20.838459765644433
285392.3433221476,2762122.403979866,20.8977796413847
285850.66278523486,2762122.403979866,20.95799842738881
286308.9822483221,2762122.403979866,21.01959368262045
286767.30171140935,2762122.403979866,21.082930121120018
287225.6211744966,2762122.403979866,21.14827923471224
287683.9406375839,2762122.403979866,21.21583731331881
288142.26010067115,2762122.403979866,21.285740521958566
288600.5795637584,2762122.403979866,21.35807688405687
289058.89902684564,2762122.403979866,21.432895302463063
289517.2184899329,2762122.403979866,21.51021147115034
289975.53795302013,2762122.403979866,21.590009794564928
290433.8574161074,2762122.403979866,21.672239147251954
290892.1768791946,2762122.403979866,21.756798200691026
291350.49634228187,2762122.403979866,21.843502613637064
291808.8158053691,2762122.403979866,21.93202077750083
292267.13526845636,2762122.403979866,22.021755674478463
292725.4547315436,2762122.403979866,22.111635882274317
293183.77419463085,2762122.403979866,22.199757663323282
293642.0936577181,2762122.403979866,22.282798397738123
294100.41312080534,2762122.403979866,22.355137936240585
294558.7325838926,2762122.403979866,22.40782306463655
295017.05204697984,2762122.403979866,22.428224784825627
295475.3715100671,2762122.403979866,22.402495087061155
295933.6909731543,2762122.403979866,22.322270021030583
296392.0104362416,2762122.403979866,22.190948301545745
296850.3298993288,2762122.403979866,22.021862349258374
297308.64936241606,2762122.403979866,21.830702608604017
297766.96882550337,2762122.403979866,21.630247930061543
298225.2882885906,2762122.403979866,21.429254161097113
298683.60775167786,2762122.403979866,21.2332571165919
299141.9272147651,2762122.403979866,21.0456417171319
299600.24667785235,2762122.403979866,20.86846800028906
300058.5661409396,2762122.403979866,20.70301774193787
300516.88560402684,2762122.403979866,20.550128171531522
300975.2050671141,2762122.403979866,20.410372683622626
263851.32855704695,2762360.0177919464,19.786796315081638
264309.64802013425,2762360.0177919464,19.83540611984399
264767.9674832215,2762360.0177919464,19.88410188438967
265226.28694630874,2762360.0177919464,19.932549541504727
265684.606409396,2762360.0177919464,19.980323521590876
266142.92587248323,2762360.0177919464,20.026866107391644
266601.2453355705,2762360.0177919464,20.071423340830105
267059.5647986577,2762360.0177919464,20.112942109087747
267517.88426174497,2762360.0177919464,20.149902523548008
267976.2037248322,2762360.0177919464,20.180043399209392
268434.52318791946,2762360.0177919464,20.19991898391574
268892.8426510067,2762360.0177919464,20.204225462051504
269351.16211409395,2762360.0177919464,20.184956316114445
269809.4815771812,2762360.0177919464,20.130974986353785
270267.80104026844,2762360.0177919464,20.029874476271825
270726.1205033557,2762360.0177919464,19.874754599909455
271184.43996644294,2762360.0177919464,19.674078223761285
271642.7594295302,2762360.0177919464,19.455049100007393
272101.0788926174,2762360.0177919464,19.25509735969564
272559.3983557047,2762360.0177919464,19.106572689195467
273017.7178187919,2762360.0177919464,19.023151181940836
273476.03728187917,2762360.0177919464,18.998499964245042
273934.3567449664,2762360.0177919464,19.017014639272944
274392.67620805366,2762360.0177919464,19.063815884119027
274850.9956711409,2762360.0177919464,19.128183595488352
275309.3151342282,2762360.0177919464,19.203217317454452
275767.63459731545,2762360.0177919464,19.28465887095824
276225.9540604027,2762360.0177919464,19.36991405091819
276684.27352348994,2762360.0177919464,19.457405584219213
277142.5929865772,2762360.0177919464,19.546171821281476
277600.91244966444,2762360.0177919464,19.63561887590405
278059.2319127517,2762360.0177919464,19.72536313572185
278517.5513758389,2762360.0177919464,19.815125563593043
278975.8708389262,2762360.0177919464,19.90465491087763
279434.1903020134,2762360.0177919464,19.9936667353221
279892.50976510067,2762360.0177919464,20.08179223548456
280350.8292281879,2762360.0177919464,20.16853826367562
280809.14869127516,2762360.0177919464,20.253269691224233
281267.4681543624,2762360.0177919464,20.335237022417754
281725.78761744965,2762360.0177919464,20.41367710702796
282184.1070805369,2762360.0177919464,20.4879932123472
282642.42654362414,2762360.0177919464,20.55796100671183
283100.7460067114,2762360.0177919464,20.623850186686767
283559.06546979863,2762360.0177919464,20.686379332313034
284017.3849328859,2762360.0177919464,20.746534317438666
284475.7043959731,2762360.0177919464,20.805360339659856
284934.02385906037,2762360.0177919464,20.863814510586955
285392.3433221476,2762360.0177919464,20.922698023930472
285850.66278523486,2762360.0177919464,20.982645176197313
286308.9822483221,2762360.0177919464,21.044140575603627
286767.30171140935,2762360.0177919464,21.107545270233253
287225.6211744966,2762360.0177919464,21.173122380605015
287683.9406375839,2762360.0177919464,21.241058916863878
288142.26010067115,2762360.0177919464,21.311483360379736
288600.5795637584,2762360.0177919464,21.38447964162547
289058.89902684564,2762360.0177919464,21.460098274138165
289517.2184899329,2762360.0177919464,21.538365043263408
289975.53795302013,2762360.0177919464,21.61928690416869
290433.8574161074,2762360.0177919464,21.702853502874103
290892.1768791946,2762360.0177919464,21.789030684522604
291350.49634228187,2762360.0177919464,21.877738909917348
291808.8158053691,2762360.0177919464,21.968803606651903
292267.13526845636,2762360.0177919464,22.06185420193416
292725.4547315436,2762360.0177919464,22.156130443626857
293183.77419463085,2762360.0177919464,22.2501230377062
293642.0936577181,2762360.0177919464,22.34092566230729
294100.41312080534,2762360.0177919464,22.423125204040407
294558.7325838926,2762360.0177919464,22.487154229502707
295017.05204697984,2762360.0177919464,22.51786038531393
295475.3715100671,2762360.0177919464,22.496533952315474
295933.6909731543,2762360.0177919464,22.410670170118443
296392.0104362416,2762360.0177919464,22.264936376270303
296850.3298993288,2762360.0177919464,22.077895772243316
297308.64936241606,2762360.0177919464,21.869469457999934
297766.96882550337,2762360.0177919464,21.65418486592784
298225.2882885906,2762360.0177919464,21.44102841096125
298683.60775167786,2762360.0177919464,21.23519722428244
299141.9272147651,2762360.0177919464,21.039624378924643
299600.24667785235,2762360.0177919464,20.855971190415012
300058.5661409396,2762360.0177919464,20.685222152345403
300516.88560402684,2762360.0177919464,20.5280271002491
300975.2050671141,2762360.0177919464,20.384880225531838
301433.52453020134,2762360.0177919464,20.256180361613254
263851.32855704695,2762597.631604027,19.77980326684608
264309.64802013425,2762597.631604027,19.827730816075594
264767.9674832215,2762597.631604027,19.875563926137122
265226.28694630874,2762597.631604027,19.922921979691377
265684.606409396,2762597.631604027,19.96932001537405
266142.92587248323,2762597.631604027,20.01412454694686
266601.2453355705,2762597.631604027,20.056485948789508
267059.5647986577,2762597.631604027,20.095233885685396
267517.88426174497,2762597.631604027,20.128715093822024
267976.2037248322,2762597.631604027,20.15454468713083
268434.52318791946,2762597.631604027,20.169241014148376
268892.8426510067,2762597.631604027,20.16774964195804
269351.16211409395,2762597.631604027,20.14301823719568
269809.4815771812,2762597.631604027,20.086213870606475
270267.80104026844,2762597.631604027,19.988850721284763
270726.1205033557,2762597.631604027,19.847917676731228
271184.43996644294,2762597.631604027,19.67204165659805
271642.7594295302,2762597.631604027,19.48304669755251
272101.0788926174,2762597.631604027,19.30978069308825
272559.3983557047,2762597.631604027,19.177255236363997
273017.7178187919,2762597.631604027,19.09739585297008
273476.03728187917,2762597.631604027,19.067726143629077
273934.3567449664,2762597.631604027,19.077698372786866
274392.67620805366,2762597.631604027,19.115674519149334
274850.9956711409,2762597.631604027,19.172299440358398
275309.3151342282,2762597.631604027,19.241010277047977
275767.63459731545,2762597.631604027,19.317475238396202
276225.9540604027,2762597.631604027,19.398908745524338
276684.27352348994,2762597.631604027,19.48353761582008
277142.5929865772,2762597.631604027,19.570234907475477
277600.91244966444,2762597.631604027,19.65827766276364
278059.2319127517,2762597.631604027,19.747185179383752
278517.5513758389,2762597.631604027,19.83660631505612
278975.8708389262,2762597.631604027,19.926234824582473
279434.1903020134,2762597.631604027,20.015739271710792
279892.50976510067,2762597.631604027,20.10470015254094
280350.8292281879,2762597.631604027,20.192554181070825
280809.14869127516,2762597.631604027,20.278557641550353
281267.4681543624,2762597.631604027,20.361799036982163
281725.78761744965,2762597.631604027,20.4413069590392
282184.1070805369,2762597.631604027,20.516279943589836
282642.42654362414,2762597.631604027,20.586376051719764
283100.7460067114,2762597.631604027,20.65189304699922
283559.06546979863,2762597.631604027,20.713701174900496
284017.3849328859,2762597.631604027,20.77298026070384
284475.7043959731,2762597.631604027,20.830939663854735
284934.02385906037,2762597.631604027,20.888642931177923
285392.3433221476,2762597.631604027,20.94694530393401
285850.66278523486,2762597.631604027,21.00649943230361
286308.9822483221,2762597.631604027,21.06778794032351
286767.30171140935,2762597.631604027,21.13116006221654
287225.6211744966,2762597.631604027,21.19686352112
287683.9406375839,2762597.631604027,21.265069833519945
288142.26010067115,2762597.631604027,21.335893924208094
288600.5795637584,2762597.631604027,21.409409624861176
289058.89902684564,2762597.631604027,21.485662507494595
289517.2184899329,2762597.631604027,21.564681040058836
289975.53795302013,2762597.631604027,21.64648632487541
290433.8574161074,2762597.631604027,21.73109955089906
290892.1768791946,2762597.631604027,21.818544426711266
291350.49634228187,2762597.631604027,21.908838652806402
291808.8158053691,2762597.631604027,22.001962796239706
292267.13526845636,2762597.631604027,22.09778448548241
292725.4547315436,2762597.631604027,22.195895972953974
293183.77419463085,2762597.631604027,22.295284104269204
293642.0936577181,2762597.631604027,22.39367507929395
294100.41312080534,2762597.631604027,22.486260579863306
294558.7325838926,2762597.631604027,22.563387980124073
295017.05204697984,2762597.631604027,22.607408578758612
295475.3715100671,2762597.631604027,22.592883047936127
295933.6909731543,2762597.631604027,22.500422923693897
296392.0104362416,2762597.631604027,22.33682573118352
296850.3298993288,2762597.631604027,22.128805724044938
297308.64936241606,2762597.631604027,21.901545030323646
297766.96882550337,2762597.631604027,21.670963297532253
298225.2882885906,2762597.631604027,21.445759187768353
298683.60775167786,2762597.631604027,21.23044909057323
299141.9272147651,2762597.631604027,21.02732669251467
299600.24667785235,2762597.631604027,20.83755784248165
300058.5661409396,2762597.631604027,20.66178150584054
300516.88560402684,2762597.631604027,20.500437899278662
300975.2050671141,2762597.631604027,20.353935192893086
301433.52453020134,2762597.631604027,20.222705087169672
301891.8439932886,2762597.631604027,20.107160688346212
263393.0090939597,2762835.2454161076,19.7253763581976
263851.32855704695,2762835.2454161076,19.77254135585866
264309.64802013425,2762835.2454161076,19.819771793974233
264767.9674832215,2762835.2454161076,19.866726655934517
265226.28694630874,2762835.2454161076,19.91298142940603
265684.606409396,2762835.2454161076,19.95799692602925
266142.92587248323,2762835.2454161076,20.001073476042524
266601.2453355705,2762835.2454161076,20.041283088639634
267059.5647986577,2762835.2454161076,20.077368782528083
267517.88426174497,2762835.2454161076,20.10759665366664
267976.2037248322,2762835.2454161076,20.12954543857492
268434.52318791946,2762835.2454161076,20.139830542840375
268892.8426510067,2762835.2454161076,20.13381200599475
269351.16211409395,2762835.2454161076,20.105484110394972
269809.4815771812,2762835.2454161076,20.04804010018736
270267.80104026844,2762835.2454161076,19.955888403622744
270726.1205033557,2762835.2454161076,19.828425469588545
271184.43996644294,2762835.2454161076,19.673906266335226
271642.7594295302,2762835.2454161076,19.50998817708649
272101.0788926174,2762835.2454161076,19.359158821357855
272559.3983557047,2762835.2454161076,19.24104778205191
273017.7178187919,2762835.2454161076,19.165991324355158
273476.03728187917,2762835.2454161076,19.1337815685468
273934.3567449664,2762835.2454161076,19.137443150326543
274392.67620805366,2762835.2454161076,19.168068258391678
274850.9956711409,2762835.2454161076,19.217746541314206
275309.3151342282,2762835.2454161076,19.280474362388546
275767.63459731545,2762835.2454161076,19.352032248552305
276225.9540604027,2762835.2454161076,19.429565532779645
276684.27352348994,2762835.2454161076,19.511178373300105
277142.5929865772,2762835.2454161076,19.595620833091232
277600.91244966444,2762835.2454161076,19.682065289255313
278059.2319127517,2762835.2454161076,19.769948716071124
278517.5513758389,2762835.2454161076,19.85885805678723
278975.8708389262,2762835.2454161076,19.948440836348567
279434.1903020134,2762835.2454161076,20.038327838353187
279892.50976510067,2762835.2454161076,20.12805898475378
280350.8292281879,2762835.2454161076,20.217009861496873
280809.14869127516,2762835.2454161076,20.304329557024424
281267.4681543624,2762835.2454161076,20.38892668860001
281725.78761744965,2762835.2454161076,20.469574544289358
282184.1070805369,2762835.2454161076,20.54520124101895
282642.42654362414,2762835.2454161076,20.61530350156164
283100.7460067114,2762835.2454161076,20.680221540714637
283559.06546979863,2762835.2454161076,20.741035919822128
284017.3849328859,2762835.2454161076,20.79917790444276
284475.7043959731,2762835.2454161076,20.856050726770196
284934.02385906037,2762835.2454161076,20.912828711908027
285392.3433221476,2762835.2454161076,20.970412624254717
285850.66278523486,2762835.2454161076,21.02946149219323
286308.9822483221,2762835.2454161076,21.090444819248077
286767.30171140935,2762835.2454161076,21.15369084118005
287225.6211744966,2762835.2454161076,21.21942440287409
287683.9406375839,2762835.2454161076,21.287795088885353
288142.26010067115,2762835.2454161076,21.35889816562759
288600.5795637584,2762835.2454161076,21.432790952655445
289058.89902684564,2762835.2454161076,21.509506777865422
289517.2184899329,2762835.2454161076,21.589068093372873
289975.53795302013,2762835.2454161076,21.67149964781562
290433.8574161074,2762835.2454161076,21.756841652240087
290892.1768791946,2762835.2454161076,21.84516130960437
291350.49634228187,2762835.2454161076,21.93655832566368
291808.8158053691,2762835.2454161076,22.031154997627876
292267.13526845636,2762835.2454161076,22.12905194249729
292725.4547315436,2762835.2454161076,22.230211424750976
293183.77419463085,2762835.2454161076,22.334189453841173
293642.0936577181,2762835.2454161076,22.439545422821414
294100.41312080534,2762835.2454161076,22.542543999841957
294558.7325838926,2762835.2454161076,22.634323724865848
295017.05204697984,2762835.2454161076,22.695457603011498
295475.3715100671,2762835.2454161076,22.69150025410974
295933.6909731543,2762835.2454161076,22.591023762034283
296392.0104362416,2762835.2454161076,22.40469021186192
296850.3298993288,2762835.2454161076,22.172301432734066
297308.64936241606,2762835.2454161076,21.925012706800825
297766.96882550337,2762835.2454161076,21.679172077737977
298225.2882885906,2762835.2454161076,21.44245533703395
298683.60775167786,2762835.2454161076,21.21832797646426
299141.9272147651,2762835.2454161076,21.008276381553504
299600.24667785235,2762835.2454161076,20.812897011680494
300058.5661409396,2762835.2454161076,20.632451530114526
300516.88560402684,2762835.2454161076,20.467157815037098
300975.2050671141,2762835.2454161076,20.317334341425234
301433.52453020134,2762835.2454161076,20.183447078347815
301891.8439932886,2762835.2454161076,20.06607322166371
302350.1634563758,2762835.2454161076,19.965770110294986
302808.4829194631,2762835.2454161076,19.8827884061425
263393.0090939597,2763072.859228188,19.71845460207752
263851.32855704695,2763072.859228188,19.765066604311755
264309.64802013425,2763072.859228188,19.811599610985464
264767.9674832215,2763072.859228188,19.857679440390815
265226.28694630874,2763072.859228188,19.902841720852752
265684.606409396,2763072.859228188,19.946499948595704
266142.92587248323,2763072.859228188,19.987899919835172
266601.2453355705,2763072.859228188,20.026054632295093
267059.5647986577,2763072.859228188,20.05965201252027
267517.88426174497,2763072.859228188,20.08692736382202
267976.2037248322,2763072.859228188,20.105497166633945
268434.52318791946,2763072.859228188,20.11217066327027
268892.8426510067,2763072.859228188,20.102810986674207
269351.16211409395,2763072.859228188,20.072436990947942
269809.4815771812,2763072.859228188,20.01593421042443
270267.80104026844,2763072.859228188,19.92980544720093
270726.1205033557,2763072.859228188,19.814901812362756
271184.43996644294,2763072.859228188,19.678848846433937
271642.7594295302,2763072.859228188,19.536046999848217
272101.0788926174,2763072.859228188,19.40424329664265
272559.3983557047,2763072.859228188,19.299056042125372
273017.7178187919,2763072.859228188,19.229412024636602
273476.03728187917,2763072.859228188,19.19641004724637
273934.3567449664,2763072.859228188,19.1955805092291
274392.67620805366,2763072.859228188,19.220224745651922
274850.9956711409,2763072.859228188,19.26381041852945
275309.3151342282,2763072.859228188,19.32100606202897
275767.63459731545,2763072.859228188,19.387838360945373
276225.9540604027,2763072.859228188,19.461487427558943
276684.27352348994,2763072.859228188,19.54000454480561
277142.5929865772,2763072.859228188,19.62206094996468
277600.91244966444,2763072.859228188,19.706751917296703
278059.2319127517,2763072.859228188,19.79344987534747
278517.5513758389,2763072.859228188,19.88169262002505
278975.8708389262,2763072.859228188,19.971092598711316
279434.1903020134,2763072.859228188,20.061254829379575
279892.50976510067,2763072.859228188,20.151692930781046
280350.8292281879,2763072.859228188,20.24173677860246
280809.14869127516,2763072.859228188,20.3304378283404
281267.4681543624,2763072.859228188,20.416511855802565
281725.78761744965,2763072.859228188,20.498420939108623
282184.1070805369,2763072.859228188,20.574730414875646
282642.42654362414,2763072.859228188,20.644709203644986
283100.7460067114,2763072.859228188,20.708763234389803
283559.06546979863,2763072.859228188,20.768271373645312
284017.3849328859,2763072.859228188,20.824992817353248
284475.7043959731,2763072.859228188,20.880555395626285
284934.02385906037,2763072.859228188,20.936241559832773
285392.3433221476,2763072.859228188,20.992982293853913
285850.66278523486,2763072.859228188,21.051426844134074
286308.9822483221,2763072.859228188,21.112018454924577
286767.30171140935,2763072.859228188,21.175054449239575
287225.6211744966,2763072.859228188,21.24072917523047
287683.9406375839,2763072.859228188,21.30916389743502
288142.26010067115,2763072.859228188,21.380428127058803
288600.5795637584,2763072.859228188,21.454556059273692
289058.89902684564,2763072.859228188,21.531560921062088
289517.2184899329,2763072.859228188,21.61144934789617
289975.53795302013,2763072.859228188,21.69423730255433
290433.8574161074,2763072.859228188,21.779968308360708
290892.1768791946,2763072.859228188,21.86873357544519
291350.49634228187,2763072.859228188,21.9606914543834
291808.8158053691,2763072.859228188,22.056079656841423
292267.13526845636,2763072.859228188,22.155205960859647
292725.4547315436,2763072.859228188,22.258387227463896
293183.77419463085,2763072.859228188,22.365770816091004
293642.0936577181,2763072.859228188,22.476883322222612
294100.41312080534,2763072.859228188,22.5895054524714
294558.7325838926,2763072.859228188,22.696750840145775
295017.05204697984,2763072.859228188,22.77942485028553
295475.3715100671,2763072.859228188,22.792207602035106
295933.6909731543,2763072.859228188,22.681397202446544
296392.0104362416,2763072.859228188,22.465348868660367
296850.3298993288,2763072.859228188,22.205287791228205
297308.64936241606,2763072.859228188,21.93762465531046
297766.96882550337,2763072.859228188,21.677309343940706
298225.2882885906,2763072.859228188,21.430135416897816
298683.60775167786,2763072.859228188,21.19819708588706
299141.9272147651,2763072.859228188,20.98206221866744
299600.24667785235,2763072.859228188,20.781722482730903
300058.5661409396,2763072.859228188,20.597053459661907
300516.88560402684,2763072.859228188,20.428050217063603
300975.2050671141,2763072.859228188,20.274942226130843
301433.52453020134,2763072.859228188,20.138227876715142
301891.8439932886,2763072.859228188,20.018639784929704
302350.1634563758,2763072.859228188,19.917037316402354
302808.4829194631,2763072.859228188,19.83420658659107
303266.8023825503,2763072.859228188,19.770468202644174
262934.68963087245,2763310.4730402688,19.66541119895441
263393.0090939597,2763310.4730402688,19.71136683819855
263851.32855704695,2763310.4730402688,19.757435347716324
264309.64802013425,2763310.4730402688,19.803284605073024
264767.9674832215,2763310.4730402688,19.848510417029864
265226.28694630874,2763310.4730402688,19.89261361790028
265684.606409396,2763310.4730402688,19.9349684504044
266142.92587248323,2763310.4730402688,19.974778890306446
266601.2453355705,2763310.4730402688,20.011018695634387
267059.5647986577,2763310.4730402688,20.042350705548436
267517.88426174497,2763310.4730402688,20.0670229371622
267976.2037248322,2763310.4730402688,20.082747249620965
268434.52318791946,2763310.4730402688,20.08658879106109
268892.8426510067,2763310.4730402688,20.074943910912783
269351.16211409395,2763310.4730402688,20.043769667197218
269809.4815771812,2763310.4730402688,19.989318159711168
270267.80104026844,2763310.4730402688,19.90958380306914
270726.1205033557,2763310.4730402688,19.806259307838342
271184.43996644294,2763310.4730402688,19.68624419309839
271642.7594295302,2763310.4730402688,19.561375034403845
272101.0788926174,2763310.4730402688,19.445831884668813
272559.3983557047,2763310.4730402688,19.352199957825874
273017.7178187919,2763310.4730402688,19.288179539106995
273476.03728187917,2763310.4730402688,19.255588724258764
273934.3567449664,2763310.4730402688,19.251707050173955
274392.67620805366,2763310.4730402688,19.271580560826877
274850.9956711409,2763310.4730402688,19.30991506963586
275309.3151342282,2763310.4730402688,19.362085113184
275767.63459731545,2763310.4730402688,19.42444876759714
276225.9540604027,2763310.4730402688,19.494301874323373
276684.27352348994,2763310.4730402688,19.56970413917435
277142.5929865772,2763310.4730402688,19.649290299094677
277600.91244966444,2763310.4730402688,19.732106792251034
278059.2319127517,2763310.4730402688,19.8174806878391
278517.5513758389,2763310.4730402688,19.904914849375572
278975.8708389262,2763310.4730402688,19.993999280005713
279434.1903020134,2763310.4730402688,20.084327289428806
279892.50976510067,2763310.4730402688,20.17540423790279
280350.8292281879,2763310.4730402688,20.266536983420735
280809.14869127516,2763310.4730402688,20.356700627264612
281267.4681543624,2763310.4730402688,20.4444162492547
281725.78761744965,2763310.4730402688,20.52777194524623
282184.1070805369,2763310.4730402688,20.604838658396677
282642.42654362414,2763310.4730402688,20.674552304651733
283100.7460067114,2763310.4730402688,20.737423151435387
283559.06546979863,2763310.4730402688,20.795263471808045
284017.3849328859,2763310.4730402688,20.850260514721906
284475.7043959731,2763310.4730402688,20.904292927949694
284934.02385906037,2763310.4730402688,20.95873646757783
285392.3433221476,2763310.4730402688,21.014528178025802
285850.66278523486,2763310.4730402688,21.072286988665667
286308.9822483221,2763310.4730402688,21.13241519107194
286767.30171140935,2763310.4730402688,21.195169070043818
287225.6211744966,2763310.4730402688,21.260705149841343
287683.9406375839,2763310.4730402688,21.32911037099774
288142.26010067115,2763310.4730402688,21.40042267115303
288600.5795637584,2763310.4730402688,21.474646558993456
289058.89902684564,2763310.4730402688,21.551767002143638
289517.2184899329,2763310.4730402688,21.631764190806745
289975.53795302013,2763310.4730402688,21.714631243298285
290433.8574161074,2763310.4730402688,21.80039642486672
290892.1768791946,2763310.4730402688,21.88915066063906
291350.49634228187,2763310.4730402688,21.98107963728878
291808.8158053691,2763310.4730402688,22.076496955580645
292267.13526845636,2763310.4730402688,22.175869333212177
292725.4547315436,2763310.4730402688,22.279813716573123
293183.77419463085,2763310.4730402688,22.3890208940717
293642.0936577181,2763310.4730402688,22.503994011662368
294100.41312080534,2763310.4730402688,22.62428558224031
294558.7325838926,2763310.4730402688,22.746160299279914
295017.05204697984,2763310.4730402688,22.85440158201644
295475.3715100671,2763310.4730402688,22.89443033874348
295933.6909731543,2763310.4730402688,22.76899742998162
296392.0104362416,2763310.4730402688,22.513522312591064
296850.3298993288,2763310.4730402688,22.22378427892241
297308.64936241606,2763310.4730402688,21.936909678928444
297766.96882550337,2763310.4730402688,21.663881361867844
298225.2882885906,2763310.4730402688,21.40789375524485
298683.60775167786,2763310.4730402688,21.169509490541042
299141.9272147651,2763310.4730402688,20.948361204552263
299600.24667785235,2763310.4730402688,20.74385151231807
300058.5661409396,2763310.4730402688,20.555488399381186
300516.88560402684,2763310.4730402688,20.383057475621982
300975.2050671141,2763310.4730402688,20.226705314886136
301433.52453020134,2763310.4730402688,20.08695944365811
301891.8439932886,2763310.4730402688,19.964687903433678
302350.1634563758,2763310.4730402688,19.860993755006483
302808.4829194631,2763310.4730402688,19.77704613903375
303266.8023825503,2763310.4730402688,19.71386483671431
303725.12184563756,2763310.4730402688,19.67206754549389
262934.68963087245,2763548.0868523493,19.658615591643994
263393.0090939597,2763548.0868523493,19.704158146130375
263851.32855704695,2763548.0868523493,19.749703214713218
264309.64802013425,2763548.0868523493,19.7948955516393
264767.9674832215,2763548.0868523493,19.839304741592287
265226.28694630874,2763548.0868523493,19.88240256522055
265684.606409396,2763548.0868523493,19.92353265693467
266142.92587248323,2763548.0868523493,19.96187006647314
266601.2453355705,2763548.0868523493,19.996368191509582
267059.5647986577,2763548.0868523493,20.025691481295294
267517.88426174497,2763548.0868523493,20.048136005773923
267976.2037248322,2763548.0868523493,20.0615498071007
268434.52318791946,2763548.0868523493,20.063286539577707
268892.8426510067,2763548.0868523493,20.050265515267565
269351.16211409395,2763548.0868523493,20.019266146824826
269809.4815771812,2763548.0868523493,19.967618101593693
270267.80104026844,2763548.0868523493,19.894362067090725
270726.1205033557,2763548.0868523493,19.801639762698684
271184.43996644294,2763548.0868523493,19.695617275979437
271642.7594295302,2763548.0868523493,19.58609955115598
272101.0788926174,2763548.0868523493,19.484552967574444
272559.3983557047,2763548.0868523493,19.40123887947593
273017.7178187919,2763548.0868523493,19.34280453742499
273476.03728187917,2763548.0868523493,19.31142858677041
273934.3567449664,2763548.0868523493,19.30560621822387
274392.67620805366,2763548.0868523493,19.32174052786274
274850.9956711409,2763548.0868523493,19.355608927321818
275309.3151342282,2763548.0868523493,19.40327391160094
275767.63459731545,2763548.0868523493,19.461470030656116
276225.9540604027,2763548.0868523493,19.52766666195436
276684.27352348994,2763548.0868523493,19.59998212240872
277142.5929865772,2763548.0868523493,19.677052528720168
277600.91244966444,2763548.0868523493,19.75790245268759
278059.2319127517,2763548.0868523493,19.84183273238531
278517.5513758389,2763548.0868523493,19.92832580553152
278975.8708389262,2763548.0868523493,20.016962274864905
279434.1903020134,2763548.0868523493,20.107338716264472
279892.50976510067,2763548.0868523493,20.198973020705026
280350.8292281879,2763548.0868523493,20.291179065591592
280809.14869127516,2763548.0868523493,20.382892378554274
281267.4681543624,2763548.0868523493,20.472458584768145
281725.78761744965,2763548.0868523493,20.5575300957678
282184.1070805369,2763548.0868523493,20.635494863161718
282642.42654362414,2763548.0868523493,20.704781742221133
283100.7460067114,2763548.0868523493,20.76607201303636
283559.06546979863,2763548.0868523493,20.82182407210394
284017.3849328859,2763548.0868523493,20.87477926323116
284475.7043959731,2763548.0868523493,20.927077442230512
284934.02385906037,2763548.0868523493,20.980153770974763
285392.3433221476,2763548.0868523493,21.03491677423986
285850.66278523486,2763548.0868523493,21.091930727012457
286308.9822483221,2763548.0868523493,21.151541649007264
286767.30171140935,2763548.0868523493,21.213955203300156
287225.6211744966,2763548.0868523493,21.279283584172493
287683.9406375839,2763548.0868523493,21.347574165217377
288142.26010067115,2763548.0868523493,21.41882806994703
288600.5795637584,2763548.0868523493,21.493013887806775
289058.89902684564,2763548.0868523493,21.570080168223157
289517.2184899329,2763548.0868523493,21.649969556271824
289975.53795302013,2763548.0868523493,21.73263708279578
290433.8574161074,2763548.0868523493,21.818074883104043
290892.1768791946,2763548.0868523493,21.906345211346483
291350.49634228187,2763548.0868523493,21.99762272609011
291808.8158053691,2763548.0868523493,22.092245224368433
292267.13526845636,2763548.0868523493,22.190768609997107
292725.4547315436,2763548.0868523493,22.29401544127831
293183.77419463085,2763548.0868523493,22.40309292807566
293642.0936577181,2763548.0868523493,22.519322445616094
294100.41312080534,2763548.0868523493,22.643914884219917
294558.7325838926,2763548.0868523493,22.776769447514866
295017.05204697984,2763548.0868523493,22.911008859657215
295475.3715100671,2763548.0868523493,22.99603479643746
295933.6909731543,2763548.0868523493,22.846774166168
296392.0104362416,2763548.0868523493,22.54083549344371
296850.3298993288,2763548.0868523493,22.223150637667548
297308.64936241606,2763548.0868523493,21.92041831907541
297766.96882550337,2763548.0868523493,21.63754698735125
298225.2882885906,2763548.0868523493,21.374980279550233
298683.60775167786,2763548.0868523493,21.131853561542847
299141.9272147651,2763548.0868523493,20.906965955507573
299600.24667785235,2763548.0868523493,20.699202709791095
300058.5661409396,2763548.0868523493,20.50775044308311
300516.88560402684,2763548.0868523493,20.332212309163065
300975.2050671141,2763548.0868523493,20.172664010540885
301433.52453020134,2763548.0868523493,20.029660181448705
301891.8439932886,2763548.0868523493,19.90418106625592
302350.1634563758,2763548.0868523493,19.797500314742273
302808.4829194631,2763548.0868523493,19.710956137400636
303266.8023825503,2763548.0868523493,19.645592988007362
303725.12184563756,2763548.0868523493,19.6013482862554
304183.4413087248,2763548.0868523493,19.56898786122337
262934.68963087245,2763785.7006644295,19.65171943533201
263393.0090939597,2763785.7006644295,19.696872698689248
263851.32855704695,2763785.7006644295,19.741924205984525
264309.64802013425,2763785.7006644295,19.786498485327318
264767.9674832215,2763785.7006644295,19.830143109096745
265226.28694630874,2763785.7006644295,19.872306887141708
265684.606409396,2763785.7006644295,19.91231157499765
266142.92587248323,2763785.7006644295,19.94931565546331
266601.2453355705,2763785.7006644295,19.982269208686557
267059.5647986577,2763785.7006644295,20.009860658592157
267517.88426174497,2763785.7006644295,20.030460773998573
267976.2037248322,2763785.7006644295,20.042079264988374
268434.52318791946,2763785.7006644295,20.042368001252978
268892.8426510067,2763785.7006644295,20.02873386491019
269351.16211409395,2763785.7006644295,19.99865521217251
269809.4815771812,2763785.7006644295,19.95029603350305
270267.80104026844,2763785.7006644295,19.883418512672513
270726.1205033557,2763785.7006644295,19.800364445088398
271184.43996644294,2763785.7006644295,19.70660536266674
271642.7594295302,2763785.7006644295,19.610325652169237
272101.0788926174,2763785.7006644295,19.52090341749776
272559.3983557047,2763785.7006644295,19.446797861060737
273017.7178187919,2763785.7006644295,19.393760050659452
273476.03728187917,2763785.7006644295,19.364111896205884
273934.3567449664,2763785.7006644295,19.35718920733726
274392.67620805366,2763785.7006644295,19.37044025539847
274850.9956711409,2763785.7006644295,19.40054729243606
275309.3151342282,2763785.7006644295,19.44421228255681
275767.63459731545,2763785.7006644295,19.498560967089055
276225.9540604027,2763785.7006644295,19.561273264291643
276684.27352348994,2763785.7006644295,19.630564432174417
277142.5929865772,2763785.7006644295,19.70510386298223
277600.91244966444,2763785.7006644295,19.783918460906037
278059.2319127517,2763785.7006644295,19.866300667113634
278517.5513758389,2763785.7006644295,19.951726194557494
278975.8708389262,2763785.7006644295,20.039778531337344
279434.1903020134,2763785.7006644295,20.13007192317158
279892.50976510067,2763785.7006644295,20.222158422064616
280350.8292281879,2763785.7006644295,20.31539480486928
280809.14869127516,2763785.7006644295,20.408731946171116
281267.4681543624,2763785.7006644295,20.500394674635867
281725.78761744965,2763785.7006644295,20.58755988030753
282184.1070805369,2763785.7006644295,20.66666498214561
282642.42654362414,2763785.7006644295,20.73532931343669
283100.7460067114,2763785.7006644295,20.794526353167424
283559.06546979863,2763785.7006644295,20.84770402612558
284017.3849328859,2763785.7006644295,20.898302464920885
284475.7043959731,2763785.7006644295,20.948696623395545
284934.02385906037,2763785.7006644295,21.000320499037617
285392.3433221476,2763785.7006644295,21.054009200343238
285850.66278523486,2763785.7006644295,21.110245998021323
286308.9822483221,2763785.7006644295,21.169306195138063
286767.30171140935,2763785.7006644295,21.231336760593653
287225.6211744966,2763785.7006644295,21.296400469574852
287683.9406375839,2763785.7006644295,21.364501038846146
288142.26010067115,2763785.7006644295,21.435598420336053
288600.5795637584,2763785.7006644295,21.50961967561883
289058.89902684564,2763785.7006644295,21.58646911458273
289517.2184899329,2763785.7006644295,21.66604069278887
289975.53795302013,2763785.7006644295,21.748235491547852
290433.8574161074,2763785.7006644295,21.83298711515932
290892.1768791946,2763785.7006644295,21.920297755694932
291350.49634228187,2763785.7006644295,22.010287218725253
291808.8158053691,2763785.7006644295,22.103256072016368
292267.13526845636,2763785.7006644295,22.199761948802482
292725.4547315436,2763785.7006644295,22.300704515498634
293183.77419463085,2763785.7006644295,22.407408971220253
293642.0936577181,2763785.7006644295,22.521688017760514
294100.41312080534,2763785.7006644295,22.64583943071036
294558.7325838926,2763785.7006644295,22.782453465361016
295017.05204697984,2763785.7006644295,22.933332347760068
295475.3715100671,2763785.7006644295,23.08418410303583
295933.6909731543,2763785.7006644295,22.892170393471872
296392.0104362416,2763785.7006644295,22.536031354224566
296850.3298993288,2763785.7006644295,22.19889261856856
297308.64936241606,2763785.7006644295,21.886108277237234
297766.96882550337,2763785.7006644295,21.597290939774062
298225.2882885906,2763785.7006644295,21.330883961007398
298683.60775167786,2763785.7006644295,21.084996749045573
299141.9272147651,2763785.7006644295,20.857809641062957
299600.24667785235,2763785.7006644295,20.647811571431635
300058.5661409396,2763785.7006644295,20.45393759811939
300516.88560402684,2763785.7006644295,20.275646823675714
300975.2050671141,2763785.7006644295,20.1129615732401
301433.52453020134,2763785.7006644295,19.966465437048107
301891.8439932886,2763785.7006644295,19.837234426135712
302350.1634563758,2763785.7006644295,19.72665556176521
302808.4829194631,2763785.7006644295,19.636062401537828
303266.8023825503,2763785.7006644295,19.56599450395307
303725.12184563756,2763785.7006644295,19.513999381330333
304183.4413087248,2763785.7006644295,19.463517968911106
304641.76077181206,2763785.7006644295,19.370917726581425
262476.3701677852,2764023.31447651,19.600095527948646
262934.68963087245,2764023.31447651,19.644757934837067
263393.0090939597,2764023.31447651,19.689553125718298
263851.32855704695,2764023.31447651,19.734149888885774
264309.64802013425,2764023.31447651,19.778155704359918
264767.9674832215,2764023.31447651,19.821100562599813
265226.28694630874,2764023.31447651,19.86241643642431
265684.606409396,2764023.31447651,19.901411608379775
266142.92587248323,2764023.31447651,19.937239288662727
266601.2453355705,2764023.31447651,19.968860856875086
267059.5647986577,2764023.31447651,19.995006332004834
267517.88426174497,2764023.31447651,20.01413952102147
267976.2037248322,2764023.31447651,20.02444442125263
268434.52318791946,2764023.31447651,20.023864361645906
268892.8426510067,2764023.31447651,20.010244777880114
269351.16211409395,2764023.31447651,19.981644533484392
269809.4815771812,2764023.31447651,19.936863762297364
270267.80104026844,2764023.31447651,19.876151517294502
270726.1205033557,2764023.31447651,19.801894423804253
271184.43996644294,2764023.31447651,19.71892958801064
271642.7594295302,2764023.31447651,19.634140051305643
272101.0788926174,2764023.31447651,19.55527873856615
272559.3983557047,2764023.31447651,19.4893916621703
273017.7178187919,2764023.31447651,19.44147126614152
273476.03728187917,2764023.31447651,19.413853608902233
273934.3567449664,2764023.31447651,19.406451922342967
274392.67620805366,2764023.31447651,19.41751425905762
274850.9956711409,2764023.31447651,19.44447423906564
275309.3151342282,2764023.31447651,19.484609646958877
275767.63459731545,2764023.31447651,19.53543086137948
276225.9540604027,2764023.31447651,19.594848090928295
276684.27352348994,2764023.31447651,19.661200543517026
277142.5929865772,2764023.31447651,19.733216148244153
277600.91244966444,2764023.31447651,19.80994461990413
278059.2319127517,2764023.31447651,19.89068559436163
278517.5513758389,2764023.31447651,19.974919998302138
278975.8708389262,2764023.31447651,20.06224456673581
279434.1903020134,2764023.31447651,20.152303290525428
279892.50976510067,2764023.31447651,20.244701988694644
280350.8292281879,2764023.31447651,20.338878101683694
280809.14869127516,2764023.31447651,20.433869639142912
281267.4681543624,2764023.31447651,20.527887061260117
281725.78761744965,2764023.31447651,20.617659203370636
282184.1070805369,2764023.31447651,20.698310325063332
282642.42654362414,2764023.31447651,20.766095087858318
283100.7460067114,2764023.31447651,20.82251424316451
283559.06546979863,2764023.31447651,20.872570976798258
284017.3849328859,2764023.31447651,20.92053230350636
284475.7043959731,2764023.31447651,20.968912924310317
284934.02385906037,2764023.31447651,21.019053595107934
285392.3433221476,2764023.31447651,21.071664292839287
285850.66278523486,2764023.31447651,21.127122303395925
286308.9822483221,2764023.31447651,21.18562068613046
286767.30171140935,2764023.31447651,21.247242256165976
287225.6211744966,2764023.31447651,21.311997296914306
287683.9406375839,2764023.31447651,21.379843299362257
288142.26010067115,2764023.31447651,21.45069585619559
288600.5795637584,2764023.31447651,21.524435809396767
289058.89902684564,2764023.31447651,21.600916104314024
289517.2184899329,2764023.31447651,21.679971296944533
289975.53795302013,2764023.31447651,21.761432701598828
290433.8574161074,2764023.31447651,21.845152407013558
290892.1768791946,2764023.31447651,21.931039544692247
291350.49634228187,2764023.31447651,22.01911195712603
291808.8158053691,2764023.31447651,22.10956543988093
292267.13526845636,2764023.31447651,22.202860658777173
292725.4547315436,2764023.31447651,22.299824299392537
293183.77419463085,2764023.31447651,22.401755425104465
293642.0936577181,2764023.31447651,22.510518807541278
294100.41312080534,2764023.31447651,22.628588115185945
294558.7325838926,2764023.31447651,22.758942354573726
295017.05204697984,2764023.31447651,22.904341941984804
295475.3715100671,2764023.31447651,23.056540501551417
295933.6909731543,2764023.31447651,22.85364658700651
296392.0104362416,2764023.31447651,22.489394776160474
296850.3298993288,2764023.31447651,22.148038869254883
297308.64936241606,2764023.31447651,21.83278155839392
297766.96882550337,2764023.31447651,21.542587957672144
298225.2882885906,2764023.31447651,21.275405007939142
298683.60775167786,2764023.31447651,21.02892153288744
299141.9272147651,2764023.31447651,20.800985628937248
299600.24667785235,2764023.31447651,20.5898421929262
300058.5661409396,2764023.31447651,20.394259649885658
300516.88560402684,2764023.31447651,20.213598655808887
300975.2050671141,2764023.31447651,20.047849386667252
301433.52453020134,2764023.31447651,19.897631455746854
301891.8439932886,2764023.31447651,19.764115222892542
302350.1634563758,2764023.31447651,19.64878630402486
302808.4829194631,2764023.31447651,19.552923606270138
303266.8023825503,2764023.31447651,19.476486626277882
303725.12184563756,2764023.31447651,19.41531124198566
304183.4413087248,2764023.31447651,19.353992518572458
304641.76077181206,2764023.31447651,19.26943383250833
305100.0802348993,2764023.31447651,19.170241337694357
262476.3701677852,2764260.9282885906,19.593348384198666
262934.68963087245,2764260.9282885906,19.637764926647332
263393.0090939597,2764260.9282885906,19.682239961119713
263851.32855704695,2764260.9282885906,19.7264287168557
264309.64802013425,2764260.9282885906,19.769924963335903
264767.9674832215,2764260.9282885906,19.81224558572867
265226.28694630874,2764260.9282885906,19.85281166508096
265684.606409396,2764260.9282885906,19.890925786195947
266142.92587248323,2764260.9282885906,19.925745769566802
266601.2453355705,2764260.9282885906,19.95625620390783
267059.5647986577,2764260.9282885906,19.981241630520064
267517.88426174497,2764260.9282885906,19.999269864688664
267976.2037248322,2764260.9282885906,20.008701686450618
268434.52318791946,2764260.9282885906,20.007754193935092
268892.8426510067,2764260.9282885906,19.994656774714645
269351.16211409395,2764260.9282885906,19.967941646739447
269809.4815771812,2764260.9282885906,19.926887039105125
270267.80104026844,2764260.9282885906,19.872060654997785
270726.1205033557,2764260.9282885906,19.805799683459867
271184.43996644294,2764260.9282885906,19.73237404359509
271642.7594295302,2764260.9282885906,19.657614747052882
272101.0788926174,2764260.9282885906,19.5879963312372
272559.3983557047,2764260.9282885906,19.529445312514824
273017.7178187919,2764260.9282885906,19.486313845094266
273476.03728187917,2764260.9282885906,19.46087813695403
273934.3567449664,2764260.9282885906,19.453444412038696
274392.67620805366,2764260.9282885906,19.46287012006836
274850.9956711409,2764260.9282885906,19.48720570798976
275309.3151342282,2764260.9282885906,19.524236080307347
275767.63459731545,2764260.9282885906,19.571835953365888
276225.9540604027,2764260.9282885906,19.62815214980546
276684.27352348994,2764260.9282885906,19.69166480995487
277142.5929865772,2764260.9282885906,19.761179046833366
277600.91244966444,2764260.9282885906,19.835783664011714
278059.2319127517,2764260.9282885906,19.914798204153737
278517.5513758389,2764260.9282885906,19.99771824164206
278975.8708389262,2764260.9282885906,20.084161166937186
279434.1903020134,2764260.9282885906,20.17380865178066
279892.50976510067,2764260.9282885906,20.266334242628613
280350.8292281879,2764260.9282885906,20.361288725425474
280809.14869127516,2764260.9282885906,20.45787663928159
281267.4681543624,2764260.9282885906,20.5544611502409
281725.78761744965,2764260.9282885906,20.647501466383318
282184.1070805369,2764260.9282885906,20.73038300362927
282642.42654362414,2764260.9282885906,20.79691391671357
283100.7460067114,2764260.9282885906,20.849616004257108
283559.06546979863,2764260.9282885906,20.895983790980686
284017.3849328859,2764260.9282885906,20.941118063881703
284475.7043959731,2764260.9282885906,20.98746893299632
284934.02385906037,2764260.9282885906,21.036165550385746
285392.3433221476,2764260.9282885906,21.087742915236582
285850.66278523486,2764260.9282885906,21.142453690847645
286308.9822483221,2764260.9282885906,21.200402438706327
286767.30171140935,2764260.9282885906,21.261606046770716
287225.6211744966,2764260.9282885906,21.326021765201773
287683.9406375839,2764260.9282885906,21.39356010825402
288142.26010067115,2764260.9282885906,21.464090532682373
288600.5795637584,2764260.9282885906,21.537444157815123
289058.89902684564,2764260.9282885906,21.613416497488547
289517.2184899329,2764260.9282885906,21.691772940910422
289975.53795302013,2764260.9282885906,21.772259990457435
290433.8574161074,2764260.9282885906,21.854625712241365
290892.1768791946,2764260.9282885906,21.938653169480027
291350.49634228187,2764260.9282885906,22.02421038622642
291808.8158053691,2764260.9282885906,22.111319067279467
292267.13526845636,2764260.9282885906,22.200241064849983
292725.4547315436,2764260.9282885906,22.291575005230598
293183.77419463085,2764260.9282885906,22.386341981267385
293642.0936577181,2764260.9282885906,22.48600673378393
294100.41312080534,2764260.9282885906,22.5922803610939
294558.7325838926,2764260.9282885906,22.706131608569585
295017.05204697984,2764260.9282885906,22.822862204530384
295475.3715100671,2764260.9282885906,22.895495387675652
295933.6909731543,2764260.9282885906,22.725706519818747
296392.0104362416,2764260.9282885906,22.400205647517357
296850.3298993288,2764260.9282885906,22.0703738830676
297308.64936241606,2764260.9282885906,21.760395502022646
297766.96882550337,2764260.9282885906,21.47350925616472
298225.2882885906,2764260.9282885906,21.208700388104482
298683.60775167786,2764260.9282885906,20.96384783029877
299141.9272147651,2764260.9282885906,20.73675935262797
299600.24667785235,2764260.9282885906,20.525593905596864
300058.5661409396,2764260.9282885906,20.329042275227035
300516.88560402684,2764260.9282885906,20.146413885969856
300975.2050671141,2764260.9282885906,19.97768858842232
301433.52453020134,2764260.9282885906,19.823533309375254
301891.8439932886,2764260.9282885906,19.685229551841456
302350.1634563758,2764260.9282885906,19.5644009225199
302808.4829194631,2764260.9282885906,19.46236610835122
303266.8023825503,2764260.9282885906,19.378821013630663
303725.12184563756,2764260.9282885906,19.309284388761732
304183.4413087248,2764260.9282885906,19.241819296385927
304641.76077181206,2764260.9282885906,19.16312393436901
305100.0802348993,2764260.9282885906,19.076560836659276
262476.3701677852,2764498.542100671,19.586565200309465
262934.68963087245,2764498.542100671,19.630772505474727
263393.0090939597,2764498.542100671,19.67497117780603
263851.32855704695,2764498.542100671,19.718805475845574
264309.64802013425,2764498.542100671,19.761858850466837
264767.9674832215,2764498.542100671,19.80363946110093
265226.28694630874,2764498.542100671,19.843563071223638
265684.606409396,2764498.542100671,19.880933504567505
266142.92587248323,2764498.542100671,19.91492147934938
266601.2453355705,2764498.542100671,19.94454395816621
267059.5647986577,2764498.542100671,19.968648600956584
267517.88426174497,2764498.542100671,19.985912033447303
267976.2037248322,2764498.542100671,19.99486681096906
268434.52318791946,2764498.542100671,19.9939795601134
268892.8426510067,2764498.542100671,19.981808655044887
269351.16211409395,2764498.542100671,19.957266247757488
269809.4815771812,2764498.542100671,19.919984445405426
270267.80104026844,2764498.542100671,19.87072981303549
270726.1205033557,2764498.542100671,19.811735343911472
271184.43996644294,2764498.542100671,19.74677047969667
271642.7594295302,2764498.542100671,19.680810148852412
272101.0788926174,2764498.542100671,19.619313212156047
272559.3983557047,2764498.542100671,19.56731114132292
273017.7178187919,2764498.542100671,19.52861641458414
273476.03728187917,2764498.542100671,19.50540580691993
273934.3567449664,2764498.542100671,19.498249570257492
274392.67620805366,2764498.542100671,19.506468206399852
274850.9956711409,2764498.542100671,19.528614611750285
275309.3151342282,2764498.542100671,19.56291326963653
275767.63459731545,2764498.542100671,19.607574957457302
276225.9540604027,2764498.542100671,19.66097958165465
276684.27352348994,2764498.542100671,19.72175681683189
277142.5929865772,2764498.542100671,19.788801469724117
277600.91244966444,2764498.542100671,19.86125342115858
278059.2319127517,2764498.542100671,19.938461627607133
278517.5513758389,2764498.542100671,20.019942776741885
278975.8708389262,2764498.542100671,20.10533863587313
279434.1903020134,2764498.542100671,20.19437083315605
279892.50976510067,2764498.542100671,20.286785235613912
280350.8292281879,2764498.542100671,20.38226418463339
280809.14869127516,2764498.542100671,20.48024494441779
281267.4681543624,2764498.542100671,20.579450611606656
281725.78761744965,2764498.542100671,20.676512976920417
282184.1070805369,2764498.542100671,20.76281230068627
282642.42654362414,2764498.542100671,20.82746921063736
283100.7460067114,2764498.542100671,20.875165690056672
283559.06546979863,2764498.542100671,20.917372319678865
284017.3849328859,2764498.542100671,20.959664728701107
284475.7043959731,2764498.542100671,21.004098642062175
284934.02385906037,2764498.542100671,21.051472735053746
285392.3433221476,2764498.542100671,21.10211339283732
285850.66278523486,2764498.542100671,21.15614216729277
286308.9822483221,2764498.542100671,21.213576324637604
286767.30171140935,2764498.542100671,21.27436955479557
287225.6211744966,2764498.542100671,21.33842839243255
287683.9406375839,2764498.542100671,21.405617620956605
288142.26010067115,2764498.542100671,21.475760365586783
288600.5795637584,2764498.542100671,21.548635940857753
289058.89902684564,2764498.542100671,21.623977765821376
289517.2184899329,2764498.542100671,21.70147375152905
289975.53795302013,2764498.542100671,21.7807720690502
290433.8574161074,2764498.542100671,21.861495839710475
290892.1768791946,2764498.542100671,21.943270707874444
291350.49634228187,2764498.542100671,22.025768909489035
291808.8158053691,2764498.542100671,22.10877142772035
292267.13526845636,2764498.542100671,22.19224457897731
292725.4547315436,2764498.542100671,22.276415797657794
293183.77419463085,2764498.542100671,22.36180746196313
293642.0936577181,2764498.542100671,22.44912152306831
294100.41312080534,2764498.542100671,22.53866520952563
294558.7325838926,2764498.542100671,22.628254354447247
295017.05204697984,2764498.542100671,22.705213353913347
295475.3715100671,2764498.542100671,22.716707547163892
295933.6909731543,2764498.542100671,22.56060121575199
296392.0104362416,2764498.542100671,22.27735036859166
296850.3298993288,2764498.542100671,21.96852121414072
297308.64936241606,2764498.542100671,21.670086586717012
297766.96882550337,2764498.542100671,21.39073556413335
298225.2882885906,2764498.542100671,21.131292577186798
298683.60775167786,2764498.542100671,20.89023827653266
299141.9272147651,2764498.542100671,20.665570803454084
299600.24667785235,2764498.542100671,20.45550198527266
300058.5661409396,2764498.542100671,20.258726947531468
300516.88560402684,2764498.542100671,20.074546640961966
300975.2050671141,2764498.542100671,19.902948613941817
301433.52453020134,2764498.542100671,19.744658727416248
301891.8439932886,2764498.542100671,19.601101294409236
302350.1634563758,2764498.542100671,19.474126368168747
302808.4829194631,2764498.542100671,19.365298118836392
303266.8023825503,2764498.542100671,19.274527970184664
303725.12184563756,2764498.542100671,19.198040866128068
304183.4413087248,2764498.542100671,19.127219438818084
304641.76077181206,2764498.542100671,19.053639812307114
305100.0802348993,2764498.542100671,18.978008538115205
305558.39969798655,2764498.542100671,18.90681701662683
262018.050704698,2764736.155912752,19.535980587848698
262476.3701677852,2764736.155912752,19.57977162275594
262934.68963087245,2764736.155912752,19.623810715393653
263393.0090939597,2764736.155912752,19.667781811101325
263851.32855704695,2764736.155912752,19.711320854241777
264309.64802013425,2764736.155912752,19.754004337434584
264767.9674832215,2764736.155912752,19.795335866880144
265226.28694630874,2764736.155912752,19.834730965244816
265684.606409396,2764736.155912752,19.871500675300076
266142.92587248323,2764736.155912752,19.904835254826278
266601.2453355705,2764736.155912752,19.933790599307976
267059.5647986577,2764736.155912752,19.95728229553643
267517.88426174497,2764736.155912752,19.974095673185364
267976.2037248322,2764736.155912752,19.98292483718782
268434.52318791946,2764736.155912752,19.982458408896107
268892.8426510067,2764736.155912752,19.971531543897797
269351.16211409395,2764736.155912752,19.949356854759053
269809.4815771812,2764736.155912752,19.91582368233724
270267.80104026844,2764736.155912752,19.87181272916975
270726.1205033557,2764736.155912752,19.81942342477512
271184.43996644294,2764736.155912752,19.76198708776993
271642.7594295302,2764736.155912752,19.70377759621101
272101.0788926174,2764736.155912752,19.649439451888536
272559.3983557047,2764736.155912752,19.603282610286513
273017.7178187919,2764736.155912752,19.568664875791114
273476.03728187917,2764736.155912752,19.547645379882866
273934.3567449664,2764736.155912752,19.540968536304717
274392.67620805366,2764736.155912752,19.548306119234258
274850.9956711409,2764736.155912752,19.56861821069065
275309.3151342282,2764736.155912752,19.60050597836315
275767.63459731545,2764736.155912752,19.642484172278625
276225.9540604027,2764736.155912752,19.693155454152226
276684.27352348994,2764736.155912752,19.75130097044065
277142.5929865772,2764736.155912752,19.815912345530823
277600.91244966444,2764736.155912752,19.886188448023066
278059.2319127517,2764736.155912752,19.961513915341943
278517.5513758389,2764736.155912752,20.041429902065005
278975.8708389262,2764736.155912752,20.125602296223434
279434.1903020134,2764736.155912752,20.213788483093023
279892.50976510067,2764736.155912752,20.305799161787256
280350.8292281879,2764736.155912752,20.40144268403792
280809.14869127516,2764736.155912752,20.500411473968907
281267.4681543624,2764736.155912752,20.60195669166851
281725.78761744965,2764736.155912752,20.703614464892052
282184.1070805369,2764736.155912752,20.79545335770997
282642.42654362414,2764736.155912752,20.85703748379622
283100.7460067114,2764736.155912752,20.89811275630975
283559.06546979863,2764736.155912752,20.936044688481807
284017.3849328859,2764736.155912752,20.975758765902548
284475.7043959731,2764736.155912752,21.018545597549277
284934.02385906037,2764736.155912752,21.064806162136804
285392.3433221476,2764736.155912752,21.11465772821545
285850.66278523486,2764736.155912752,21.168101302036824
286308.9822483221,2764736.155912752,21.22507684593787
286767.30171140935,2764736.155912752,21.285482392239345
287225.6211744966,2764736.155912752,21.34917898458106
287683.9406375839,2764736.155912752,21.415988940452152
288142.26010067115,2764736.155912752,21.48569051809203
288600.5795637584,2764736.155912752,21.55801074311621
289058.89902684564,2764736.155912752,21.632617991891788
289517.2184899329,2764736.155912752,21.709116334098173
289975.53795302013,2764736.155912752,21.78704435380824
290433.8574161074,2764736.155912752,21.865881974338595
290892.1768791946,2764736.155912752,21.94506932874451
291350.49634228187,2764736.155912752,22.024041226071144
291808.8158053691,2764736.155912752,22.102277954784878
292267.13526845636,2764736.155912752,22.179365680225253
292725.4547315436,2764736.155912752,22.255042837432796
293183.77419463085,2764736.155912752,22.329171291543638
293642.0936577181,2764736.155912752,22.40147932768611
294100.41312080534,2764736.155912752,22.47067041325232
294558.7325838926,2764736.155912752,22.53173027593393
295017.05204697984,2764736.155912752,22.56821616503085
295475.3715100671,2764736.155912752,22.53687607901307
295933.6909731543,2764736.155912752,22.383976653092194
296392.0104362416,2764736.155912752,22.132095616495683
296850.3298993288,2764736.155912752,21.846801230115243
297308.64936241606,2764736.155912752,21.563897319671483
297766.96882550337,2764736.155912752,21.295475361084286
298225.2882885906,2764736.155912752,21.04404122125776
298683.60775167786,2764736.155912752,20.80878603939968
299141.9272147651,2764736.155912752,20.588027254238824
299600.24667785235,2764736.155912752,20.38013208382143
300058.5661409396,2764736.155912752,20.183866418574972
300516.88560402684,2764736.155912752,19.998555489312835
300975.2050671141,2764736.155912752,19.824203525134553
301433.52453020134,2764736.155912752,19.661600524032934
301891.8439932886,2764736.155912752,19.512350634235453
302350.1634563758,2764736.155912752,19.37865128475814
302808.4829194631,2764736.155912752,19.26258003993091
303266.8023825503,2764736.155912752,19.164742777310543
303725.12184563756,2764736.155912752,19.08262225696433
304183.4413087248,2764736.155912752,19.01023280902041
304641.76077181206,2764736.155912752,18.941661300919222
305100.0802348993,2764736.155912752,18.875962878022964
305558.39969798655,2764736.155912752,18.81597883037563
306016.7191610738,2764736.155912752,18.764057187983692
262018.050704698,2764973.7697248324,19.52928007878526
262476.3701677852,2764973.7697248324,19.572991735982857
262934.68963087245,2764973.7697248324,19.61690730529436
263393.0090939597,2764973.7697248324,19.660703667588244
263851.32855704695,2764973.7697248324,19.704011128184302
264309.64802013425,2764973.7697248324,19.746402484452055
264767.9674832215,2764973.7697248324,19.787380677702426
265226.28694630874,2764973.7697248324,19.826365494300738
265684.606409396,2764973.7697248324,19.862680177820813
266142.92587248323,2764973.7697248324,19.895539574123912
266601.2453355705,2764973.7697248324,19.924042719126767
267059.5647986577,2764973.7697248324,19.947174768387463
267517.88426174497,2764973.7697248324,19.963825928065
267976.2037248322,2764973.7697248324,19.97283827442421
268434.52318791946,2764973.7697248324,19.973093881468852
268892.8426510067,2764973.7697248324,19.963656895892715
269351.16211409395,2764973.7697248324,19.943973892428666
269809.4815771812,2764973.7697248324,19.914116772793175
270267.80104026844,2764973.7697248324,19.87502089083172
270726.1205033557,2764973.7697248324,19.828638858133154
271184.43996644294,2764973.7697248324,19.777920222885093
271642.7594295302,2764973.7697248324,19.726561336147277
272101.0788926174,2764973.7697248324,19.678548368369356
272559.3983557047,2764973.7697248324,19.637605427234
273017.7178187919,2764973.7697248324,19.60670727126685
273476.03728187917,2764973.7697248324,19.587790305241768
273934.3567449664,2764973.7697248324,19.581710845921187
274392.67620805366,2764973.7697248324,19.588406962445198
274850.9956711409,2764973.7697248324,19.60716769683895
275309.3151342282,2764973.7697248324,19.636914340185115
275767.63459731545,2764973.7697248324,19.676432564586236
276225.9540604027,2764973.7697248324,19.724533121585374
276684.27352348994,2764973.7697248324,19.780145518291015
277142.5929865772,2764973.7697248324,19.842360818987913
277600.91244966444,2764973.7697248324,19.91044113959901
278059.2319127517,2764973.7697248324,19.98381004395273
278517.5513758389,2764973.7697248324,20.062033580818696
278975.8708389262,2764973.7697248324,20.14479777468371
279434.1903020134,2764973.7697248324,20.231885342782565
279892.50976510067,2764973.7697248324,20.323151799418326
280350.8292281879,2764973.7697248324,20.418497408250456
280809.14869127516,2764973.7697248324,20.51782106834668
281267.4681543624,2764973.7697248324,20.62089545538949
281725.78761744965,2764973.7697248324,20.72677242684894
282184.1070805369,2764973.7697248324,20.827789698872053
282642.42654362414,2764973.7697248324,20.883634992158473
283100.7460067114,2764973.7697248324,20.916933918494784
283559.06546979863,2764973.7697248324,20.951259479351812
284017.3849328859,2764973.7697248324,20.98901539849851
284475.7043959731,2764973.7697248324,21.03058690049591
284934.02385906037,2764973.7697248324,21.07602360975257
285392.3433221476,2764973.7697248324,21.125277959754225
285850.66278523486,2764973.7697248324,21.1782596777288
286308.9822483221,2764973.7697248324,21.234850011114105
286767.30171140935,2764973.7697248324,21.29490329415903
287225.6211744966,2764973.7697248324,21.35824292004048
287683.9406375839,2764973.7697248324,21.424653870415867
288142.26010067115,2764973.7697248324,21.493872638783706
288600.5795637584,2764973.7697248324,21.56557518656117
289058.89902684564,2764973.7697248324,21.639363876966925
289517.2184899329,2764973.7697248324,21.714754971442016
289975.53795302013,2764973.7697248324,21.791169161866772
290433.8574161074,2764973.7697248324,21.867928588835262
290892.1768791946,2764973.7697248324,21.944264462753733
291350.49634228187,2764973.7697248324,22.01933889174179
291808.8158053691,2764973.7697248324,22.09228115024311
292267.13526845636,2764973.7697248324,22.162229356152586
292725.4547315436,2764973.7697248324,22.22834771022858
293183.77419463085,2764973.7697248324,22.28974504816813
293642.0936577181,2764973.7697248324,22.345122523646126
294100.41312080534,2764973.7697248324,22.39175050387447
294558.7325838926,2764973.7697248324,22.42287768927706
295017.05204697984,2764973.7697248324,22.422219154009653
295475.3715100671,2764973.7697248324,22.35862095679818
295933.6909731543,2764973.7697248324,22.20376443717978
296392.0104362416,2764973.7697248324,21.97305657325474
296850.3298993288,2764973.7697248324,21.709823553779923
297308.64936241606,2764973.7697248324,21.444358009300544
297766.96882550337,2764973.7697248324,21.18932275425552
298225.2882885906,2764973.7697248324,20.9480873905447
298683.60775167786,2764973.7697248324,20.720388055034782
299141.9272147651,2764973.7697248324,20.50488700033489
299600.24667785235,2764973.7697248324,20.3001685167311
300058.5661409396,2764973.7697248324,20.105115761866333
300516.88560402684,2764973.7697248324,19.919096792963256
300975.2050671141,2764973.7697248324,19.742127015876363
301433.52453020134,2764973.7697248324,19.575050285791644
301891.8439932886,2764973.7697248324,19.419678526116627
302350.1634563758,2764973.7697248324,19.278688818909316
302808.4829194631,2764973.7697248324,19.154966344503727
303266.8023825503,2764973.7697248324,19.05024314318982
303725.12184563756,2764973.7697248324,18.96353643012673
304183.4413087248,2764973.7697248324,18.890855876709015
304641.76077181206,2764973.7697248324,18.827545008156537
305100.0802348993,2764973.7697248324,18.77136533108418
305558.39969798655,2764973.7697248324,18.722487273688902
306016.7191610738,2764973.7697248324,18.681401910872093
261559.73124161075,2765211.383536913,19.479358919785124
262018.050704698,2765211.383536913,19.522574248294585
262476.3701677852,2765211.383536913,19.56624792506206
262934.68963087245,2765211.383536913,19.610087546025888
263393.0090939597,2765211.383536913,19.653765113534643
263851.32855704695,2765211.383536913,19.69690795084201
264309.64802013425,2765211.383536913,19.73908827959869
264767.9674832215,2765211.383536913,19.779811933534535
265226.28694630874,2765211.383536913,19.818506864670237
265684.606409396,2765211.383536913,19.854512519602032
266142.92587248323,2765211.383536913,19.887071911913253
266601.2453355705,2765211.383536913,19.91532939245163
267059.5647986577,2765211.383536913,19.938338789933773
267517.88426174497,2765211.383536913,19.955088683506485
267976.2037248322,2765211.383536913,19.964553635789102
268434.52318791946,2765211.383536913,19.965781128724043
268892.8426510067,2765211.383536913,19.958021603251815
269351.16211409395,2765211.383536913,19.940900558429345
269809.4815771812,2765211.383536913,19.914615010979055
270267.80104026844,2765211.383536913,19.880113546462557
270726.1205033557,2765211.383536913,19.83919872743695
271184.43996644294,2765211.383536913,19.794488243107683
271642.7594295302,2765211.383536913,19.749200054031387
272101.0788926174,2765211.383536913,19.706784279803014
272559.3983557047,2765211.383536913,19.670486419907125
273017.7178187919,2765211.383536913,19.64295856483351
273476.03728187917,2765211.383536913,19.62601722589828
273934.3567449664,2765211.383536913,19.620587900739263
274392.67620805366,2765211.383536913,19.626810606719218
274850.9956711409,2765211.383536913,19.644239760756395
275309.3151342282,2765211.383536913,19.672067107812815
275767.63459731545,2765211.383536913,19.709317069859292
276225.9540604027,2765211.383536913,19.754991377344396
276684.27352348994,2765211.383536913,19.80816116206872
277142.5929865772,2765211.383536913,19.86801596328788
277600.91244966444,2765211.383536913,19.933882316455527
278059.2319127517,2765211.383536913,20.00522335338124
278517.5513758389,2765211.383536913,20.08162799940355
278975.8708389262,2765211.383536913,20.162795491035617
279434.1903020134,2765211.383536913,20.24851867296144
279892.50976510067,2765211.383536913,20.33866795499345
280350.8292281879,2765211.383536913,20.433176785069417
280809.14869127516,2765211.383536913,20.532028796705745
281267.4681543624,2765211.383536913,20.635245905100508
281725.78761744965,2765211.383536913,20.742871824151663
282184.1070805369,2765211.383536913,20.85477706787372
282642.42654362414,2765211.383536913,20.90180488789576
283100.7460067114,2765211.383536913,20.929915901597415
283559.06546979863,2765211.383536913,20.96238971768196
284017.3849328859,2765211.383536913,20.99914193141812
284475.7043959731,2765211.383536913,21.040059010150532
284934.02385906037,2765211.383536913,21.08502118778283
285392.3433221476,2765211.383536913,21.13390179651207
285850.66278523486,2765211.383536913,21.18656378748608
286308.9822483221,2765211.383536913,21.242854821969996
286767.30171140935,2765211.383536913,21.302600772739517
287225.6211744966,2765211.383536913,21.36559721396155
287683.9406375839,2765211.383536913,21.431598463690186
288142.26010067115,2765211.383536913,21.500303867923208
288600.5795637584,2765211.383536913,21.571341296623277
289058.89902684564,2765211.383536913,21.64424830700338
289517.2184899329,2765211.383536913,21.718452166023482
289975.53795302013,2765211.383536913,21.7932509247024
290433.8574161074,2765211.383536913,21.86779889510035
290892.1768791946,2765211.383536913,21.941100806002346
291350.49634228187,2765211.383536913,22.012018644857818
291808.8158053691,2765211.383536913,22.079291780454028
292267.13526845636,2765211.383536913,22.141560915836948
292725.4547315436,2765211.383536913,22.197363937031035
293183.77419463085,2765211.383536913,22.245026965414844
293642.0936577181,2765211.383536913,22.28228917141236
294100.41312080534,2765211.383536913,22.30535001941073
294558.7325838926,2765211.383536913,22.306859591934074
295017.05204697984,2765211.383536913,22.27286619954403
295475.3715100671,2765211.383536913,22.182724720207258
295933.6909731543,2765211.383536913,22.022708199790646
296392.0104362416,2765211.383536913,21.805653401965152
296850.3298993288,2765211.383536913,21.561611516355523
297308.64936241606,2765211.383536913,21.314109874027842
297766.96882550337,2765211.383536913,21.07410540672948
298225.2882885906,2765211.383536913,20.84478578355164
298683.60775167786,2765211.383536913,20.626108600241476
299141.9272147651,2765211.383536913,20.41703570946562
299600.24667785235,2765211.383536913,20.21639690109006
300058.5661409396,2765211.383536913,20.023219085089927
300516.88560402684,2765211.383536913,19.836915090703904
300975.2050671141,2765211.383536913,19.657486689163925
301433.52453020134,2765211.383536913,19.4857953330992
301891.8439932886,2765211.383536913,19.323861133645
302350.1634563758,2765211.383536913,19.174962447630165
302808.4829194631,2765211.383536913,19.04309819547645
303266.8023825503,2765211.383536913,18.931538012771764
303725.12184563756,2765211.383536913,18.841019815563964
304183.4413087248,2765211.383536913,18.769077284338614
304641.76077181206,2765211.383536913,18.71154334927814
305100.0802348993,2765211.383536913,18.66492503129641
305558.39969798655,2765211.383536913,18.6272234671649
306016.7191610738,2765211.383536913,18.597220962805462
306475.03862416104,2765211.383536913,18.57382235699424
261559.73124161075,2765448.9973489936,19.47263387881894
262018.050704698,2765448.9973489936,19.515881623202535
262476.3701677852,2765448.9973489936,19.559560785951106
262934.68963087245,2765448.9973489936,19.603374104588696
263393.0090939597,2765448.9973489936,19.64699093485466
263851.32855704695,2765448.9973489936,19.690038232031192
264309.64802013425,2765448.9973489936,19.732090589829905
264767.9674832215,2765448.9973489936,19.77265994003589
265226.28694630874,2765448.9973489936,19.811185705682824
265684.606409396,2765448.9973489936,19.847026622920247
266142.92587248323,2765448.9973489936,19.879456154079787
266601.2453355705,2765448.9973489936,19.907664449849833
267059.5647986577,2765448.9973489936,19.930771168674525
267517.88426174497,2765448.9973489936,19.94785495659912
267976.2037248322,2765448.9973489936,19.958006539712862
268434.52318791946,2765448.9973489936,19.96041217672374
268892.8426510067,2765448.9973489936,19.954471063102474
269351.16211409395,2765448.9973489936,19.939942362718224
269809.4815771812,2765448.9973489936,19.917104098327492
270267.80104026844,2765448.9973489936,19.886889521577473
270726.1205033557,2765448.9973489936,19.850953949290616
271184.43996644294,2765448.9973489936,19.811626878935193
271642.7594295302,2765448.9973489936,19.771728047775415
272101.0788926174,2765448.9973489936,19.73426842195326
272559.3983557047,2765448.9973489936,19.70210059621891
273017.7178187919,2765448.9973489936,19.67760502519731
273476.03728187917,2765448.9973489936,19.66248579553112
273934.3567449664,2765448.9973489936,19.65770872474034
274392.67620805366,2765448.9973489936,19.66356724578531
274850.9956711409,2765448.9973489936,19.679829853756846
275309.3151342282,2765448.9973489936,19.70591585996887
275767.63459731545,2765448.9973489936,19.741058245904686
276225.9540604027,2765448.9973489936,19.78443155897187
276684.27352348994,2765448.9973489936,19.835239391627862
277142.5929865772,2765448.9973489936,19.892766081451146
277600.91244966444,2765448.9973489936,19.95640129944772
278059.2319127517,2765448.9973489936,20.02564633507376
278517.5513758389,2765448.9973489936,20.100109227617438
278975.8708389262,2765448.9973489936,20.17949376721253
279434.1903020134,2765448.9973489936,20.26358537691518
279892.50976510067,2765448.9973489936,20.352234966034867
280350.8292281879,2765448.9973489936,20.445339179719472
280809.14869127516,2765448.9973489936,20.542808442210283
281267.4681543624,2765448.9973489936,20.64448273981882
281725.78761744965,2765448.9973489936,20.749722430260782
282184.1070805369,2765448.9973489936,20.85231250677983
282642.42654362414,2765448.9973489936,20.90525528123479
283100.7460067114,2765448.9973489936,20.93609590546709
283559.06546979863,2765448.9973489936,20.9691324318865
284017.3849328859,2765448.9973489936,21.005997191465312
284475.7043959731,2765448.9973489936,21.046878655132893
284934.02385906037,2765448.9973489936,21.09174197313716
285392.3433221476,2765448.9973489936,21.140486606477705
285850.66278523486,2765448.9973489936,21.192979990140145
286308.9822483221,2765448.9973489936,21.249064200237264
286767.30171140935,2765448.9973489936,21.308553419410995
287225.6211744966,2765448.9973489936,21.37122634031433
287683.9406375839,2765448.9973489936,21.436814374566044
288142.26010067115,2765448.9973489936,21.50498564332907
288600.5795637584,2765448.9973489936,21.575324613707334
289058.89902684564,2765448.9973489936,21.647307551231847
289517.2184899329,2765448.9973489936,21.720274627520325
289975.53795302013,2765448.9973489936,21.793400565049183
290433.8574161074,2765448.9973489936,21.86566705738872
290892.1768791946,2765448.9973489936,21.935841538584327
291350.49634228187,2765448.9973489936,22.002467232104625
291808.8158053691,2765448.9973489936,22.063866701849314
292267.13526845636,2765448.9973489936,22.1181516351606
292725.4547315436,2765448.9973489936,22.163209879550983
293183.77419463085,2765448.9973489936,22.196600778643756
293642.0936577181,2765448.9973489936,22.2152292998071
294100.41312080534,2765448.9973489936,22.21460987946149
294558.7325838926,2765448.9973489936,22.187613872282586
295017.05204697984,2765448.9973489936,22.12338877843432
295475.3715100671,2765448.9973489936,22.00958666812924
295933.6909731543,2765448.9973489936,21.841899001789578
296392.0104362416,2765448.9973489936,21.633070588388488
296850.3298993288,2765448.9973489936,21.405337733472
297308.64936241606,2765448.9973489936,21.1756751998062
297766.96882550337,2765448.9973489936,20.951764514284054
298225.2882885906,2765448.9973489936,20.73563967842049
298683.60775167786,2765448.9973489936,20.527138291191157
299141.9272147651,2765448.9973489936,20.32545720272917
299600.24667785235,2765448.9973489936,20.129681825620096
300058.5661409396,2765448.9973489936,19.93899206464745
300516.88560402684,2765448.9973489936,19.75283035811832
300975.2050671141,2765448.9973489936,19.571137607017825
301433.52453020134,2765448.9973489936,19.394719973013693
301891.8439932886,2765448.9973489936,19.225756109750087
302350.1634563758,2765448.9973489936,19.068212412296983
302808.4829194631,2765448.9973489936,18.927521799572
303266.8023825503,2765448.9973489936,18.80894318922945
303725.12184563756,2765448.9973489936,18.715156657274367
304183.4413087248,2765448.9973489936,18.64489420072478
304641.76077181206,2765448.9973489936,18.593898941664023
305100.0802348993,2765448.9973489936,18.557257752921068
305558.39969798655,2765448.9973489936,18.53100164989845
306016.7191610738,2765448.9973489936,18.5123349130981
306475.03862416104,2765448.9973489936,18.49929977500379
306933.3580872483,2765448.9973489936,18.49049559485733
261559.73124161075,2765686.611161074,19.465898783466034
262018.050704698,2765686.611161074,19.509219609244674
262476.3701677852,2765686.611161074,19.552949079278893
262934.68963087245,2765686.611161074,19.59678696905995
263393.0090939597,2765686.611161074,19.640402259031443
263851.32855704695,2765686.611161074,19.683424093436205
264309.64802013425,2765686.611161074,19.72543220091139
264767.9674832215,2765686.611161074,19.765947466017803
265226.28694630874,2765686.611161074,19.80442352526039
265684.606409396,2765686.611161074,19.84024066993925
266142.92587248323,2765686.611161074,19.872703988251857
266601.2453355705,2765686.611161074,19.901048567015323
267059.5647986577,2765686.611161074,19.924455628352355
267517.88426174497,2765686.611161074,19.942084477155777
267976.2037248322,2765686.611161074,19.95312559517799
268434.52318791946,2765686.611161074,19.956879289702528
268892.8426510067,2765686.611161074,19.95286082876221
269351.16211409395,2765686.611161074,19.94092591407324
269809.4815771812,2765686.611161074,19.92139967556962
270267.80104026844,2765686.611161074,19.895180537342263
270726.1205033557,2765686.611161074,19.86378280614489
271184.43996644294,2765686.611161074,19.829285715091903
271642.7594295302,2765686.611161074,19.794176120032546
272101.0788926174,2765686.611161074,19.76110347885285
272559.3983557047,2765686.611161074,19.732596748178565
273017.7178187919,2765686.611161074,19.710808087766512
273476.03728187917,2765686.611161074,19.697339216391157
273934.3567449664,2765686.611161074,19.69317727444839
274392.67620805366,2765686.611161074,19.698732675888767
274850.9956711409,2765686.611161074,19.713946851663035
275309.3151342282,2765686.611161074,19.738430100490376
275767.63459731545,2765686.611161074,19.771596341332412
276225.9540604027,2765686.611161074,19.812774711657248
276684.27352348994,2765686.611161074,19.861290639509242
277142.5929865772,2765686.611161074,19.91651766489245
277600.91244966444,2765686.611161074,19.977905494205928
278059.2319127517,2765686.611161074,20.04499072633799
278517.5513758389,2765686.611161074,20.117395814611232
278975.8708389262,2765686.611161074,20.194820112639025
279434.1903020134,2765686.611161074,20.277024613518392
279892.50976510067,2765686.611161074,20.363808588927206
280350.8292281879,2765686.611161074,20.454968757771834
280809.14869127516,2765686.611161074,20.55020759341095
281267.4681543624,2765686.611161074,20.648856487736495
281725.78761744965,2765686.611161074,20.74871546569809
282184.1070805369,2765686.611161074,20.839848393936762
282642.42654362414,2765686.611161074,20.89840334543577
283100.7460067114,2765686.611161074,20.936042263735562
283559.06546979863,2765686.611161074,20.971625558271477
284017.3849328859,2765686.611161074,21.00961981000796
284475.7043959731,2765686.611161074,21.051052039858043
284934.02385906037,2765686.611161074,21.09617964168066
285392.3433221476,2765686.611161074,21.14502102527002
285850.66278523486,2765686.611161074,21.1974952354063
286308.9822483221,2765686.611161074,21.25346523589287
286767.30171140935,2765686.611161074,21.31274981194913
287225.6211744966,2765686.611161074,21.375121808317004
287683.9406375839,2765686.611161074,21.440298038117973
288142.26010067115,2765686.611161074,21.507922351974333
288600.5795637584,2765686.611161074,21.57754211996702
289058.89902684564,2765686.611161074,21.648578190835035
289517.2184899329,2765686.611161074,21.720288838949674
289975.53795302013,2765686.611161074,21.79172922198292
290433.8574161074,2765686.611161074,21.861709440289186
290892.1768791946,2765686.611161074,21.928756202541866
291350.49634228187,2765686.611161074,21.99108453662368
291808.8158053691,2765686.611161074,22.046584883196505
292267.13526845636,2765686.611161074,22.092823439143405
292725.4547315436,2765686.611161074,22.127034701997953
293183.77419463085,2765686.611161074,22.14605222211739
293642.0936577181,2765686.611161074,22.146087403410597
294100.41312080534,2765686.611161074,22.122278708680895
294558.7325838926,2765686.611161074,22.068154287489563
295017.05204697984,2765686.611161074,21.975907423928152
295475.3715100671,2765686.611161074,21.839576377525283
295933.6909731543,2765686.611161074,21.661815424553108
296392.0104362416,2765686.611161074,21.457134618468306
296850.3298993288,2765686.611161074,21.24341358299723
297308.64936241606,2765686.611161074,21.031387157697097
297766.96882550337,2765686.611161074,20.82428758532059
298225.2882885906,2765686.611161074,20.622247818545144
298683.60775167786,2765686.611161074,20.424752024109015
299141.9272147651,2765686.611161074,20.231200166678477
299600.24667785235,2765686.611161074,20.040940274792796
300058.5661409396,2765686.611161074,19.85330046782517
300516.88560402684,2765686.611161074,19.66772165920461
300975.2050671141,2765686.611161074,19.4840142334969
301433.52453020134,2765686.611161074,19.30281086584052
301891.8439932886,2765686.611161074,19.126321418286423
302350.1634563758,2765686.611161074,18.959219550571692
302808.4829194631,2765686.611161074,18.80871646957753
303266.8023825503,2765686.611161074,18.682630678530334
303725.12184563756,2765686.611161074,18.585933172611657
304183.4413087248,2765686.611161074,18.51832739870874
304641.76077181206,2765686.611161074,18.474902655107165
305100.0802348993,2765686.611161074,18.44898249037522
305558.39969798655,2765686.611161074,18.434629539259234
306016.7191610738,2765686.611161074,18.42757293692604
306475.03862416104,2765686.611161074,18.425059341242864
306933.3580872483,2765686.611161074,18.425414528562083
261101.41177852347,2765924.2249731547,19.41640468940681
261559.73124161075,2765924.2249731547,19.459169007613742
262018.050704698,2765924.2249731547,19.502604528905394
262476.3701677852,2765924.2249731547,19.54642972193255
262934.68963087245,2765924.2249731547,19.590343416572637
263393.0090939597,2765924.2249731547,19.63401652849519
263851.32855704695,2765924.2249731547,19.67708288445686
264309.64802013425,2765924.2249731547,19.719129924574048
264767.9674832215,2765924.2249731547,19.759690006996628
265226.28694630874,2765924.2249731547,19.79823321464553
265684.606409396,2765924.2249731547,19.83416295224496
266142.92587248323,2765924.2249731547,19.866816210055525
266601.2453355705,2765924.2249731547,19.895471119603233
267059.5647986577,2765924.2249731547,19.919365228451202
267517.88426174497,2765924.2249731547,19.937728532878896
267976.2037248322,2765924.2249731547,19.949835279411953
268434.52318791946,2765924.2249731547,19.955077192130577
268892.8426510067,2765924.2249731547,19.95305729325426
269351.16211409395,2765924.2249731547,19.943697318163117
269809.4815771812,2765924.2249731547,19.927343330968284
270267.80104026844,2765924.2249731547,19.90484576119016
270726.1205033557,2765924.2249731547,19.877585885334547
271184.43996644294,2765924.2249731547,19.8474254863134
271642.7594295302,2765924.2249731547,19.81657224668053
272101.0788926174,2765924.2249731547,19.787377058067577
272559.3983557047,2765924.2249731547,19.762101888719247
273017.7178187919,2765924.2249731547,19.7427076657425
273476.03728187917,2765924.2249731547,19.730705128120146
273934.3567449664,2765924.2249731547,19.727090786371228
274392.67620805366,2765924.2249731547,19.73236485138865
274850.9956711409,2765924.2249731547,19.746608849152985
275309.3151342282,2765924.2249731547,19.76959314953924
275767.63459731545,2765924.2249731547,19.800887791932134
276225.9540604027,2765924.2249731547,19.83995887592308
276684.27352348994,2765924.2249731547,19.88624233254652
277142.5929865772,2765924.2249731547,19.939194073460257
277600.91244966444,2765924.2249731547,19.998319525484302
278059.2319127517,2765924.2249731547,20.06318691628986
278517.5513758389,2765924.2249731547,20.13342826832453
278975.8708389262,2765924.2249731547,20.208730507885
279434.1903020134,2765924.2249731547,20.288816373527357
279892.50976510067,2765924.2249731547,20.373409551848873
280350.8292281879,2765924.2249731547,20.462165651996205
280809.14869127516,2765924.2249731547,20.554512295901635
281267.4681543624,2765924.2249731547,20.649207910380937
281725.78761744965,2765924.2249731547,20.742941585259725
282184.1070805369,2765924.2249731547,20.82659023127279
282642.42654362414,2765924.2249731547,20.887585332894062
283100.7460067114,2765924.2249731547,20.931323826415614
283559.06546979863,2765924.2249731547,20.97037163414733
284017.3849328859,2765924.2249731547,21.010210111090657
284475.7043959731,2765924.2249731547,21.052669011061138
284934.02385906037,2765924.2249731547,21.098376156963848
285392.3433221476,2765924.2249731547,21.147523870322374
285850.66278523486,2765924.2249731547,21.200116443016842
286308.9822483221,2765924.2249731547,21.256058717189607
286767.30171140935,2765924.2249731547,21.315188022629314
287225.6211744966,2765924.2249731547,21.377281512209965
287683.9406375839,2765924.2249731547,21.442049715479076
288142.26010067115,2765924.2249731547,21.509119887703097
288600.5795637584,2765924.2249731547,21.57801006749065
289058.89902684564,2765924.2249731547,21.64809389586888
289517.2184899329,2765924.2249731547,21.718556360410936
289975.53795302013,2765924.2249731547,21.78834153906273
290433.8574161074,2765924.2249731547,21.856095192601252
290892.1768791946,2765924.2249731547,21.92010769410106
291350.49634228187,2765924.2249731547,21.978265763273285
291808.8158053691,2765924.2249731547,22.02802296535776
292267.13526845636,2765924.2249731547,22.066395019396804
292725.4547315436,2765924.2249731547,22.089971293192434
293183.77419463085,2765924.2249731547,22.094907216568007
293642.0936577181,2765924.2249731547,22.076841944277373
294100.41312080534,2765924.2249731547,22.030737433350303
294558.7325838926,2765924.2249731547,21.950903403860234
295017.05204697984,2765924.2249731547,21.832107559155688
295475.3715100671,2765924.2249731547,21.673209036671214
295933.6909731543,2765924.2249731547,21.482708259901848
296392.0104362416,2765924.2249731547,21.278866341555748
296850.3298993288,2765924.2249731547,21.077719613966405
297308.64936241606,2765924.2249731547,20.88344789748181
297766.96882550337,2765924.2249731547,20.69369395894657
298225.2882885906,2765924.2249731547,20.506264441225394
298683.60775167786,2765924.2249731547,20.32026675434745
299141.9272147651,2765924.2249731547,20.135341653536777
299600.24667785235,2765924.2249731547,19.95111152216939
300058.5661409396,2765924.2249731547,19.767034900618146
300516.88560402684,2765924.2249731547,19.58250637449705
300975.2050671141,2765924.2249731547,19.39711869193973
301433.52453020134,2765924.2249731547,19.211164769547732
301891.8439932886,2765924.2249731547,19.02664710726352
302350.1634563758,2765924.2249731547,18.848845529568095
302808.4829194631,2765924.2249731547,18.687125641375182
303266.8023825503,2765924.2249731547,18.552654442081934
303725.12184563756,2765924.2249731547,18.453261828319594
304183.4413087248,2765924.2249731547,18.389443218296435
304641.76077181206,2765924.2249731547,18.354946933698276
305100.0802348993,2765924.2249731547,18.340797899409573
305558.39969798655,2765924.2249731547,18.338963848914823
306016.7191610738,2765924.2249731547,18.343797242429357
306475.03862416104,2765924.2249731547,18.35187626736601
306933.3580872483,2765924.2249731547,18.36134485777355
307391.67755033553,2765924.2249731547,18.37131201146824
261101.41177852347,2766161.838785235,19.409525667547886
261559.73124161075,2766161.838785235,19.452459620359097
262018.050704698,2766161.838785235,19.49605169091111
262476.3701677852,2766161.838785235,19.540017809090408
262934.68963087245,2766161.838785235,19.58405801559924
263393.0090939597,2766161.838785235,19.627847514543447
263851.32855704695,2766161.838785235,19.671027244208236
264309.64802013425,2766161.838785235,19.713194753112028
264767.9674832215,2766161.838785235,19.75389608809192
265226.28694630874,2766161.838785235,19.79261956780284
265684.606409396,2766161.838785235,19.828792684134303
266142.92587248323,2766161.838785235,19.86178390460725
266601.2453355705,2766161.838785235,19.890911777587306
267059.5647986577,2766161.838785235,19.915464341329976
267517.88426174497,2766161.838785235,19.93473216388734
267976.2037248322,2766161.838785235,19.94805799332705
268434.52318791946,2766161.838785235,19.954904432381745
268892.8426510067,2766161.838785235,19.95493772164463
269351.16211409395,2766161.838785235,19.9481204129143
269809.4815771812,2766161.838785235,19.934799093646276
270267.80104026844,2766161.838785235,19.915767358897384
270726.1205033557,2766161.838785235,19.892282091090433
271184.43996644294,2766161.838785235,19.866015972459426
271642.7594295302,2766161.838785235,19.838942065367554
272101.0788926174,2766161.838785235,19.813164353908363
272559.3983557047,2766161.838785235,19.790724750697347
273017.7178187919,2766161.838785235,19.773424929370496
273476.03728187917,2766161.838785235,19.762696619423586
273934.3567449664,2766161.838785235,19.75953880039201
274392.67620805366,2766161.838785235,19.764521372173757
274850.9956711409,2766161.838785235,19.77783984922644
275309.3151342282,2766161.838785235,19.79939871595964
275767.63459731545,2766161.838785235,19.82890212860758
276225.9540604027,2766161.838785235,19.865936537152695
276684.27352348994,2766161.838785235,19.910036900141844
277142.5929865772,2766161.838785235,19.960734000028175
277600.91244966444,2766161.838785235,20.017583981586004
278059.2319127517,2766161.838785235,20.08018272460596
278517.5513758389,2766161.838785235,20.14816749755847
278975.8708389262,2766161.838785235,20.221206831115047
279434.1903020134,2766161.838785235,20.29897637588896
279892.50976510067,2766161.838785235,20.381111889953697
280350.8292281879,2766161.838785235,20.46711489122156
280809.14869127516,2766161.838785235,20.5561457128481
281267.4681543624,2766161.838785235,20.646530775512524
281725.78761744965,2766161.838785235,20.73461405462658
282184.1070805369,2766161.838785235,20.81322572388861
282642.42654362414,2766161.838785235,20.87525785592434
283100.7460067114,2766161.838785235,20.923480744081154
283559.06546979863,2766161.838785235,20.966035598994548
284017.3849328859,2766161.838785235,21.0080755568069
284475.7043959731,2766161.838785235,21.051884336351563
284934.02385906037,2766161.838785235,21.098414121510913
285392.3433221476,2766161.838785235,21.148040569565186
285850.66278523486,2766161.838785235,21.20086862398034
286308.9822483221,2766161.838785235,21.256857991190238
286767.30171140935,2766161.838785235,21.315874766104447
287225.6211744966,2766161.838785235,21.37770889634837
287683.9406375839,2766161.838785235,21.442072458899368
288142.26010067115,2766161.838785235,21.508584188269698
288600.5795637584,2766161.838785235,21.576741808231034
289058.89902684564,2766161.838785235,21.645882186294124
289517.2184899329,2766161.838785235,21.715129050989816
289975.53795302013,2766161.838785235,21.783328751833974
290433.8574161074,2766161.838785235,21.848976477498866
290892.1768791946,2766161.838785235,21.910138794188967
291350.49634228187,2766161.838785235,21.964383303147393
291808.8158053691,2766161.838785235,22.008731319575976
292267.13526845636,2766161.838785235,22.039650775370962
292725.4547315436,2766161.838785235,22.05309738791037
293183.77419463085,2766161.838785235,22.044589169043107
293642.0936577181,2766161.838785235,22.009280968682162
294100.41312080534,2766161.838785235,21.942060984564087
294558.7325838926,2766161.838785235,21.837948752573247
295017.05204697984,2766161.838785235,21.69361974702182
295475.3715100671,2766161.838785235,21.511324613592233
295933.6909731543,2766161.838785235,21.30481220032689
296392.0104362416,2766161.838785235,21.098801101690135
296850.3298993288,2766161.838785235,20.909899759448976
297308.64936241606,2766161.838785235,20.73408257785341
297766.96882550337,2766161.838785235,20.56205730247753
298225.2882885906,2766161.838785235,20.3893656242133
298683.60775167786,2766161.838785235,20.214997327747806
299141.9272147651,2766161.838785235,20.03894762453576
299600.24667785235,2766161.838785235,19.861124289688778
300058.5661409396,2766161.838785235,19.68108228249474
300516.88560402684,2766161.838785235,19.49811405758763
300975.2050671141,2766161.838785235,19.311501708818792
301433.52453020134,2766161.838785235,19.12099441171543
301891.8439932886,2766161.838785235,18.928000393883607
302350.1634563758,2766161.838785235,18.73809196404791
302808.4829194631,2766161.838785235,18.56319039808923
303266.8023825503,2766161.838785235,18.418957283861953
303725.12184563756,2766161.838785235,18.316992711646524
304183.4413087248,2766161.838785235,18.258390975418347
304641.76077181206,2766161.838785235,18.23459067434968
305100.0802348993,2766161.838785235,18.23355314296674
305558.39969798655,2766161.838785235,18.244959984744444
306016.7191610738,2766161.838785235,18.261925766828092
306475.03862416104,2766161.838785235,18.280554633910302
306933.3580872483,2766161.838785235,18.298952837125732
307391.67755033553,2766161.838785235,18.316398305582418
307849.9970134228,2766161.838785235,18.332789028902003
261101.41177852347,2766399.4525973154,19.402641459639742
261559.73124161075,2766399.4525973154,19.445785559304362
262018.050704698,2766399.4525973154,19.48957548314958
262476.3701677852,2766399.4525973154,19.53372665771949
262934.68963087245,2766399.4525973154,19.577942652995134
263393.0090939597,2766399.4525973154,19.621905360948894
263851.32855704695,2766399.4525973154,19.66526519628659
264309.64802013425,2766399.4525973154,19.707632044184823
264767.9674832215,2766399.4525973154,19.748567584208505
265226.28694630874,2766399.4525973154,19.787579788734448
265684.606409396,2766399.4525973154,19.82412075065399
266142.92587248323,2766399.4525973154,19.857589478541104
266601.2453355705,2766399.4525973154,19.887341831233737
267059.5647986577,2766399.4525973154,19.912710213842917
267517.88426174497,2766399.4525973154,19.933035792032534
267976.2037248322,2766399.4525973154,19.947715451449312
268434.52318791946,2766399.4525973154,19.956264103550605
268892.8426510067,2766399.4525973154,19.958389852053617
269351.16211409395,2766399.4525973154,19.954074976146064
269809.4815771812,2766399.4525973154,19.943650384224973
270267.80104026844,2766399.4525973154,19.927846856919583
270726.1205033557,2766399.4525973154,19.907805479144482
271184.43996644294,2766399.4525973154,19.885034336975906
271642.7594295302,2766399.4525973154,19.861309215862256
272101.0788926174,2766399.4525973154,19.83853017696216
272559.3983557047,2766399.4525973154,19.81855852702722
273017.7178187919,2766399.4525973154,19.803064592962194
273476.03728187917,2766399.4525973154,19.79341322391196
273934.3567449664,2766399.4525973154,19.790602607806015
274392.67620805366,2766399.4525973154,19.79525764173369
274850.9956711409,2766399.4525973154,19.807667150986347
275309.3151342282,2766399.4525973154,19.827848042506737
275767.63459731545,2766399.4525973154,19.85561926505961
276225.9540604027,2766399.4525973154,19.89067225620318
276684.27352348994,2766399.4525973154,19.932629786839264
277142.5929865772,2766399.4525973154,19.981089782917145
277600.91244966444,2766399.4525973154,20.035653847794414
278059.2319127517,2766399.4525973154,20.095941665252695
278517.5513758389,2766399.4525973154,20.161592414557063
278975.8708389262,2766399.4525973154,20.23225285669564
279434.1903020134,2766399.4525973154,20.307548392004886
279892.50976510067,2766399.4525973154,20.387026443174417
280350.8292281879,2766399.4525973154,20.470046631634478
280809.14869127516,2766399.4525973154,20.55556048673714
281267.4681543624,2766399.4525973154,20.641670131539293
281725.78761744965,2766399.4525973154,20.724888826577182
282184.1070805369,2766399.4525973154,20.799849179737542
282642.42654362414,2766399.4525973154,20.862237520518338
283100.7460067114,2766399.4525973154,20.913596067578208
283559.06546979863,2766399.4525973154,20.959262551907173
284017.3849328859,2766399.4525973154,21.003566148124577
284475.7043959731,2766399.4525973154,21.048892421785354
284934.02385906037,2766399.4525973154,21.096405674539806
285392.3433221476,2766399.4525973154,21.146637768995678
285850.66278523486,2766399.4525973154,21.199792015032124
286308.9822483221,2766399.4525973154,21.25588728443003
286767.30171140935,2766399.4525973154,21.314824264463223
287225.6211744966,2766399.4525973154,21.376411998008052
287683.9406375839,2766399.4525973154,21.44037106301774
288142.26010067115,2766399.4525973154,21.506319835135212
288600.5795637584,2766399.4525973154,21.57374573731433
289058.89902684564,2766399.4525973154,21.641961327509655
289517.2184899329,2766399.4525973154,21.71004440712342
289975.53795302013,2766399.4525973154,21.776761826940223
290433.8574161074,2766399.4525973154,21.8404786577077
290892.1768791946,2766399.4525973154,21.899058606380265
291350.49634228187,2766399.4525973154,21.949768722360858
291808.8158053691,2766399.4525973154,21.989211137366066
292267.13526845636,2766399.4525973154,22.01331304284012
292725.4547315436,2766399.4525973154,22.017404277638423
293183.77419463085,2766399.4525973154,21.99638992799506
293642.0936577181,2766399.4525973154,21.94499360289298
294100.41312080534,2766399.4525973154,21.858071169851314
294558.7325838926,2766399.4525973154,21.731201595172216
295017.05204697984,2766399.4525973154,21.562255101368553
295475.3715100671,2766399.4525973154,21.355350311944633
295933.6909731543,2766399.4525973154,21.128580531874153
296392.0104362416,2766399.4525973154,20.917182321044148
296850.3298993288,2766399.4525973154,20.741760846221776
297308.64936241606,2766399.4525973154,20.585766376599295
297766.96882550337,2766399.4525973154,20.431535206864968
298225.2882885906,2766399.4525973154,20.27320858312197
298683.60775167786,2766399.4525973154,20.1102068719251
299141.9272147651,2766399.4525973154,19.943030603683752
299600.24667785235,2766399.4525973154,19.771862248014905
300058.5661409396,2766399.4525973154,19.596295135815797
300516.88560402684,2766399.4525973154,19.415454410466026
300975.2050671141,2766399.4525973154,19.228230886309866
301433.52453020134,2766399.4525973154,19.033623556322052
301891.8439932886,2766399.4525973154,18.831883406901063
302350.1634563758,2766399.4525973154,18.62818462415491
302808.4829194631,2766399.4525973154,18.437389488391926
303266.8023825503,2766399.4525973154,18.28136264011699
303725.12184563756,2766399.4525973154,18.176923304352083
304183.4413087248,2766399.4525973154,18.125469394777003
304641.76077181206,2766399.4525973154,18.114648676579307
305100.0802348993,2766399.4525973154,18.128321234334376
305558.39969798655,2766399.4525973154,18.153715047956787
306016.7191610738,2766399.4525973154,18.18294898590847
306475.03862416104,2766399.4525973154,18.211928343629566
306933.3580872483,2766399.4525973154,18.23891164693367
307391.67755033553,2766399.4525973154,18.26345414632973
307849.9970134228,2766399.4525973154,18.285750604567532
260643.09231543622,2766637.066409396,19.353292297661294
261101.41177852347,2766637.066409396,19.39576762493776
261559.73124161075,2766637.066409396,19.439161828390972
262018.050704698,2766637.066409396,19.483189477942002
262476.3701677852,2766637.066409396,19.52756786094698
262934.68963087245,2766637.066409396,19.572006575745327
263393.0090939597,2766637.066409396,19.616196646877547
263851.32855704695,2766637.066409396,19.659800264465485
264309.64802013425,2766637.066409396,19.702441721518277
264767.9674832215,2766637.066409396,19.74370004025945
265226.28694630874,2766637.066409396,19.783103967216526
265684.606409396,2766637.066409396,19.82013037141563
266142.92587248323,2766637.066409396,19.85420753013167
266601.2453355705,2766637.066409396,19.884725252954926
267059.5647986577,2766637.066409396,19.91105414820328
267517.88426174497,2766637.066409396,19.932576363843964
267976.2037248322,2766637.066409396,19.948729534025613
268434.52318791946,2766637.066409396,19.959064081997518
268892.8426510067,2766637.066409396,19.963311214724925
269351.16211409395,2766637.066409396,19.961454981315892
269809.4815771812,2766637.066409396,19.953797378001024
270267.80104026844,2766637.066409396,19.941002159031395
270726.1205033557,2766637.066409396,19.924102725174688
271184.43996644294,2766637.066409396,19.904463793897513
271642.7594295302,2766637.066409396,19.883695554077015
272101.0788926174,2766637.066409396,19.863530479903883
272559.3983557047,2766637.066409396,19.845682989727525
273017.7178187919,2766637.066409396,19.83171675525235
273476.03728187917,2766637.066409396,19.82294181762739
273934.3567449664,2766637.066409396,19.820354950130152
274392.67620805366,2766637.066409396,19.824625500168
274850.9956711409,2766637.066409396,19.836119275862032
275309.3151342282,2766637.066409396,19.85494752576859
275767.63459731545,2766637.066409396,19.88102712732477
276225.9540604027,2766637.066409396,19.914140489166922
276684.27352348994,2766637.066409396,19.953987508544678
277142.5929865772,2766637.066409396,20.000225629436358
277600.91244966444,2766637.066409396,20.052496721342372
278059.2319127517,2766637.066409396,20.110440843823564
278517.5513758389,2766637.066409396,20.173696975694906
278975.8708389262,2766637.066409396,20.241889424644555
279434.1903020134,2766637.066409396,20.31459546295637
279892.50976510067,2766637.066409396,20.391283560302345
280350.8292281879,2766637.066409396,20.471200234711347
280809.14869127516,2766637.066409396,20.553166253729884
281267.4681543624,2766637.066409396,20.6352390776063
281725.78761744965,2766637.066409396,20.714330163286462
282184.1070805369,2766637.066409396,20.786453884866077
282642.42654362414,2766637.066409396,20.84882062067131
283100.7460067114,2766637.066409396,20.902337363680445
283559.06546979863,2766637.066409396,20.95058563564438
284017.3849328859,2766637.066409396,20.997022604777463
284475.7043959731,2766637.066409396,21.043902484648978
284934.02385906037,2766637.066409396,21.092480323414037
285392.3433221476,2766637.066409396,21.14339702973067
285850.66278523486,2766637.066409396,21.196938614042928
286308.9822483221,2766637.066409396,21.253179670004695
286767.30171140935,2766637.066409396,21.312056935373263
287225.6211744966,2766637.066409396,21.373402445191864
287683.9406375839,2766637.066409396,21.43695107741105
288142.26010067115,2766637.066409396,21.502328806075933
288600.5795637584,2766637.066409396,21.56902346903556
289058.89902684564,2766637.066409396,21.636337521863496
289517.2184899329,2766637.066409396,21.703321230834376
289975.53795302013,2766637.066409396,21.768684919653985
290433.8574161074,2766637.066409396,21.83069074179477
290892.1768791946,2766637.066409396,21.887029212999405
291350.49634228187,2766637.066409396,21.934695137322773
291808.8158053691,2766637.066409396,21.96989268441046
292267.13526845636,2766637.066409396,21.98801737632209
292725.4547315436,2766637.066409396,21.983771626479548
293183.77419463085,2766637.066409396,21.951449053919163
293642.0936577181,2766637.066409396,21.885363454335184
294100.41312080534,2766637.066409396,21.78035824620338
294558.7325838926,2766637.066409396,21.6324540501231
295017.05204697984,2766637.066409396,21.440125471364354
295475.3715100671,2766637.066409396,21.207697641726003
295933.6909731543,2766637.066409396,20.955179689887654
296392.0104362416,2766637.066409396,20.734117736321636
296850.3298993288,2766637.066409396,20.575949060705128
297308.64936241606,2766637.066409396,20.441481423230723
297766.96882550337,2766637.066409396,20.3043584179936
298225.2882885906,2766637.066409396,20.159367405926158
298683.60775167786,2766637.066409396,20.007048515101683
299141.9272147651,2766637.066409396,19.84850499186188
299600.24667785235,2766637.066409396,19.684129410969554
300058.5661409396,2766637.066409396,19.51346073485966
300516.88560402684,2766637.066409396,19.335380486935776
300975.2050671141,2766637.066409396,19.14833996593972
301433.52453020134,2766637.066409396,18.95045331080868
301891.8439932886,2766637.066409396,18.740098517340183
302350.1634563758,2766637.066409396,18.520691403531156
302808.4829194631,2766637.066409396,18.3102948493136
303266.8023825503,2766637.066409396,18.13955585347814
303725.12184563756,2766637.066409396,18.032820200322284
304183.4413087248,2766637.066409396,17.991246216082676
304641.76077181206,2766637.066409396,17.996319002803023
305100.0802348993,2766637.066409396,18.02647686394797
305558.39969798655,2766637.066409396,18.066500753357357
306016.7191610738,2766637.066409396,18.10793668153698
306475.03862416104,2766637.066409396,18.14685573779716
306933.3580872483,2766637.066409396,18.18189177177142
307391.67755033553,2766637.066409396,18.21299453890423
307849.9970134228,2766637.066409396,18.24071087264591
308308.31647651,2766637.066409396,18.26578490774422
260643.09231543622,2766874.6802214766,19.346145355669474
261101.41177852347,2766874.6802214766,19.38892095176085
261559.73124161075,2766874.6802214766,19.4326037054154
262018.050704698,2766874.6802214766,19.47690653530786
262476.3701677852,2766874.6802214766,19.52155134119688
262934.68963087245,2766874.6802214766,19.5662564371745
263393.0090939597,2766874.6802214766,19.610724459614
263851.32855704695,2766874.6802214766,19.65463159940039
264309.64802013425,2766874.6802214766,19.69761848036149
264767.9674832215,2766874.6802214766,19.739282978931456
265226.28694630874,2766874.6802214766,19.779175510076282
265684.606409396,2766874.6802214766,19.816797669624847
266142.92587248323,2766874.6802214766,19.85160555435995
266601.2453355705,2766874.6802214766,19.88301950704795
267059.5647986577,2766874.6802214766,19.91044233864545
267517.88426174497,2766874.6802214766,19.93328807583479
267976.2037248322,2766874.6802214766,19.951022701757086
268434.52318791946,2766874.6802214766,19.963216899906822
268892.8426510067,2766874.6802214766,19.96960826729245
269351.16211409395,2766874.6802214766,19.970166938821816
269809.4815771812,2766874.6802214766,19.96515472989922
270267.80104026844,2766874.6802214766,19.955165091283796
270726.1205033557,2766874.6802214766,19.941131084031763
271184.43996644294,2766874.6802214766,19.92429251743682
271642.7594295302,2766874.6802214766,19.906121253360585
272101.0788926174,2766874.6802214766,19.888213473046175
272559.3983557047,2766874.6802214766,19.872166092213167
273017.7178187919,2766874.6802214766,19.859458336797324
273476.03728187917,2766874.6802214766,19.851357370640795
273934.3567449664,2766874.6802214766,19.848859849097533
274392.67620805366,2766874.6802214766,19.852672187079143
274850.9956711409,2766874.6802214766,19.863224305363875
275309.3151342282,2766874.6802214766,19.88070672609252
275767.63459731545,2766874.6802214766,19.905119587118858
276225.9540604027,2766874.6802214766,19.936323598169654
276684.27352348994,2766874.6802214766,19.974085785760856
277142.5929865772,2766874.6802214766,20.018115812279664
277600.91244966444,2766874.6802214766,20.06809090639738
278059.2319127517,2766874.6802214766,20.123668653299383
278517.5513758389,2766874.6802214766,20.18448696521324
278975.8708389262,2766874.6802214766,20.250149403245107
279434.1903020134,2766874.6802214766,20.320191383331284
279892.50976510067,2766874.6802214766,20.39401817913123
280350.8292281879,2766874.6802214766,20.470799059042687
280809.14869127516,2766874.6802214766,20.549298202029593
281267.4681543624,2766874.6802214766,20.627648539636215
281725.78761744965,2766874.6802214766,20.703213107758394
282184.1070805369,2766874.6802214766,20.773005327439243
282642.42654362414,2766874.6802214766,20.835117322530415
283100.7460067114,2766874.6802214766,20.890097831467138
283559.06546979863,2766874.6802214766,20.940407692256606
284017.3849328859,2766874.6802214766,20.98874592099538
284475.7043959731,2766874.6802214766,21.03711894377288
284934.02385906037,2766874.6802214766,21.08677378026747
285392.3433221476,2766874.6802214766,21.138408519141688
285850.66278523486,2766874.6802214766,21.19236853415767
286308.9822483221,2766874.6802214766,21.24877489075841
286767.30171140935,2766874.6802214766,21.30759802312631
287225.6211744966,2766874.6802214766,21.368694493988293
287683.9406375839,2766874.6802214766,21.431817958925127
288142.26010067115,2766874.6802214766,21.49660947272941
288600.5795637584,2766874.6802214766,21.56256836808144
289058.89902684564,2766874.6802214766,21.629002564813398
289517.2184899329,2766874.6802214766,21.69495585453999
289975.53795302013,2766874.6802214766,21.759109433992712
290433.8574161074,2766874.6802214766,21.819656404933436
290892.1768791946,2766874.6802214766,21.874152819249947
291350.49634228187,2766874.6802214766,21.91936008247879
291808.8158053691,2766874.6802214766,21.95111451291003
292267.13526845636,2766874.6802214766,21.964290183116628
292725.4547315436,2766874.6802214766,21.952946767662073
293183.77419463085,2766874.6802214766,21.910737842229352
293642.0936577181,2766874.6802214766,21.831557546528472
294100.41312080534,2766874.6802214766,21.71026502718273
294558.7325838926,2766874.6802214766,21.543329654798228
295017.05204697984,2766874.6802214766,21.32958503365553
295475.3715100671,2766874.6802214766,21.072221228806157
295933.6909731543,2766874.6802214766,20.787923649070645
296392.0104362416,2766874.6802214766,20.549881494464625
296850.3298993288,2766874.6802214766,20.417239885703626
297308.64936241606,2766874.6802214766,20.30485544079864
297766.96882550337,2766874.6802214766,20.18271579892431
298225.2882885906,2766874.6802214766,20.04923248326216
298683.60775167786,2766874.6802214766,19.90649812227704
299141.9272147651,2766874.6802214766,19.756141742825022
299600.24667785235,2766874.6802214766,19.59861748544558
300058.5661409396,2766874.6802214766,19.433273288672215
300516.88560402684,2766874.6802214766,19.258651718913136
300975.2050671141,2766874.6802214766,19.072755522016344
301433.52453020134,2766874.6802214766,18.872865173834587
301891.8439932886,2766874.6802214766,18.65480212964771
302350.1634563758,2766874.6802214766,18.41767792690631
302808.4829194631,2766874.6802214766,18.182661999341445
303266.8023825503,2766874.6802214766,17.99306731536238
303725.12184563756,2766874.6802214766,17.884477994031712
304183.4413087248,2766874.6802214766,17.85677521866737
304641.76077181206,2766874.6802214766,17.881360600967206
305100.0802348993,2766874.6802214766,17.929772257841286
305558.39969798655,2766874.6802214766,17.984778792941835
306016.7191610738,2766874.6802214766,18.038029998647644
306475.03862416104,2766874.6802214766,18.086205476973678
306933.3580872483,2766874.6802214766,18.12854695271822
307391.67755033553,2766874.6802214766,18.165507969202814
307849.9970134228,2766874.6802214766,18.19803309164179
308308.31647651,2766874.6802214766,18.227171997630517
308766.63593959727,2766874.6802214766,18.253876530131635
260643.09231543622,2767112.294033557,19.33900320220359
261101.41177852347,2767112.294033557,19.38211984982463
261559.73124161075,2767112.294033557,19.426126937626467
262018.050704698,2767112.294033557,19.470738886261834
262476.3701677852,2767112.294033557,19.515685388719938
262934.68963087245,2767112.294033557,19.56069633761595
263393.0090939597,2767112.294033557,19.605488468862287
263851.32855704695,2767112.294033557,19.649754108627015
264309.64802013425,2767112.294033557,19.693151989829953
264767.9674832215,2767112.294033557,19.735300188044572
265226.28694630874,2767112.294033557,19.775771521050164
265684.606409396,2767112.294033557,19.81409214274208
266142.92587248323,2767112.294033557,19.849744486702793
266601.2453355705,2767112.294033557,19.882176123907595
267059.5647986577,2767112.294033557,19.91081639906788
267517.88426174497,2767112.294033557,19.935102739353034
267976.2037248322,2767112.294033557,19.95451804912886
268434.52318791946,2767112.294033557,19.96863933262648
268892.8426510067,2767112.294033557,19.97719540684689
269351.16211409395,2767112.294033557,19.98012833526927
269809.4815771812,2767112.294033557,19.97764961025232
270267.80104026844,2767112.294033557,19.97027937405247
270726.1205033557,2767112.294033557,19.958856730560633
271184.43996644294,2767112.294033557,19.94451272826984
271642.7594295302,2767112.294033557,19.928604799351742
272101.0788926174,2767112.294033557,19.912620394905417
272559.3983557047,2767112.294033557,19.898065131896097
273017.7178187919,2767112.294033557,19.88635415235326
273476.03728187917,2767112.294033557,19.8787235263297
273934.3567449664,2767112.294033557,19.876172486242368
274392.67620805366,2767112.294033557,19.87943952814054
274850.9956711409,2767112.294033557,19.88900853173893
275309.3151342282,2767112.294033557,19.90513669724223
275767.63459731545,2767112.294033557,19.927894664191243
276225.9540604027,2767112.294033557,19.957210052104664
276684.27352348994,2767112.294033557,19.99290778237818
277142.5929865772,2767112.294033557,20.034742896573594
277600.91244966444,2767112.294033557,20.082423484974466
278059.2319127517,2767112.294033557,20.135622428231393
278517.5513758389,2767112.294033557,20.193976804141315
278975.8708389262,2767112.294033557,20.257072967359203
279434.1903020134,2767112.294033557,20.32441342474458
279892.50976510067,2767112.294033557,20.3953588790221
280350.8292281879,2767112.294033557,20.469036777735795
280809.14869127516,2767112.294033557,20.544213436753324
281267.4681543624,2767112.294033557,20.619162556343294
281725.78761744965,2767112.294033557,20.69166965098644
282184.1070805369,2767112.294033557,20.759459439311723
282642.42654362414,2767112.294033557,20.821160906452057
283100.7460067114,2767112.294033557,20.877105372208938
283559.06546979863,2767112.294033557,20.929017912626403
284017.3849328859,2767112.294033557,20.978985539519552
284475.7043959731,2767112.294033557,21.02872868320502
284934.02385906037,2767112.294033557,21.079419080183513
285392.3433221476,2767112.294033557,21.131765398921015
285850.66278523486,2767112.294033557,21.186146545597587
286308.9822483221,2767112.294033557,21.242717238149098
286767.30171140935,2767112.294033557,21.30147629071083
287225.6211744966,2767112.294033557,21.362304188779245
287683.9406375839,2767112.294033557,21.424976439795245
288142.26010067115,2767112.294033557,21.489155931947447
288600.5795637584,2767112.294033557,21.554364556393658
289058.89902684564,2767112.294033557,21.61993213682275
289517.2184899329,2767112.294033557,21.684919160651265
289975.53795302013,2767112.294033557,21.74800899295427
290433.8574161074,2767112.294033557,21.80736592505768
290892.1768791946,2767112.294033557,21.86045965312769
291350.49634228187,2767112.294033557,21.903868873949058
291808.8158053691,2767112.294033557,21.933103155582945
292267.13526845636,2767112.294033557,21.942527664870074
292725.4547315436,2767112.294033557,21.92552703104806
293183.77419463085,2767112.294033557,21.875046735576817
293642.0936577181,2767112.294033557,21.78451135502535
294100.41312080534,2767112.294033557,21.64884101320777
294558.7325838926,2767112.294033557,21.46513491485423
295017.05204697984,2767112.294033557,21.232879285589636
295475.3715100671,2767112.294033557,20.954179196466903
295933.6909731543,2767112.294033557,20.636753346869654
296392.0104362416,2767112.294033557,20.366853568447972
296850.3298993288,2767112.294033557,20.274421015369857
297308.64936241606,2767112.294033557,20.179822175381567
297766.96882550337,2767112.294033557,20.068483433702404
298225.2882885906,2767112.294033557,19.943875596722915
298683.60775167786,2767112.294033557,19.809283097723636
299141.9272147651,2767112.294033557,19.66652555525121
299600.24667785235,2767112.294033557,19.515877434163606
300058.5661409396,2767112.294033557,19.356312986148964
300516.88560402684,2767112.294033557,19.185906621221655
300975.2050671141,2767112.294033557,19.002211102809976
301433.52453020134,2767112.294033557,18.80200241123985
301891.8439932886,2767112.294033557,18.57848298636692
302350.1634563758,2767112.294033557,18.32186608669525
302808.4829194631,2767112.294033557,18.05560578984211
303266.8023825503,2767112.294033557,17.84129667071742
303725.12184563756,2767112.294033557,17.731872429634766
304183.4413087248,2767112.294033557,17.72399127945686
304641.76077181206,2767112.294033557,17.77232288353042
305100.0802348993,2767112.294033557,17.84039094257001
305558.39969798655,2767112.294033557,17.91018651613221
306016.7191610738,2767112.294033557,17.97441394020832
306475.03862416104,2767112.294033557,18.030832081481297
306933.3580872483,2767112.294033557,18.07949531652003
307391.67755033553,2767112.294033557,18.121442305683267
307849.9970134228,2767112.294033557,18.158041804612978
308308.31647651,2767112.294033557,18.190650880548525
308766.63593959727,2767112.294033557,18.220437336989097
309224.9554026845,2767112.294033557,18.248300929486206
260184.77285234898,2767349.9078456378,19.289580942758622
260643.09231543622,2767349.9078456378,19.33188872137269
261101.41177852347,2767349.9078456378,19.375384733635933
261559.73124161075,2767349.9078456378,19.41974789554125
262018.050704698,2767349.9078456378,19.464698174606024
262476.3701677852,2767349.9078456378,19.509976671412925
262934.68963087245,2767349.9078456378,19.5553278503253
263393.0090939597,2767349.9078456378,19.600484996080894
263851.32855704695,2767349.9078456378,19.645158584583214
264309.64802013425,2767349.9078456378,19.689027087562394
264767.9674832215,2767349.9078456378,19.731729983850023
265226.28694630874,2767349.9078456378,19.772863127531124
265684.606409396,2767349.9078456378,19.811977037003263
266142.92587248323,2767349.9078456378,19.84857909463507
266601.2453355705,2767349.9078456378,19.88214105782365
267059.5647986577,2767349.9078456378,19.912113613737127
267517.88426174497,2767349.9078456378,19.93794983046967
267976.2037248322,2767349.9078456378,19.959139050757774
268434.52318791946,2767349.9078456378,19.975251752842198
268892.8426510067,2767349.9078456378,19.98599389130659
269351.16211409395,2767349.9078456378,19.991266166409872
269809.4815771812,2767349.9078456378,19.991220002995814
270267.80104026844,2767349.9078456378,19.986298940047092
270726.1205033557,2767349.9078456378,19.97725339792763
271184.43996644294,2767349.9078456378,19.965119904252983
271642.7594295302,2767349.9078456378,19.951162877721625
272101.0788926174,2767349.9078456378,19.936785980510216
272559.3983557047,2767349.9078456378,19.92342752758189
273017.7178187919,2767349.9078456378,19.912457648641418
273476.03728187917,2767349.9078456378,19.905092994538897
273934.3567449664,2767349.9078456378,19.90233907715919
274392.67620805366,2767349.9078456378,19.90496326884968
274850.9956711409,2767349.9078456378,19.91349534661981
275309.3151342282,2767349.9078456378,19.92824857946776
275767.63459731545,2767349.9078456378,19.949352967857195
276225.9540604027,2767349.9078456378,19.976792815057333
276684.27352348994,2767349.9078456378,20.01044247411437
277142.5929865772,2767349.9078456378,20.05009604889298
277600.91244966444,2767349.9078456378,20.095488449475837
278059.2319127517,2767349.9078456378,20.14630619533606
278517.5513758389,2767349.9078456378,20.20218660789655
278975.8708389262,2767349.9078456378,20.262703546136155
279434.1903020134,2767349.9078456378,20.327336776134235
279892.50976510067,2767349.9078456378,20.395421082628815
280350.8292281879,2767349.9078456378,20.466072626225138
280809.14869127516,2767349.9078456378,20.53810053050881
281267.4681543624,2767349.9078456378,20.60994565238389
281725.78761744965,2767349.9078456378,20.679757567532008
282184.1070805369,2767349.9078456378,20.745768618558884
282642.42654362414,2767349.9078456378,20.806949059112434
283100.7460067114,2767349.9078456378,20.86348971531889
283559.06546979863,2767349.9078456378,20.916617434977184
284017.3849328859,2767349.9078456378,20.967939340735647
284475.7043959731,2767349.9078456378,21.018894549778384
284934.02385906037,2767349.9078456378,21.070540410630148
285392.3433221476,2767349.9078456378,21.12355932266307
285850.66278523486,2767349.9078456378,21.178339074067477
286308.9822483221,2767349.9078456378,21.23505365010021
286767.30171140935,2767349.9078456378,21.293722875609976
287225.6211744966,2767349.9078456378,21.35424871916453
287683.9406375839,2767349.9078456378,21.41643017894343
288142.26010067115,2767349.9078456378,21.479957750670614
288600.5795637584,2767349.9078456378,21.544386507537475
289058.89902684564,2767349.9078456378,21.609084898148097
289517.2184899329,2767349.9078456378,21.67315464246157
289975.53795302013,2767349.9078456378,21.735315656778287
290433.8574161074,2767349.9078456378,21.79374943158384
290892.1768791946,2767349.9078456378,21.845896947071896
291350.49634228187,2767349.9078456378,21.888218452893682
291808.8158053691,2767349.9078456378,21.91595261465819
292267.13526845636,2767349.9078456378,21.92297466663557
292725.4547315436,2767349.9078456378,21.90194370259661
293183.77419463085,2767349.9078456378,21.84497644540047
293642.0936577181,2767349.9078456378,21.744915589310878
294100.41312080534,2767349.9078456378,21.596786234620797
294558.7325838926,2767349.9078456378,21.398656451928318
295017.05204697984,2767349.9078456378,21.151486253825
295475.3715100671,2767349.9078456378,20.858405456270944
295933.6909731543,2767349.9078456378,20.52438467535081
296392.0104362416,2767349.9078456378,20.22943101167875
296850.3298993288,2767349.9078456378,20.159051252500404
297308.64936241606,2767349.9078456378,20.069416032012523
297766.96882550337,2767349.9078456378,19.96282969609376
298225.2882885906,2767349.9078456378,19.84390704487586
298683.60775167786,2767349.9078456378,19.715818195999894
299141.9272147651,2767349.9078456378,19.580018779086807
299600.24667785235,2767349.9078456378,19.43629700434215
300058.5661409396,2767349.9078456378,19.283034792394314
300516.88560402684,2767349.9078456378,19.117659162611883
300975.2050671141,2767349.9078456378,18.937192591282006
301433.52453020134,2767349.9078456378,18.738376318999876
301891.8439932886,2767349.9078456378,18.513619912495976
302350.1634563758,2767349.9078456378,18.236557314865316
302808.4829194631,2767349.9078456378,17.931025240094385
303266.8023825503,2767349.9078456378,17.683694008561016
303725.12184563756,2767349.9078456378,17.57555890400059
304183.4413087248,2767349.9078456378,17.596419354352236
304641.76077181206,2767349.9078456378,17.67279013897818
305100.0802348993,2767349.9078456378,17.760939249145242
305558.39969798655,2767349.9078456378,17.844477625576836
306016.7191610738,2767349.9078456378,17.918266622653462
306475.03862416104,2767349.9078456378,17.98154090033334
306933.3580872483,2767349.9078456378,18.03529615152827
307391.67755033553,2767349.9078456378,18.081189158888844
307849.9970134228,2767349.9078456378,18.12101196818925
308308.31647651,2767349.9078456378,18.156415532112426
308766.63593959727,2767349.9078456378,18.188764090659923
309224.9554026845,2767349.9078456378,18.219075460385515
260184.77285234898,2767587.5216577183,19.28207670148121
260643.09231543622,2767587.5216577183,19.324828993289543
261101.41177852347,2767587.5216577183,19.368738345435183
261559.73124161075,2767587.5216577183,19.413483645866854
262018.050704698,2767587.5216577183,19.45879543277871
262476.3701677852,2767587.5216577183,19.504430202026793
262934.68963087245,2767587.5216577183,19.550150024942578
263393.0090939597,2767587.5216577183,19.595707074444856
263851.32855704695,2767587.5216577183,19.640831828020467
264309.64802013425,2767587.5216577183,19.685223965375997
264767.9674832215,2767587.5216577183,19.728545450615634
265226.28694630874,2767587.5216577183,19.770415757211442
265684.606409396,2767587.5216577183,19.81040963296111
266142.92587248323,2767587.5216577183,19.848058229912574
266601.2453355705,2767587.5216577183,19.882854848846506
267059.5647986577,2767587.5216577183,19.914266939383584
267517.88426174497,2767587.5216577183,19.94175625932821
267976.2037248322,2767587.5216577183,19.96480903631821
268434.52318791946,2767587.5216577183,19.98297727986544
268892.8426510067,2767587.5216577183,19.995930680620443
269351.16211409395,2767587.5216577183,20.003515547608337
269809.4815771812,2767587.5216577183,20.005813221283507
270267.80104026844,2767587.5216577183,20.00318653328501
270726.1205033557,2767587.5216577183,19.99630124789686
271184.43996644294,2767587.5216577183,19.986112071984998
271642.7594295302,2767587.5216577183,19.973810146841213
272101.0788926174,2767587.5216577183,19.960738651143075
272559.3983557047,2767587.5216577183,19.94829124695974
273017.7178187919,2767587.5216577183,19.93781132978497
273476.03728187917,2767587.5216577183,19.930507752077357
273934.3567449664,2767587.5216577183,19.92739670448385
274392.67620805366,2767587.5216577183,19.929272501847162
274850.9956711409,2767587.5216577183,19.9367043124446
275309.3151342282,2767587.5216577183,19.95005241246913
275767.63459731545,2767587.5216577183,19.969496353433524
276225.9540604027,2767587.5216577183,19.99506791994971
276684.27352348994,2767587.5216577183,20.02668316622657
277142.5929865772,2767587.5216577183,20.064169470972278
277600.91244966444,2767587.5216577183,20.107284966810926
278059.2319127517,2767587.5216577183,20.15572862577981
278517.5513758389,2767587.5216577183,20.209139640895163
278975.8708389262,2767587.5216577183,20.267084613984892
279434.1903020134,2767587.5216577183,20.329030756617357
279892.50976510067,2767587.5216577183,20.394303729056055
280350.8292281879,2767587.5216577183,20.462032210075407
280809.14869127516,2767587.5216577183,20.531092890064322
281267.4681543624,2767587.5216577183,20.600096482039817
281725.78761744965,2767587.5216577183,20.667494127644307
282184.1070805369,2767587.5216577183,20.731884099531293
282642.42654362414,2767587.5216577183,20.792461542243366
283100.7460067114,2767587.5216577183,20.849321419523474
283559.06546979863,2767587.5216577183,20.90334273481338
284017.3849328859,2767587.5216577183,20.955759379944226
284475.7043959731,2767587.5216577183,21.007753425034455
284934.02385906037,2767587.5216577183,21.060249460996793
285392.3433221476,2767587.5216577183,21.11387717693387
285850.66278523486,2767587.5216577183,21.169011807008456
286308.9822483221,2767587.5216577183,21.225832139919895
286767.30171140935,2767587.5216577183,21.284370386723257
287225.6211744966,2767587.5216577183,21.344546031216268
287683.9406375839,2767587.5216577183,21.40618174944077
288142.26010067115,2767587.5216577183,21.469000188658537
288600.5795637584,2767587.5216577183,21.532599324305547
289058.89902684564,2767587.5216577183,21.596402541049795
289517.2184899329,2767587.5216577183,21.659577754401536
289975.53795302013,2767587.5216577183,21.720917761794276
290433.8574161074,2767587.5216577183,21.77867195309274
290892.1768791946,2767587.5216577183,21.830319467821763
291350.49634228187,2767587.5216577183,21.872281797662986
291808.8158053691,2767587.5216577183,21.899602827003925
292267.13526845636,2767587.5216577183,21.905701534519487
292725.4547315436,2767587.5216577183,21.882445760876294
293183.77419463085,2767587.5216577183,21.820933628336984
293642.0936577181,2767587.5216577183,21.713212469565345
294100.41312080534,2767587.5216577183,21.554411029229705
294558.7325838926,2767587.5216577183,21.343990758467932
295017.05204697984,2767587.5216577183,21.085441971840606
295475.3715100671,2767587.5216577183,20.78574768472599
295933.6909731543,2767587.5216577183,20.460510579806858
296392.0104362416,2767587.5216577183,20.19416850245169
296850.3298993288,2767587.5216577183,20.07456045037064
297308.64936241606,2767587.5216577183,19.97415302876957
297766.96882550337,2767587.5216577183,19.865867412858712
298225.2882885906,2767587.5216577183,19.749372163639812
298683.60775167786,2767587.5216577183,19.62616226054304
299141.9272147651,2767587.5216577183,19.496736097058992
299600.24667785235,2767587.5216577183,19.360084613869265
300058.5661409396,2767587.5216577183,19.213766368608972
300516.88560402684,2767587.5216577183,19.054328268614817
300975.2050671141,2767587.5216577183,18.878001898365028
301433.52453020134,2767587.5216577183,18.68148115864472
301891.8439932886,2767587.5216577183,18.460672003613208
302350.1634563758,2767587.5216577183,18.163928464297683
302808.4829194631,2767587.5216577183,17.81282248964047
303266.8023825503,2767587.5216577183,17.52044981826368
303725.12184563756,2767587.5216577183,17.417817021142504
304183.4413087248,2767587.5216577183,17.480352676200916
304641.76077181206,2767587.5216577183,17.587505748059925
305100.0802348993,2767587.5216577183,17.69431511982186
305558.39969798655,2767587.5216577183,17.78940481298843
306016.7191610738,2767587.5216577183,17.87068513158489
306475.03862416104,2767587.5216577183,17.939044337279274
306933.3580872483,2767587.5216577183,17.996423822868827
307391.67755033553,2767587.5216577183,18.045067651612932
307849.9970134228,2767587.5216577183,18.087158288162332
308308.31647651,2767587.5216577183,18.124610795360518
308766.63593959727,2767587.5216577183,18.158956943996568
309224.9554026845,2767587.5216577183,18.191302235689285
309683.27486577176,2767587.5216577183,18.222347881993706
259726.45338926173,2767825.135469799,19.2328994202755
260184.77285234898,2767825.135469799,19.274615748316084
260643.09231543622,2767825.135469799,19.317856036060935
261101.41177852347,2767825.135469799,19.36220594201115
261559.73124161075,2767825.135469799,19.407351895560826
262018.050704698,2767825.135469799,19.45304096612407
262476.3701677852,2767825.135469799,19.499049250514126
262934.68963087245,2767825.135469799,19.545159363228404
263393.0090939597,2767825.135469799,19.591144497618185
263851.32855704695,2767825.135469799,19.636756766943325
264309.64802013425,2767825.135469799,19.681718347760143
264767.9674832215,2767825.135469799,19.72571466055522
265226.28694630874,2767825.135469799,19.768389371854333
265684.606409396,2767825.135469799,19.809341453548456
266142.92587248323,2767825.135469799,19.848124958190404
266601.2453355705,2767825.135469799,19.884252610213696
267059.5647986577,2767825.135469799,19.917204783462807
267517.88426174497,2767825.135469799,19.946445883434514
267976.2037248322,2767825.135469799,19.97145041301875
268434.52318791946,2767825.135469799,19.991740731799617
268892.8426510067,2767825.135469799,20.006937189811005
269351.16211409395,2767825.135469799,20.016818376137554
269809.4815771812,2767825.135469799,20.021384598683753
270267.80104026844,2767825.135469799,20.020912536894237
270726.1205033557,2767825.135469799,20.015985921040233
271184.43996644294,2767825.135469799,20.007489140203425
271642.7594295302,2767825.135469799,19.996558879039757
272101.0788926174,2767825.135469799,19.984500431974514
272559.3983557047,2767825.135469799,19.972684902583385
273017.7178187919,2767825.135469799,19.962446884651797
273476.03728187917,2767825.135469799,19.95499904816873
273934.3567449664,2767825.135469799,19.951373087547275
274392.67620805366,2767825.135469799,19.95238915209907
274850.9956711409,2767825.135469799,19.958650377766432
275309.3151342282,2767825.135469799,19.970556136126064
275767.63459731545,2767825.135469799,19.98832677480727
276225.9540604027,2767825.135469799,20.01203322507426
276684.27352348994,2767825.135469799,20.041626175537754
277142.5929865772,2767825.135469799,20.0769609909652
277600.91244966444,2767825.135469799,20.117815825460255
278059.2319127517,2767825.135469799,20.163901258055272
278517.5513758389,2767825.135469799,20.21486024239046
278975.8708389262,2767825.135469799,20.270257349166098
279434.1903020134,2767825.135469799,20.329556586898416
279892.50976510067,2767825.135469799,20.39208844079002
280350.8292281879,2767825.135469799,20.457011114652108
280809.14869127516,2767825.135469799,20.5232814919867
281267.4681543624,2767825.135469799,20.589670198931945
281725.78761744965,2767825.135469799,20.654873506884215
282184.1070805369,2767825.135469799,20.717756995034524
282642.42654362414,2767825.135469799,20.777668529438543
283100.7460067114,2767825.135469799,20.834634479623556
283559.06546979863,2767825.135469799,20.889283835913506
284017.3849328859,2767825.135469799,20.942559473376978
284475.7043959731,2767825.135469799,20.995417135133096
284934.02385906037,2767825.135469799,21.048643779509042
285392.3433221476,2767825.135469799,21.102798992313737
285850.66278523486,2767825.135469799,21.158227950837173
286308.9822483221,2767825.135469799,21.21510061344549
286767.30171140935,2767825.135469799,21.27345228926039
287225.6211744966,2767825.135469799,21.33321472956101
287683.9406375839,2767825.135469799,21.394232995740694
288142.26010067115,2767825.135469799,21.456264941783054
288600.5795637584,2767825.135469799,21.51895977041848
289058.89902684564,2767825.135469799,21.581810929554802
289517.2184899329,2767825.135469799,21.644076788665757
289975.53795302013,2767825.135469799,21.70465978322199
290433.8574161074,2767825.135469799,21.761930868936666
290892.1768791946,2767825.135469799,21.813482303355276
291350.49634228187,2767825.135469799,21.85579328820413
291808.8158053691,2767825.135469799,21.88381630766237
292267.13526845636,2767825.135469799,21.890576372651573
292725.4547315436,2767825.135469799,21.867080257169405
293183.77419463085,2767825.135469799,21.80313100407785
293642.0936577181,2767825.135469799,21.68960775540094
294100.41312080534,2767825.135469799,21.521632888046298
294558.7325838926,2767825.135469799,21.300493615607362
295017.05204697984,2767825.135469799,21.033142541514128
295475.3715100671,2767825.135469799,20.731828001985217
295933.6909731543,2767825.135469799,20.42160194106469
296392.0104362416,2767825.135469799,20.167341521297097
296850.3298993288,2767825.135469799,20.011029540958614
297308.64936241606,2767825.135469799,19.891560114779406
297766.96882550337,2767825.135469799,19.77657647800474
298225.2882885906,2767825.135469799,19.659731726770005
298683.60775167786,2767825.135469799,19.54000683720423
299141.9272147651,2767825.135469799,19.416532371002468
299600.24667785235,2767825.135469799,19.287258125668746
300058.5661409396,2767825.135469799,19.148708980949085
300516.88560402684,2767825.135469799,18.996289229144004
300975.2050671141,2767825.135469799,18.824997886885527
301433.52453020134,2767825.135469799,18.630383438206835
301891.8439932886,2767825.135469799,18.40912599956378
302350.1634563758,2767825.135469799,18.097648593645683
302808.4829194631,2767825.135469799,17.710002733413795
303266.8023825503,2767825.135469799,17.35522839747534
303725.12184563756,2767825.135469799,17.266693523731035
304183.4413087248,2767825.135469799,17.38628452154447
304641.76077181206,2767825.135469799,17.52207656719605
305100.0802348993,2767825.135469799,17.64339520460435
305558.39969798655,2767825.135469799,17.746543711656773
306016.7191610738,2767825.135469799,17.832593996355573
306475.03862416104,2767825.135469799,17.903913688877868
306933.3580872483,2767825.135469799,17.963241337694328
307391.67755033553,2767825.135469799,18.013308970788966
307849.9970134228,2767825.135469799,18.056625499750844
308308.31647651,2767825.135469799,18.095325938138757
308766.63593959727,2767825.135469799,18.131072769775496
309224.9554026845,2767825.135469799,18.165022412464868
309683.27486577176,2767825.135469799,18.197863806734034
310141.594328859,2767825.135469799,18.2299123205465
259726.45338926173,2768062.7492818795,19.224939734872745
260184.77285234898,2768062.7492818795,19.267243163078874
260643.09231543622,2768062.7492818795,19.31100735580644
261101.41177852347,2768062.7492818795,19.355815242814334
261559.73124161075,2768062.7492818795,19.401370753220753
262018.050704698,2768062.7492818795,19.447444121866727
262476.3701677852,2768062.7492818795,19.493835192912947
262934.68963087245,2768062.7492818795,19.54034976525848
263393.0090939597,2768062.7492818795,19.586783858533522
263851.32855704695,2768062.7492818795,19.63291257404388
264309.64802013425,2768062.7492818795,19.678481668032937
264767.9674832215,2768062.7492818795,19.723200881547758
265226.28694630874,2768062.7492818795,19.766738669270808
265684.606409396,2768062.7492818795,19.808718410170176
266142.92587248323,2768062.7492818795,19.848716585902572
266601.2453355705,2768062.7492818795,19.886263864151772
267059.5647986577,2768062.7492818795,19.920850580709978
267517.88426174497,2768062.7492818795,19.951938780928593
267976.2037248322,2768062.7492818795,19.97898363987175
268434.52318791946,2768062.7492818795,20.001467369583505
268892.8426510067,2768062.7492818795,20.018947928522042
269351.16211409395,2768062.7492818795,20.031122010275553
269809.4815771812,2768062.7492818795,20.037896316196125
270267.80104026844,2768062.7492818795,20.03945398780964
270726.1205033557,2768062.7492818795,20.036297724484257
271184.43996644294,2768062.7492818795,20.029252236765004
271642.7594295302,2768062.7492818795,20.019418443728764
272101.0788926174,2768062.7492818795,20.008086587121813
272559.3983557047,2768062.7492818795,19.996627519234522
273017.7178187919,2768062.7492818795,19.986385022813494
273476.03728187917,2768062.7492818795,19.97858721518812
273934.3567449664,2768062.7492818795,19.974286277506813
274392.67620805366,2768062.7492818795,19.97432749875379
274850.9956711409,2768062.7492818795,19.979343211285663
275309.3151342282,2768062.7492818795,19.98976475685128
275767.63459731545,2768062.7492818795,20.005845319473014
276225.9540604027,2768062.7492818795,20.02768735139369
276684.27352348994,2768062.7492818795,20.055269687239075
277142.5929865772,2768062.7492818795,20.088470834895514
277600.91244966444,2768062.7492818795,20.127086098001417
278059.2319127517,2768062.7492818795,20.170837026150505
278517.5513758389,2768062.7492818795,20.219372236470548
278975.8708389262,2768062.7492818795,20.27225908338176
279434.1903020134,2768062.7492818795,20.32896638456001
279892.50976510067,2768062.7492818795,20.388840260725452
280350.8292281879,2768062.7492818795,20.451079514089486
280809.14869127516,2768062.7492818795,20.514725456986245
281267.4681543624,2768062.7492818795,20.578693037247522
281725.78761744965,2768062.7492818795,20.64187625500878
282184.1070805369,2768062.7492818795,20.70333878170709
282642.42654362414,2768062.7492818795,20.762534846433375
283100.7460067114,2768062.7492818795,20.81943966092384
283559.06546979863,2768062.7492818795,20.87449756312751
284017.3849328859,2768062.7492818795,20.928422612485814
284475.7043959731,2768062.7492818795,20.98197482563346
284934.02385906037,2768062.7492818795,21.035806543474536
285392.3433221476,2768062.7492818795,21.090396830275438
285850.66278523486,2768062.7492818795,21.146047099416215
286308.9822483221,2768062.7492818795,21.202906081570582
286767.30171140935,2768062.7492818795,21.261002592936993
287225.6211744966,2768062.7492818795,21.320274282987956
287683.9406375839,2768062.7492818795,21.38058577107405
288142.26010067115,2768062.7492818795,21.441731421091315
288600.5795637584,2768062.7492818795,21.50341809271062
289058.89902684564,2768062.7492818795,21.565222417254567
289517.2184899329,2768062.7492818795,21.626515483146008
289975.53795302013,2768062.7492818795,21.68634463713788
290433.8574161074,2768062.7492818795,21.743256500746764
290892.1768791946,2768062.7492818795,21.795036968195973
291350.49634228187,2768062.7492818795,21.83833597965
291808.8158053691,2768062.7492818795,21.868152531417213
292267.13526845636,2768062.7492818795,21.87722922279322
292725.4547315436,2768062.7492818795,21.855663791002808
293183.77419463085,2768062.7492818795,21.791589277219938
293642.0936577181,2768062.7492818795,21.674100381168373
294100.41312080534,2768062.7492818795,21.49801424698548
294558.7325838926,2768062.7492818795,21.266869298000792
295017.05204697984,2768062.7492818795,20.991775588299095
295475.3715100671,2768062.7492818795,20.689978664519703
295933.6909731543,2768062.7492818795,20.389804759644733
296392.0104362416,2768062.7492818795,20.137469558234503
296850.3298993288,2768062.7492818795,19.95672358139614
297308.64936241606,2768062.7492818795,19.817436116346546
297766.96882550337,2768062.7492818795,19.693061752359164
298225.2882885906,2768062.7492818795,19.573937574365054
298683.60775167786,2768062.7492818795,19.456698939782825
299141.9272147651,2768062.7492818795,19.339003283865594
299600.24667785235,2768062.7492818795,19.217635541947082
300058.5661409396,2768062.7492818795,19.087931026223742
300516.88560402684,2768062.7492818795,18.943907308737653
300975.2050671141,2768062.7492818795,18.778874328818787
301433.52453020134,2768062.7492818795,18.585896940843693
301891.8439932886,2768062.7492818795,18.3538116994325
302350.1634563758,2768062.7492818795,18.037511862443555
302808.4829194631,2768062.7492818795,17.64002876631229
303266.8023825503,2768062.7492818795,17.212652738035853
303725.12184563756,2768062.7492818795,17.15265074700818
304183.4413087248,2768062.7492818795,17.328572306736348
304641.76077181206,2768062.7492818795,17.481880678622264
305100.0802348993,2768062.7492818795,17.610540268246222
305558.39969798655,2768062.7492818795,17.71708171089986
306016.7191610738,2768062.7492818795,17.804649907529534
306475.03862416104,2768062.7492818795,17.876533294683767
306933.3580872483,2768062.7492818795,17.935976832272083
307391.67755033553,2768062.7492818795,17.9860433351719
307849.9970134228,2768062.7492818795,18.029480416623517
308308.31647651,2768062.7492818795,18.068589478183352
308766.63593959727,2768062.7492818795,18.105121943641727
309224.9554026845,2768062.7492818795,18.14024300827052
309683.27486577176,2768062.7492818795,18.174585130558935
310141.594328859,2768062.7492818795,18.208371432434074
259726.45338926173,2768300.36309396,19.217064440463066
260184.77285234898,2768300.36309396,19.26001502738445
260643.09231543622,2768300.36309396,19.30432607046594
261101.41177852347,2768300.36309396,19.349596013774786
261559.73124161075,2768300.36309396,19.395558255222287
262018.050704698,2768300.36309396,19.44201292573193
262476.3701677852,2768300.36309396,19.48878729425251
262934.68963087245,2768300.36309396,19.535712448770223
263393.0090939597,2768300.36309396,19.5826085827073
263851.32855704695,2768300.36309396,19.629274788365407
264309.64802013425,2768300.36309396,19.675481249705395
264767.9674832215,2768300.36309396,19.7209627831281
265226.28694630874,2768300.36309396,19.765413268095337
265684.606409396,2768300.36309396,19.808480906206615
266142.92587248323,2768300.36309396,19.849764607993954
266601.2453355705,2768300.36309396,19.888812251119862
267059.5647986577,2768300.36309396,19.92512218907512
267517.88426174497,2768300.36309396,19.958150293399296
267976.2037248322,2768300.36309396,19.987325944837654
268434.52318791946,2768300.36309396,20.01208140354237
268892.8426510067,2768300.36309396,20.031898983412887
269351.16211409395,2768300.36309396,20.046377919126595
269809.4815771812,2768300.36309396,20.055316325605265
270267.80104026844,2768300.36309396,20.058793744472734
270726.1205033557,2768300.36309396,20.057230921146793
271184.43996644294,2768300.36309396,20.05140300762531
271642.7594295302,2768300.36309396,20.042394591993787
272101.0788926174,2768300.36309396,20.03150494362451
272559.3983557047,2768300.36309396,20.0201279607799
273017.7178187919,2768300.36309396,20.009635019293697
273476.03728187917,2768300.36309396,20.001281287624334
273934.3567449664,2768300.36309396,19.996144276161132
274392.67620805366,2768300.36309396,19.995093724865132
274850.9956711409,2768300.36309396,19.99878664119421
275309.3151342282,2768300.36309396,20.007679666134162
275767.63459731545,2768300.36309396,20.02205141692987
276225.9540604027,2768300.36309396,20.042028798634703
276684.27352348994,2768300.36309396,20.067612792550445
277142.5929865772,2768300.36309396,20.09870059126664
277600.91244966444,2768300.36309396,20.135102034538416
278059.2319127517,2768300.36309396,20.17654909945805
278517.5513758389,2768300.36309396,20.22269779584681
278975.8708389262,2768300.36309396,20.273122412814008
279434.1903020134,2768300.36309396,20.327303035041794
279892.50976510067,2768300.36309396,20.38460924120921
280350.8292281879,2768300.36309396,20.44428678088841
280809.14869127516,2768300.36309396,20.505460286523775
281267.4681543624,2768300.36309396,20.567171821418356
281725.78761744965,2768300.36309396,20.62847468972605
282184.1070805369,2768300.36309396,20.68858152464445
282642.42654362414,2768300.36309396,20.74702225025406
283100.7460067114,2768300.36309396,20.803732549619045
283559.06546979863,2768300.36309396,20.859016902426017
284017.3849328859,2768300.36309396,20.9134073729435
284475.7043959731,2768300.36309396,20.9674958785549
284934.02385906037,2768300.36309396,21.021807207995394
285392.3433221476,2768300.36309396,21.07673440489246
285850.66278523486,2768300.36309396,21.132524620591436
286308.9822483221,2768300.36309396,21.189294235148836
286767.30171140935,2768300.36309396,21.247055829575864
287225.6211744966,2768300.36309396,21.305745521869728
287683.9406375839,2768300.36309396,21.36524303977323
288142.26010067115,2768300.36309396,21.425378550364403
288600.5795637584,2768300.36309396,21.485920625899254
289058.89902684564,2768300.36309396,21.5465393756175
289517.2184899329,2768300.36309396,21.606737502607146
289975.53795302013,2768300.36309396,21.66573880698628
290433.8574161074,2768300.36309396,21.722316686156823
290892.1768791946,2768300.36309396,21.774532328412356
291350.49634228187,2768300.36309396,21.81933269348915
291808.8158053691,2768300.36309396,21.85194065285597
292267.13526845636,2768300.36309396,21.865003975822518
292725.4547315436,2768300.36309396,21.84773553715948
293183.77419463085,2768300.36309396,21.78613395380574
293642.0936577181,2768300.36309396,21.666526323968476
294100.41312080534,2768300.36309396,21.482823453231298
294558.7325838926,2768300.36309396,21.241331719684034
295017.05204697984,2768300.36309396,20.957991425331958
295475.3715100671,2768300.36309396,20.654192611918006
295933.6909731543,2768300.36309396,20.357930708565082
296392.0104362416,2768300.36309396,20.102712276992385
296850.3298993288,2768300.36309396,19.904283848093606
297308.64936241606,2768300.36309396,19.74746210241284
297766.96882550337,2768300.36309396,19.61298185144777
298225.2882885906,2768300.36309396,19.49057308367105
298683.60775167786,2768300.36309396,19.375290184542724
299141.9272147651,2768300.36309396,19.263495692697852
299600.24667785235,2768300.36309396,19.15082436836332
300058.5661409396,2768300.36309396,19.03134505597099
300516.88560402684,2768300.36309396,18.89750913485469
300975.2050671141,2768300.36309396,18.740659719917588
301433.52453020134,2768300.36309396,18.551182425015757
301891.8439932886,2768300.36309396,18.31444291412259
302350.1634563758,2768300.36309396,18.003679754464127
302808.4829194631,2768300.36309396,17.621526285649928
303266.8023825503,2768300.36309396,17.209869253001163
303725.12184563756,2768300.36309396,17.148240041127234
304183.4413087248,2768300.36309396,17.3189143442283
304641.76077181206,2768300.36309396,17.470233620249733
305100.0802348993,2768300.36309396,17.5970459439348
305558.39969798655,2768300.36309396,17.701622779718825
306016.7191610738,2768300.36309396,17.787162160934937
306475.03862416104,2768300.36309396,17.857064910707123
306933.3580872483,2768300.36309396,17.914706479730246
307391.67755033553,2768300.36309396,17.96329104064717
307849.9970134228,2768300.36309396,18.005706551909828
308308.31647651,2768300.36309396,18.044365665870377
308766.63593959727,2768300.36309396,18.081066370870666
309224.9554026845,2768300.36309396,18.116936424655744
309683.27486577176,2768300.36309396,18.15250058681558
310141.594328859,2768300.36309396,18.18784194161767
310599.9137919463,2768300.36309396,18.222783962282076
259268.1339261745,2768537.97690604,19.16758151343352
259726.45338926173,2768537.97690604,19.20935789593778
260184.77285234898,2768537.97690604,19.25299944131586
260643.09231543622,2768537.97690604,19.297860281310914
261101.41177852347,2768537.97690604,19.343579154660826
261559.73124161075,2768537.97690604,19.38993161747596
262018.050704698,2768537.97690604,19.436753581956868
262476.3701677852,2768537.97690604,19.483902431625463
262934.68963087245,2768537.97690604,19.531235849731715
263393.0090939597,2768537.97690604,19.57859896406086
263851.32855704695,2768537.97690604,19.625815449468373
264309.64802013425,2768537.97690604,19.672680502935755
264767.9674832215,2768537.97690604,19.718954653844822
265226.28694630874,2768537.97690604,19.764357893153385
265684.606409396,2768537.97690604,19.808563921196175
266142.92587248323,2768537.97690604,19.851194604388947
266601.2453355705,2768537.97690604,19.89181514132221
267059.5647986577,2768537.97690604,19.92993112745748
267517.88426174497,2768537.97690604,19.964989843935758
267976.2037248322,2768537.97690604,19.996389764333383
268434.52318791946,2768537.97690604,20.023504213905287
268892.8426510067,2768537.97690604,20.04572627816808
269351.16211409395,2768537.97690604,20.06254024208352
269809.4815771812,2768537.97690604,20.073617327269623
270267.80104026844,2768537.97690604,20.07891977994203
270726.1205033557,2768537.97690604,20.07878308776111
271184.43996644294,2768537.97690604,20.073942827840145
271642.7594295302,2768537.97690604,20.06548848352005
272101.0788926174,2768537.97690604,20.054754855233355
272559.3983557047,2768537.97690604,20.04318399019856
273017.7178187919,2768537.97690604,20.032193963393603
273476.03728187917,2768537.97690604,20.023078435968326
273934.3567449664,2768537.97690604,20.01694458594505
274392.67620805366,2768537.97690604,20.014685497456334
274850.9956711409,2768537.97690604,20.01697819679091
275309.3151342282,2768537.97690604,20.02429810543834
275767.63459731545,2768537.97690604,20.036942215281456
276225.9540604027,2768537.97690604,20.05505523825622
276684.27352348994,2768537.97690604,20.078654709339396
277142.5929865772,2768537.97690604,20.10765237329968
277600.91244966444,2768537.97690604,20.141870188415275
278059.2319127517,2768537.97690604,20.18105002018217
278517.5513758389,2768537.97690604,20.224856703636746
278975.8708389262,2768537.97690604,20.272874825490426
279434.1903020134,2768537.97690604,20.324600635654992
279892.50976510067,2768537.97690604,20.379432394126262
280350.8292281879,2768537.97690604,20.436665632584006
280809.14869127516,2768537.97690604,20.495504081953573
281267.4681543624,2768537.97690604,20.555100230761372
281725.78761744965,2768537.97690604,20.614636093944313
282184.1070805369,2768537.97690604,20.673437968892276
282642.42654362414,2768537.97690604,20.731090699318482
283100.7460067114,2768537.97690604,20.787498524704315
283559.06546979863,2768537.97690604,20.84285752845075
284017.3849328859,2768537.97690604,20.89755310839674
284475.7043959731,2768537.97690604,20.952032824629807
284934.02385906037,2768537.97690604,21.00670261358648
285392.3433221476,2768537.97690604,21.061867200968365
285850.66278523486,2768537.97690604,21.117711440322058
286308.9822483221,2768537.97690604,21.174309320456402
286767.30171140935,2768537.97690604,21.231647281298358
287225.6211744966,2768537.97690604,21.289651392438664
287683.9406375839,2768537.97690604,21.34821030290336
288142.26010067115,2768537.97690604,21.40718702897645
288600.5795637584,2768537.97690604,21.46641311886144
289058.89902684564,2768537.97690604,21.52565888730951
289517.2184899329,2768537.97690604,21.5845728316285
289975.53795302013,2768537.97690604,21.642580579772172
290433.8574161074,2768537.97690604,21.698726195671664
290892.1768791946,2768537.97690604,21.751422291819953
291350.49634228187,2768537.97690604,21.798044214343175
291808.8158053691,2768537.97690604,21.83425344390401
292267.13526845636,2768537.97690604,21.85289414831434
292725.4547315436,2768537.97690604,21.842476001229606
293183.77419463085,2768537.97690604,21.78637289656832
293642.0936577181,2768537.97690604,21.666609679087554
294100.41312080534,2768537.97690604,21.475084278579825
294558.7325838926,2768537.97690604,21.221730624162646
295017.05204697984,2768537.97690604,20.928367414991595
295475.3715100671,2768537.97690604,20.619880757975157
295933.6909731543,2768537.97690604,20.32263187104428
296392.0104362416,2768537.97690604,20.061962691063655
296850.3298993288,2768537.97690604,19.849602353257563
297308.64936241606,2768537.97690604,19.678018139712023
297766.96882550337,2768537.97690604,19.53392847678527
298225.2882885906,2768537.97690604,19.40800830991799
298683.60775167786,2768537.97690604,19.29459848022975
299141.9272147651,2768537.97690604,19.18912311633879
299600.24667785235,2768537.97690604,19.086207470693033
300058.5661409396,2768537.97690604,18.978666486849253
300516.88560402684,2768537.97690604,18.857285763870298
300975.2050671141,2768537.97690604,18.711362693783073
301433.52453020134,2768537.97690604,18.529315484200783
301891.8439932886,2768537.97690604,18.297481855588416
302350.1634563758,2768537.97690604,18.002434904259786
302808.4829194631,2768537.97690604,17.655706893217157
303266.8023825503,2768537.97690604,17.32814149104967
303725.12184563756,2768537.97690604,17.24394707377211
304183.4413087248,2768537.97690604,17.35634278568311
304641.76077181206,2768537.97690604,17.48687240424133
305100.0802348993,2768537.97690604,17.60278007610491
305558.39969798655,2768537.97690604,17.70007149434778
306016.7191610738,2768537.97690604,17.78004847427539
306475.03862416104,2768537.97690604,17.84542945175335
306933.3580872483,2768537.97690604,17.899346831856956
307391.67755033553,2768537.97690604,17.94495900759194
307849.9970134228,2768537.97690604,17.9852019851509
308308.31647651,2768537.97690604,18.02255292781711
308766.63593959727,2768537.97690604,18.058818962316703
309224.9554026845,2768537.97690604,18.095041336634875
309683.27486577176,2768537.97690604,18.13157757856063
310141.594328859,2768537.97690604,18.168315344258986
310599.9137919463,2768537.97690604,18.20490349919089
311058.23325503356,2768537.97690604,18.24091723001473
259268.1339261745,2768775.590718121,19.159219530804346
259726.45338926173,2768775.590718121,19.201931674247646
260184.77285234898,2768775.590718121,19.246275925464186
260643.09231543622,2768775.590718121,19.291661309532156
261101.41177852347,2768775.590718121,19.33779518615871
261559.73124161075,2768775.590718121,19.38450620420826
262018.050704698,2768775.590718121,19.4316698518765
262476.3701677852,2768775.590718121,19.479174774361617
262934.68963087245,2768775.590718121,19.526905517994756
263393.0090939597,2768775.590718121,19.57473221445282
263851.32855704695,2768775.590718121,19.622503254470548
264309.64802013425,2768775.590718121,19.67003914776213
264767.9674832215,2768775.590718121,19.717126645167234
265226.28694630874,2768775.590718121,19.763512582042203
265684.606409396,2768775.590718121,19.808897102902094
266142.92587248323,2768775.590718121,19.852926118238518
266601.2453355705,2768775.590718121,19.895183183133575
267059.5647986577,2768775.590718121,19.935181682264933
267517.88426174497,2768775.590718121,19.972359535896523
267976.2037248322,2768775.590718121,20.00608087505977
268434.52318791946,2768775.590718121,20.035652215793498
268892.8426510067,2768775.590718121,20.060363518401935
269351.16211409395,2768775.590718121,20.079564174914182
269809.4815771812,2768775.590718121,20.09277575398256
270267.80104026844,2768775.590718121,20.099824577669192
270726.1205033557,2768775.590718121,20.100954509141054
271184.43996644294,2768775.590718121,20.096871859209315
271642.7594295302,2768775.590718121,20.088695370323116
272101.0788926174,2768775.590718121,20.077825732246172
272559.3983557047,2768775.590718121,20.065780922437764
273017.7178187919,2768775.590718121,20.054045704735053
273476.03728187917,2768775.590718121,20.043963228514453
273934.3567449664,2768775.590718121,20.036673708972238
274392.67620805366,2768775.590718121,20.033091591405388
274850.9956711409,2768775.590718121,20.033908758739805
275309.3151342282,2768775.590718121,20.039612778230712
275767.63459731545,2768775.590718121,20.050512124206204
276225.9540604027,2768775.590718121,20.066762981309584
276684.27352348994,2768775.590718121,20.088394184340025
277142.5929865772,2768775.590718121,20.115328176304885
277600.91244966444,2768775.590718121,20.147396765039748
278059.2319127517,2768775.590718121,20.184351110798374
278517.5513758389,2768775.590718121,20.225865946580008
278975.8708389262,2768775.590718121,20.27153870817358
279434.1903020134,2768775.590718121,20.3208852775056
279892.50976510067,2768775.590718121,20.373335700182952
280350.8292281879,2768775.590718121,20.428235659909276
280809.14869127516,2768775.590718121,20.484862175803315
281267.4681543624,2768775.590718121,20.542462986633925
281725.78761744965,2768775.590718121,20.600324676417717
282184.1070805369,2768775.590718121,20.657861558726587
282642.42654362414,2768775.590718121,20.714699072061517
283100.7460067114,2768775.590718121,20.770715886564115
283559.06546979863,2768775.590718121,20.8260223329948
284017.3849328859,2768775.590718121,20.880883997263716
284475.7043959731,2768775.590718121,20.935623964678342
284934.02385906037,2768775.590718121,20.99053825266551
285392.3433221476,2768775.590718121,21.04584287890838
285850.66278523486,2768775.590718121,21.101654095821562
286308.9822483221,2768775.590718121,21.15799423505532
286767.30171140935,2768775.590718121,21.214813400755
287225.6211744966,2768775.590718121,21.272017912308133
287683.9406375839,2768775.590718121,21.329497280240876
288142.26010067115,2768775.590718121,21.387141969791564
288600.5795637584,2768775.590718121,21.44484466184577
289058.89902684564,2768775.590718121,21.502478462351423
289517.2184899329,2768775.590718121,21.559845968338507
289975.53795302013,2768775.590718121,21.6165914773293
290433.8574161074,2768775.590718121,21.672061696403027
290892.1768791946,2768775.590718121,21.725082476175626
291350.49634228187,2768775.590718121,21.773579559489285
291808.8158053691,2768775.590718121,21.81388953398822
292267.13526845636,2768775.590718121,21.839462157841794
292725.4547315436,2768775.590718121,21.838566461423067
293183.77419463085,2768775.590718121,21.791625736019654
293642.0936577181,2768775.590718121,21.674013135764433
294100.41312080534,2768775.590718121,21.473566633172332
294558.7325838926,2768775.590718121,21.20555658600259
295017.05204697984,2768775.590718121,20.899544209224523
295475.3715100671,2768775.590718121,20.583522072788018
295933.6909731543,2768775.590718121,20.281793786348018
296392.0104362416,2768775.590718121,20.014231227603705
296850.3298993288,2768775.590718121,19.790197939827852
297308.64936241606,2768775.590718121,19.60629460321139
297766.96882550337,2768775.590718121,19.4536525823233
298225.2882885906,2768775.590718121,19.32453007613117
298683.60775167786,2768775.590718121,19.213268924540568
299141.9272147651,2768775.590718121,19.11478207028287
299600.24667785235,2768775.590718121,19.022924897898882
300058.5661409396,2768775.590718121,18.929360199135402
300516.88560402684,2768775.590718121,18.823169109469497
300975.2050671141,2768775.590718121,18.691567663619335
301433.52453020134,2768775.590718121,18.521653795454004
301891.8439932886,2768775.590718121,18.302416975288043
302350.1634563758,2768775.590718121,18.030399465546765
302808.4829194631,2768775.590718121,17.726699899207983
303266.8023825503,2768775.590718121,17.464244829228477
303725.12184563756,2768775.590718121,17.370441716707834
304183.4413087248,2768775.590718121,17.42825323112778
304641.76077181206,2768775.590718121,17.528076147283397
305100.0802348993,2768775.590718121,17.626206038919044
305558.39969798655,2768775.590718121,17.71163945809789
306016.7191610738,2768775.590718121,17.782838293941772
306475.03862416104,2768775.590718121,17.84131032351181
306933.3580872483,2768775.590718121,17.8896584453767
307391.67755033553,2768775.590718121,17.93084380014081
307849.9970134228,2768775.590718121,17.96778094105076
308308.31647651,2768775.590718121,18.002984444970657
308766.63593959727,2768775.590718121,18.038244724921967
309224.9554026845,2768775.590718121,18.0744652313176
309683.27486577176,2768775.590718121,18.111765679512345
310141.594328859,2768775.590718121,18.149773586820643
310599.9137919463,2768775.590718121,18.18792072693496
311058.23325503356,2768775.590718121,18.225630078855076
259268.1339261745,2769013.2045302014,19.151221052695764
259726.45338926173,2769013.2045302014,19.19492629356607
260184.77285234898,2769013.2045302014,19.239931890432565
260643.09231543622,2769013.2045302014,19.285780471132792
261101.41177852347,2769013.2045302014,19.332272115547052
261559.73124161075,2769013.2045302014,19.379294254638417
262018.050704698,2769013.2045302014,19.42676235102532
262476.3701677852,2769013.2045302014,19.47459544995003
262934.68963087245,2769013.2045302014,19.522704027360536
263393.0090939597,2769013.2045302014,19.570982540739205
263851.32855704695,2769013.2045302014,19.619303749745793
264309.64802013425,2769013.2045302014,19.66751347690577
264767.9674832215,2769013.2045302014,19.715425058537374
265226.28694630874,2769013.2045302014,19.762812935871537
265684.606409396,2769013.2045302014,19.809404898380997
266142.92587248323,2769013.2045302014,19.85487255510494
266601.2453355705,2769013.2045302014,19.89881983143569
267059.5647986577,2769013.2045302014,19.940769918793663
267517.88426174497,2769013.2045302014,19.980152542932355
267976.2037248322,2769013.2045302014,20.016296181941364
268434.52318791946,2769013.2045302014,20.048434275896657
268892.8426510067,2769013.2045302014,20.075739692004053
269351.16211409395,2769013.2045302014,20.097404066175404
269809.4815771812,2769013.2045302014,20.112770699786594
270267.80104026844,2769013.2045302014,20.12150461078891
270726.1205033557,2769013.2045302014,20.123747572314688
271184.43996644294,2769013.2045302014,20.120187863258515
271642.7594295302,2769013.2045302014,20.112002813859224
272101.0788926174,2769013.2045302014,20.100695033360047
272559.3983557047,2769013.2045302014,20.08788981698348
273017.7178187919,2769013.2045302014,20.075159492025055
273476.03728187917,2769013.2045302014,20.063906744477134
273934.3567449664,2769013.2045302014,20.055306625521826
274392.67620805366,2769013.2045302014,20.050291581952735
274850.9956711409,2769013.2045302014,20.049562333050574
275309.3151342282,2769013.2045302014,20.053611615594125
275767.63459731545,2769013.2045302014,20.06275252511348
276225.9540604027,2769013.2045302014,20.077146618988344
276684.27352348994,2769013.2045302014,20.096829072712673
277142.5929865772,2769013.2045302014,20.121729422345382
277600.91244966444,2769013.2045302014,20.15168717748495
278059.2319127517,2769013.2045302014,20.18646211726546
278517.5513758389,2769013.2045302014,20.2257395726989
278975.8708389262,2769013.2045302014,20.26913161645462
279434.1903020134,2769013.2045302014,20.316175997374334
279892.50976510067,2769013.2045302014,20.366336011650404
280350.8292281879,2769013.2045302014,20.419006237388476
280809.14869127516,2769013.2045302014,20.473530567833404
281267.4681543624,2769013.2045302014,20.529238698270923
281725.78761744965,2769013.2045302014,20.585502810073795
282184.1070805369,2769013.2045302014,20.641806416959426
282642.42654362414,2769013.2045302014,20.69780556895777
283100.7460067114,2769013.2045302014,20.753357849966072
283559.06546979863,2769013.2045302014,20.808504555362887
284017.3849328859,2769013.2045302014,20.863412108181354
284475.7043959731,2769013.2045302014,20.918295575419982
284934.02385906037,2769013.2045302014,20.973349494829844
285392.3433221476,2769013.2045302014,21.02870179447171
285850.66278523486,2769013.2045302014,21.084394932923953
286308.9822483221,2769013.2045302014,21.14039075388986
286767.30171140935,2769013.2045302014,21.1965923503158
287225.6211744966,2769013.2045302014,21.252875254625653
287683.9406375839,2769013.2045302014,21.309119759281966
288142.26010067115,2769013.2045302014,21.365235786663224
288600.5795637584,2769013.2045302014,21.421172032739598
289058.89902684564,2769013.2045302014,21.476902525251397
289517.2184899329,2769013.2045302014,21.532385615014768
289975.53795302013,2769013.2045302014,21.58749065024314
290433.8574161074,2769013.2045302014,21.641882536405735
290892.1768791946,2769013.2045302014,21.694837860382993
291350.49634228187,2769013.2045302014,21.74492474377969
291808.8158053691,2769013.2045302014,21.789377554424938
292267.13526845636,2769013.2045302014,21.822752875217837
292725.4547315436,2769013.2045302014,21.833953702018565
293183.77419463085,2769013.2045302014,21.80074024805258
293642.0936577181,2769013.2045302014,21.688381775574722
294100.41312080534,2769013.2045302014,21.47664427944591
294558.7325838926,2769013.2045302014,21.18977666276209
295017.05204697984,2769013.2045302014,20.86814648130185
295475.3715100671,2769013.2045302014,20.54220615576263
295933.6909731543,2769013.2045302014,20.233743836508157
296392.0104362416,2769013.2045302014,19.958563782181038
296850.3298993288,2769013.2045302014,19.724380550631246
297308.64936241606,2769013.2045302014,19.530137508634677
297766.96882550337,2769013.2045302014,19.370154098569564
298225.2882885906,2769013.2045302014,19.238431755380425
298683.60775167786,2769013.2045302014,19.12982586924281
299141.9272147651,2769013.2045302014,19.03916679724065
299600.24667785235,2769013.2045302014,18.95985237860519
300058.5661409396,2769013.2045302014,18.882583246554002
300516.88560402684,2769013.2045302014,18.794731096466936
300975.2050671141,2769013.2045302014,18.681247514039885
301433.52453020134,2769013.2045302014,18.527949918637486
301891.8439932886,2769013.2045302014,18.326512114927393
302350.1634563758,2769013.2045302014,18.080933413286566
302808.4829194631,2769013.2045302014,17.818070443822347
303266.8023825503,2769013.2045302014,17.599988280604318
303725.12184563756,2769013.2045302014,17.502660158047263
304183.4413087248,2769013.2045302014,17.520669149716028
304641.76077181206,2769013.2045302014,17.58829634893744
305100.0802348993,2769013.2045302014,17.66477544341763
305558.39969798655,2769013.2045302014,17.73497083196778
306016.7191610738,2769013.2045302014,17.79472276838674
306475.03862416104,2769013.2045302014,17.84417825469678
306933.3580872483,2769013.2045302014,17.885261085835907
307391.67755033553,2769013.2045302014,17.92064154680067
307849.9970134228,2769013.2045302014,17.95317932269088
308308.31647651,2769013.2045302014,17.98543088603915
308766.63593959727,2769013.2045302014,18.019163606486867
309224.9554026845,2769013.2045302014,18.05508898033856
309683.27486577176,2769013.2045302014,18.09300208449326
310141.594328859,2769013.2045302014,18.132193787468182
310599.9137919463,2769013.2045302014,18.171835078118683
311058.23325503356,2769013.2045302014,18.21118096756692
311516.5527181208,2769013.2045302014,18.249622341245065
258809.81446308724,2769250.818342282,19.101076275151325
259268.1339261745,2769250.818342282,19.14386815013871
259726.45338926173,2769250.818342282,19.188504017829494
260184.77285234898,2769250.818342282,19.23405489095211
260643.09231543622,2769250.818342282,19.280264326529434
261101.41177852347,2769250.818342282,19.32703280491922
261559.73124161075,2769250.818342282,19.374303472076893
262018.050704698,2769250.818342282,19.422027830970112
262476.3701677852,2769250.818342282,19.47015223497152
262934.68963087245,2769250.818342282,19.518610923557887
263393.0090939597,2769250.818342282,19.56732126469806
263851.32855704695,2769250.818342282,19.616179569543036
264309.64802013425,2769250.818342282,19.66505667116228
264767.9674832215,2769250.818342282,19.713792692723505
265226.28694630874,2769250.818342282,19.7621904387155
265684.606409396,2769250.818342282,19.810006758826677
266142.92587248323,2769250.818342282,19.856941149212002
266601.2453355705,2769250.818342282,19.90262091008883
267059.5647986577,2769250.818342282,19.946582648003993
267517.88426174497,2769250.818342282,19.98825131351327
267976.2037248322,2769250.818342282,20.02692112583284
268434.52318791946,2769250.818342282,20.061748562803714
268892.8426510067,2769250.818342282,20.091775945246965
269351.16211409395,2769250.818342282,20.11601105609192
269809.4815771812,2769250.818342282,20.13358270960786
270267.80104026844,2769250.818342282,20.14395988818048
270726.1205033557,2769250.818342282,20.147166114554963
271184.43996644294,2769250.818342282,20.14388463566127
271642.7594295302,2769250.818342282,20.135388256988374
272101.0788926174,2769250.818342282,20.123325578383046
272559.3983557047,2769250.818342282,20.109465147670292
273017.7178187919,2769250.818342282,20.09548830972567
273476.03728187917,2769250.818342282,20.08286557829866
273934.3567449664,2769250.818342282,20.072806297979632
274392.67620805366,2769250.818342282,20.06625564257985
274850.9956711409,2769250.818342282,20.063915971888754
275309.3151342282,2769250.818342282,20.066277706532677
275767.63459731545,2769250.818342282,20.07365165117416
276225.9540604027,2769250.818342282,20.086198833210183
276684.27352348994,2769250.818342282,20.10395608828134
277142.5929865772,2769250.818342282,20.126856680497035
277600.91244966444,2769250.818342282,20.154745788285844
278059.2319127517,2769250.818342282,20.1873910516007
278517.5513758389,2769250.818342282,20.22448875220776
278975.8708389262,2769250.818342282,20.265666716053722
279434.1903020134,2769250.818342282,20.3104857880281
279892.50976510067,2769250.818342282,20.358442771545974
280350.8292281879,2769250.818342282,20.408978885293568
280809.14869127516,2769250.818342282,20.46149848170676
281267.4681543624,2769250.818342282,20.51540183288107
281725.78761744965,2769250.818342282,20.57013183610593
282184.1070805369,2769250.818342282,20.625227303486316
282642.42654362414,2769250.818342282,20.680367926226516
283100.7460067114,2769250.818342282,20.735393818401718
283559.06546979863,2769250.818342282,20.79028993306798
284017.3849328859,2769250.818342282,20.84513966366454
284475.7043959731,2769250.818342282,20.90006366577654
284934.02385906037,2769250.818342282,20.955162645025435
285392.3433221476,2769250.818342282,21.010477498307136
285850.66278523486,2769250.818342282,21.065972332551624
286308.9822483221,2769250.818342282,21.121539791227498
286767.30171140935,2769250.818342282,21.17702457726979
287225.6211744966,2769250.818342282,21.232258875602575
287683.9406375839,2769250.818342282,21.28710150450771
288142.26010067115,2769250.818342282,21.341471176439924
288600.5795637584,2769250.818342282,21.395364223810493
289058.89902684564,2769250.818342282,21.448849309374346
289517.2184899329,2769250.818342282,21.502035340506673
289975.53795302013,2769250.818342282,21.55501157347745
290433.8574161074,2769250.818342282,21.60775685422972
290892.1768791946,2769250.818342282,21.66000236998293
291350.49634228187,2769250.818342282,21.7109965532394
291808.8158053691,2769250.818342282,21.75902344346811
292267.13526845636,2769250.818342282,21.800238171265136
292725.4547315436,2769250.818342282,21.82548777089679
293183.77419463085,2769250.818342282,21.81163225392973
293642.0936577181,2769250.818342282,21.70937698338553
294100.41312080534,2769250.818342282,21.481855931593635
294558.7325838926,2769250.818342282,21.170485299722962
295017.05204697984,2769250.818342282,20.83064854987781
295475.3715100671,2769250.818342282,20.493353891216064
295933.6909731543,2769250.818342282,20.177019688709322
296392.0104362416,2769250.818342282,19.894057009730894
296850.3298993288,2769250.818342282,19.650889279229965
297308.64936241606,2769250.818342282,19.44787439842559
297766.96882550337,2769250.818342282,19.28169421292175
298225.2882885906,2769250.818342282,19.14806734623759
298683.60775167786,2769250.818342282,19.042714733657288
299141.9272147651,2769250.818342282,18.960782703131837
299600.24667785235,2769250.818342282,18.89557781203373
300058.5661409396,2769250.818342282,18.837126389820668
300516.88560402684,2769250.818342282,18.771121608829652
300975.2050671141,2769250.818342282,18.67979353843946
301433.52453020134,2769250.818342282,18.54694712995589
301891.8439932886,2769250.818342282,18.366192364266066
302350.1634563758,2769250.818342282,18.147190040345723
302808.4829194631,2769250.818342282,17.919236243197727
303266.8023825503,2769250.818342282,17.732037905523732
303725.12184563756,2769250.818342282,17.633748236635213
304183.4413087248,2769250.818342282,17.62366972831846
304641.76077181206,2769250.818342282,17.661909969472646
305100.0802348993,2769250.818342282,17.715473899855052
305558.39969798655,2769250.818342282,17.76833941403556
306016.7191610738,2769250.818342282,17.8146380054854
306475.03862416104,2769250.818342282,17.853333295310865
306933.3580872483,2769250.818342282,17.88565929039306
307391.67755033553,2769250.818342282,17.913964757706086
307849.9970134228,2769250.818342282,17.94106430200322
308308.31647651,2769250.818342282,17.969605166313674
308766.63593959727,2769250.818342282,18.001355259651085
309224.9554026845,2769250.818342282,18.03677403943802
309683.27486577176,2769250.818342282,18.075219515971668
310141.594328859,2769250.818342282,18.115554463919437
310599.9137919463,2769250.818342282,18.15664719931153
311058.23325503356,2769250.818342282,18.197577697641194
311516.5527181208,2769250.818342282,18.237645415644753
311974.87218120805,2769250.818342282,18.276306941124293
258809.81446308724,2769488.4321543626,19.093134810004727
259268.1339261745,2769488.4321543626,19.137524560958838
259726.45338926173,2769488.4321543626,19.182825848183285
260184.77285234898,2769488.4321543626,19.228720431728757
260643.09231543622,2769488.4321543626,19.275148854395148
261101.41177852347,2769488.4321543626,19.322092152359563
261559.73124161075,2769488.4321543626,19.369535643894938
262018.050704698,2769488.4321543626,19.4174585336549
262476.3701677852,2769488.4321543626,19.465829317270693
262934.68963087245,2769488.4321543626,19.514602735476593
263393.0090939597,2769488.4321543626,19.563717001151243
263851.32855704695,2769488.4321543626,19.61309073311532
264309.64802013425,2769488.4321543626,19.66261917958309
264767.9674832215,2769488.4321543626,19.71216926813608
265226.28694630874,2769488.4321543626,19.761572870903212
265684.606409396,2769488.4321543626,19.810617455939028
266142.92587248323,2769488.4321543626,19.85903305029878
266601.2453355705,2769488.4321543626,19.90647427688841
267059.5647986577,2769488.4321543626,19.95249642073591
267517.88426174497,2769488.4321543626,19.996525636918076
267976.2037248322,2769488.4321543626,20.037826685276354
268434.52318791946,2769488.4321543626,20.075478688051312
268892.8426510067,2769488.4321543626,20.108381586003038
269351.16211409395,2769488.4321543626,20.135330008885855
269809.4815771812,2769488.4321543626,20.15519230509387
270267.80104026844,2769488.4321543626,20.167193551674817
270726.1205033557,2769488.4321543626,20.17121466035802
271184.43996644294,2769488.4321543626,20.167949858153847
271642.7594295302,2769488.4321543626,20.158815691550437
272101.0788926174,2769488.4321543626,20.14566199643023
272559.3983557047,2769488.4321543626,20.130441885767773
273017.7178187919,2769488.4321543626,20.11496693903076
273476.03728187917,2769488.4321543626,20.10078079975368
273934.3567449664,2769488.4321543626,20.0891232655706
274392.67620805366,2769488.4321543626,20.080944497496574
274850.9956711409,2769488.4321543626,20.07693987141197
275309.3151342282,2769488.4321543626,20.077589407482556
275767.63459731545,2769488.4321543626,20.08319464084187
276225.9540604027,2769488.4321543626,20.093910373756756
276684.27352348994,2769488.4321543626,20.10977071574513
277142.5929865772,2769488.4321543626,20.13070954837934
277600.91244966444,2769488.4321543626,20.156575814834813
278059.2319127517,2769488.4321543626,20.187144198503233
278517.5513758389,2769488.4321543626,20.22212198922996
278975.8708389262,2769488.4321543626,20.261153326537173
279434.1903020134,2769488.4321543626,20.303822598245358
279892.50976510067,2769488.4321543626,20.34965952545469
280350.8292281879,2769488.4321543626,20.398149173070067
280809.14869127516,2769488.4321543626,20.448750282256704
281267.4681543624,2769488.4321543626,20.500924107843744
281725.78761744965,2769488.4321543626,20.554172602235568
282184.1070805369,2769488.4321543626,20.608079566265065
282642.42654362414,2769488.4321543626,20.662343516013674
283100.7460067114,2769488.4321543626,20.716790193288777
283559.06546979863,2769488.4321543626,20.771358161371175
284017.3849328859,2769488.4321543626,20.826060663011965
284475.7043959731,2769488.4321543626,20.880935296057604
284934.02385906037,2769488.4321543626,20.93599575960838
285392.3433221476,2769488.4321543626,20.991197111142892
285850.66278523486,2769488.4321543626,21.046420862428743
286308.9822483221,2769488.4321543626,21.10148160321251
286767.30171140935,2769488.4321543626,21.15615333596742
287225.6211744966,2769488.4321543626,21.21021059223632
287683.9406375839,2769488.4321543626,21.263476109324742
288142.26010067115,2769488.4321543626,21.315864020060275
288600.5795637584,2769488.4321543626,21.367406865982677
289058.89902684564,2769488.4321543626,21.418257696402122
289517.2184899329,2769488.4321543626,21.468664470450413
289975.53795302013,2769488.4321543626,21.51891989212318
290433.8574161074,2769488.4321543626,21.569291436083912
290892.1768791946,2769488.4321543626,21.61992917106704
291350.49634228187,2769488.4321543626,21.670724861280036
291808.8158053691,2769488.4321543626,21.721026053488863
292267.13526845636,2769488.4321543626,21.76887429134699
292725.4547315436,2769488.4321543626,21.808476621646573
293183.77419463085,2769488.4321543626,21.82010655004484
293642.0936577181,2769488.4321543626,21.73669991332824
294100.41312080534,2769488.4321543626,21.4847305952847
294558.7325838926,2769488.4321543626,21.142437380111584
295017.05204697984,2769488.4321543626,20.7833386019616
295475.3715100671,2769488.4321543626,20.43463575705423
295933.6909731543,2769488.4321543626,20.11034092223908
296392.0104362416,2769488.4321543626,19.819906745574738
296850.3298993288,2769488.4321543626,19.56874814600544
297308.64936241606,2769488.4321543626,19.358191620461536
297766.96882550337,2769488.4321543626,19.186779073618165
298225.2882885906,2769488.4321543626,19.05188301296877
298683.60775167786,2769488.4321543626,18.950337337725028
299141.9272147651,2769488.4321543626,18.877961999597936
299600.24667785235,2769488.4321543626,18.82837814146461
300058.5661409396,2769488.4321543626,18.791348484898073
300516.88560402684,2769488.4321543626,18.75102145497249
300975.2050671141,2769488.4321543626,18.68614174187803
301433.52453020134,2769488.4321543626,18.57687897783835
301891.8439932886,2769488.4321543626,18.417700815582524
302350.1634563758,2769488.4321543626,18.22326989784265
302808.4829194631,2769488.4321543626,18.023984182556106
303266.8023825503,2769488.4321543626,17.85932568366163
303725.12184563756,2769488.4321543626,17.761384171192837
304183.4413087248,2769488.4321543626,17.731236312673733
304641.76077181206,2769488.4321543626,17.744180075650142
305100.0802348993,2769488.4321543626,17.775288985155367
305558.39969798655,2769488.4321543626,17.80985415704241
306016.7191610738,2769488.4321543626,17.841361554430524
306475.03862416104,2769488.4321543626,17.867956851359597
306933.3580872483,2769488.4321543626,17.89027601142795
307391.67755033553,2769488.4321543626,17.91036591805066
307849.9970134228,2769488.4321543626,17.93104815682924
308308.31647651,2769488.4321543626,17.95516897945649
308766.63593959727,2769488.4321543626,17.98456603507565
309224.9554026845,2769488.4321543626,18.01937327692865
309683.27486577176,2769488.4321543626,18.05835726501467
310141.594328859,2769488.4321543626,18.099843315770112
310599.9137919463,2769488.4321543626,18.142363051661064
311058.23325503356,2769488.4321543626,18.184828336761424
311516.5527181208,2769488.4321543626,18.226464069298604
311974.87218120805,2769488.4321543626,18.266691272432176
258809.81446308724,2769726.045966443,19.087517058256104
259268.1339261745,2769726.045966443,19.13253439146405
259726.45338926173,2769726.045966443,19.17801175212623
260184.77285234898,2769726.045966443,19.223977450007727
260643.09231543622,2769726.045966443,19.270453640637943
261101.41177852347,2769726.045966443,19.317454563141396
261559.73124161075,2769726.045966443,19.364985503214253
262018.050704698,2769726.045966443,19.413041715561306
262476.3701677852,2769726.045966443,19.46160717643636
262934.68963087245,2769726.045966443,19.510653073659213
263393.0090939597,2769726.045966443,19.56013590778405
263851.32855704695,2769726.045966443,19.60999500999656
264309.64802013425,2769726.045966443,19.66014917467497
264767.9674832215,2769726.045966443,19.710491943007003
265226.28694630874,2769726.045966443,19.760884840434805
265684.606409396,2769726.045966443,19.811147549225854
266142.92587248323,2769726.045966443,19.861043591646578
266601.2453355705,2769726.045966443,19.910259675852277
267059.5647986577,2769726.045966443,19.958376650746956
267517.88426174497,2769726.045966443,20.00483065663614
267976.2037248322,2769726.045966443,20.048865975898337
268434.52318791946,2769726.045966443,20.08948897665104
268892.8426510067,2769726.045966443,20.12544887195157
269351.16211409395,2769726.045966443,20.15529536010992
269809.4815771812,2769726.045966443,20.177578050569444
270267.80104026844,2769726.045966443,20.191211508197455
270726.1205033557,2769726.045966443,20.195897446941366
271184.43996644294,2769726.045966443,20.192362047342158
271642.7594295302,2769726.045966443,20.182231043977144
272101.0788926174,2769726.045966443,20.16762607555103
272559.3983557047,2769726.045966443,20.15073194710754
273017.7178187919,2769726.045966443,20.133509808314823
273476.03728187917,2769726.045966443,20.11757696967934
273934.3567449664,2769726.045966443,20.10419541831094
274392.67620805366,2769726.045966443,20.094309590388207
274850.9956711409,2769726.045966443,20.088597682391935
275309.3151342282,2769726.045966443,20.087520647307958
275767.63459731545,2769726.045966443,20.09136376823762
276225.9540604027,2769726.045966443,20.10027019716808
276684.27352348994,2769726.045966443,20.114267274312137
277142.5929865772,2769726.045966443,20.1332866789099
277600.91244966444,2769726.045966443,20.15717937532055
278059.2319127517,2769726.045966443,20.185726253585745
278517.5513758389,2769726.045966443,20.21864544135529
278975.8708389262,2769726.045966443,20.25559751836852
279434.1903020134,2769726.045966443,20.29619028399814
279892.50976510067,2769726.045966443,20.339985231430784
280350.8292281879,2769726.045966443,20.386508253120002
280809.14869127516,2769726.045966443,20.435266930847806
281267.4681543624,2769726.045966443,20.485775498613474
281725.78761744965,2769726.045966443,20.537585837842073
282184.1070805369,2769726.045966443,20.59031909523219
282642.42654362414,2769726.045966443,20.643689380118513
283100.7460067114,2769726.045966443,20.697510877988204
283559.06546979863,2769726.045966443,20.751683861830134
284017.3849328859,2769726.045966443,20.806161998544475
284475.7043959731,2769726.045966443,20.86090949340034
284934.02385906037,2769726.045966443,20.91585917837828
285392.3433221476,2769726.045966443,20.970881494389953
285850.66278523486,2769726.045966443,21.02577126041567
286308.9822483221,2769726.045966443,21.080255836225007
286767.30171140935,2769726.045966443,21.1340250642934
287225.6211744966,2769726.045966443,21.186779513737264
287683.9406375839,2769726.045966443,21.238288670250306
288142.26010067115,2769726.045966443,21.28844601978839
288600.5795637584,2769726.045966443,21.337306243519617
289058.89902684564,2769726.045966443,21.385093472054066
289517.2184899329,2769726.045966443,21.43217828731161
289975.53795302013,2769726.045966443,21.479030809016216
290433.8574161074,2769726.045966443,21.52616252764803
290892.1768791946,2769726.045966443,21.5740672610528
291350.49634228187,2769726.045966443,21.62315953680547
291808.8158053691,2769726.045966443,21.673676362353564
292267.13526845636,2769726.045966443,21.72539769819953
292725.4547315436,2769726.045966443,21.776502539192318
293183.77419463085,2769726.045966443,21.81687512882379
293642.0936577181,2769726.045966443,21.77010561714863
294100.41312080534,2769726.045966443,21.475784028609866
294558.7325838926,2769726.045966443,21.09882729215586
295017.05204697984,2769726.045966443,20.722536030168378
295475.3715100671,2769726.045966443,20.364057595494483
295933.6909731543,2769726.045966443,20.032670803598243
296392.0104362416,2769726.045966443,19.735471216195528
296850.3298993288,2769726.045966443,19.47721984275316
297308.64936241606,2769726.045966443,19.260064384204448
297766.96882550337,2769726.045966443,19.08414184505305
298225.2882885906,2769726.045966443,18.948439289947707
298683.60775167786,2769726.045966443,18.85108729977028
299141.9272147651,2769726.045966443,18.788888456651314
299600.24667785235,2769726.045966443,18.756202577733937
300058.5661409396,2769726.045966443,18.74309232450219
300516.88560402684,2769726.045966443,18.732558760715353
300975.2050671141,2769726.045966443,18.698891154259336
301433.52453020134,2769726.045966443,18.615785679419616
301891.8439932886,2769726.045966443,18.477318325862704
302350.1634563758,2769726.045966443,18.30422953756907
302808.4829194631,2769726.045966443,18.12835109700766
303266.8023825503,2769726.045966443,17.981204248235642
303725.12184563756,2769726.045966443,17.884568933598207
304183.4413087248,2769726.045966443,17.839834704719177
304641.76077181206,2769726.045966443,17.831474176338833
305100.0802348993,2769726.045966443,17.841492924892563
305558.39969798655,2769726.045966443,17.857625041150204
306016.7191610738,2769726.045966443,17.87360293115362
306475.03862416104,2769726.045966443,17.887165881052976
306933.3580872483,2769726.045966443,17.898491629469017
307391.67755033553,2769726.045966443,17.90936812897542
307849.9970134228,2769726.045966443,17.922707091457365
308308.31647651,2769726.045966443,17.941740780510425
308766.63593959727,2769726.045966443,17.968518926407484
309224.9554026845,2769726.045966443,18.002747204480965
309683.27486577176,2769726.045966443,18.042376215124754
310141.594328859,2769726.045966443,18.08506636731183
310599.9137919463,2769726.045966443,18.128997866331225
311058.23325503356,2769726.045966443,18.17294213215463
311516.5527181208,2769726.045966443,18.216078288331506
311974.87218120805,2769726.045966443,18.257810928201017
312433.1916442953,2769726.045966443,18.29764611294448
259268.1339261745,2769963.6597785237,19.129031105832883
259726.45338926173,2769963.6597785237,19.174098990716423
260184.77285234898,2769963.6597785237,19.2198362512341
260643.09231543622,2769963.6597785237,19.26617760627778
261101.41177852347,2769963.6597785237,19.313112247745355
261559.73124161075,2769963.6597785237,19.36064004169099
262018.050704698,2769963.6597785237,19.40875943057454
262476.3701677852,2769963.6597785237,19.457462622806727
262934.68963087245,2769963.6597785237,19.50673283514691
263393.0090939597,2769963.6597785237,19.556542016434403
263851.32855704695,2769963.6597785237,19.60684835982332
264309.64802013425,2769963.6597785237,19.657593089661603
264767.9674832215,2769963.6597785237,19.708695933126428
265226.28694630874,2769963.6597785237,19.760048454108098
265684.606409396,2769963.6597785237,19.81150404312293
266142.92587248323,2769963.6597785237,19.862862805151718
266601.2453355705,2769963.6597785237,19.913848879112383
267059.5647986577,2769963.6597785237,19.964077005232593
267517.88426174497,2769963.6597785237,20.01300497624666
267976.2037248322,2769963.6597785237,20.059870511298165
268434.52318791946,2769963.6597785237,20.103618708008728
268892.8426510067,2769963.6597785237,20.14284611964257
269351.16211409395,2769963.6597785237,20.175825291632002
269809.4815771812,2769963.6597785237,20.20071383434003
270267.80104026844,2769963.6597785237,20.21602207734832
270726.1205033557,2769963.6597785237,20.2212170714525
271184.43996644294,2769963.6597785237,20.217086081897126
271642.7594295302,2769963.6597785237,20.205555729317638
272101.0788926174,2769963.6597785237,20.189110735962927
272559.3983557047,2769963.6597785237,20.17021999945385
273017.7178187919,2769963.6597785237,20.15100876236528
273476.03728187917,2769963.6597785237,20.13316135850341
273934.3567449664,2769963.6597785237,20.117948064468077
274392.67620805366,2769963.6597785237,20.10629354205662
274850.9956711409,2769963.6597785237,20.09884707246318
275309.3151342282,2769963.6597785237,20.09604144366017
275767.63459731545,2769963.6597785237,20.098138852090848
276225.9540604027,2769963.6597785237,20.105265760588424
276684.27352348994,2769963.6597785237,20.117439120373096
277142.5929865772,2769963.6597785237,20.13458593510139
277600.91244966444,2769963.6597785237,20.156557652641464
278059.2319127517,2769963.6597785237,20.183140564423447
278517.5513758389,2769963.6597785237,20.214063312921226
278975.8708389262,2769963.6597785237,20.24900272969864
279434.1903020134,2769963.6597785237,20.287589492190044
279892.50976510067,2769963.6597785237,20.329415387585964
280350.8292281879,2769963.6597785237,20.374044103398234
280809.14869127516,2769963.6597785237,20.42102710854929
281267.4681543624,2769963.6597785237,20.469924990538203
281725.78761744965,2769963.6597785237,20.520332431377955
282184.1070805369,2769963.6597785237,20.57190228866501
282642.42654362414,2769963.6597785237,20.62436222977576
283100.7460067114,2769963.6597785237,20.677517582308017
283559.06546979863,2769963.6597785237,20.731237201646863
284017.3849328859,2769963.6597785237,20.785424174169258
284475.7043959731,2769963.6597785237,20.83997780487556
284934.02385906037,2769963.6597785237,20.894755751646976
285392.3433221476,2769963.6597785237,20.949545153340807
285850.66278523486,2769963.6597785237,21.004050163615602
286308.9822483221,2769963.6597785237,21.05790132610821
286767.30171140935,2769963.6597785237,21.110689519394846
287225.6211744966,2769963.6597785237,21.16202273086171
287683.9406375839,2769963.6597785237,21.211597168635578
288142.26010067115,2769963.6597785237,21.259266897292363
288600.5795637584,2769963.6597785237,21.305092594166606
289058.89902684564,2769963.6597785237,21.3493544511172
289517.2184899329,2769963.6597785237,21.392526540353913
289975.53795302013,2769963.6597785237,21.435224113276497
290433.8574161074,2769963.6597785237,21.478143806884425
290892.1768791946,2769963.6597785237,21.522016553842022
291350.49634228187,2769963.6597785237,21.567586688651026
291808.8158053691,2769963.6597785237,21.615622133185383
292267.13526845636,2769963.6597785237,21.666947387174993
292725.4547315436,2769963.6597785237,21.722438589689677
293183.77419463085,2769963.6597785237,21.782417956482046
293642.0936577181,2769963.6597785237,21.809407687979007
294100.41312080534,2769963.6597785237,21.435272495138875
294558.7325838926,2769963.6597785237,21.03227241272506
295017.05204697984,2769963.6597785237,20.645157449447964
295475.3715100671,2769963.6597785237,20.280161475159698
295933.6909731543,2769963.6597785237,19.943315494174623
296392.0104362416,2769963.6597785237,19.640337246937296
296850.3298993288,2769963.6597785237,19.37580332266507
297308.64936241606,2769963.6597785237,19.15272480509883
297766.96882550337,2769963.6597785237,18.972733801275787
298225.2882885906,2769963.6597785237,18.836433401354736
298683.60775167786,2769963.6597785237,18.743392508325655
299141.9272147651,2769963.6597785237,18.69164145925036
299600.24667785235,2769963.6597785237,18.676676500936242
300058.5661409396,2769963.6597785237,18.68957557024498
300516.88560402684,2769963.6597785237,18.713113309435826
300975.2050671141,2769963.6597785237,18.71633923034797
301433.52453020134,2769963.6597785237,18.661659459423745
301891.8439932886,2769963.6597785237,18.541206231024084
302350.1634563758,2769963.6597785237,18.385625688308814
302808.4829194631,2769963.6597785237,18.229368980162874
303266.8023825503,2769963.6597785237,18.097069480961327
303725.12184563756,2769963.6597785237,18.00277074129863
304183.4413087248,2769963.6597785237,17.947355558975723
304641.76077181206,2769963.6597785237,17.921120266799736
305100.0802348993,2769963.6597785237,17.911750895671833
305558.39969798655,2769963.6597785237,17.909868883776287
306016.7191610738,2769963.6597785237,17.9100750599685
306475.03862416104,2769963.6597785237,17.91006231233976
306933.3580872483,2769963.6597785237,17.90968561879869
307391.67755033553,2769963.6597785237,17.910504078968515
307849.9970134228,2769963.6597785237,17.91560726210252
308308.31647651,2769963.6597785237,17.928904910167105
308766.63593959727,2769963.6597785237,17.952928232124982
309224.9554026845,2769963.6597785237,17.98678879503845
309683.27486577176,2769963.6597785237,18.0272786988039
310141.594328859,2769963.6597785237,18.07125775387433
310599.9137919463,2769963.6597785237,18.11657913270198
311058.23325503356,2769963.6597785237,18.161929343067676
311516.5527181208,2769963.6597785237,18.206482452746254
311974.87218120805,2769963.6597785237,18.249649635799617
312433.1916442953,2769963.6597785237,18.290930946894644
312891.51110738254,2769963.6597785237,18.329836541509703
259726.45338926173,2770201.2735906043,19.17102525282294
260184.77285234898,2770201.2735906043,19.21626419998074
260643.09231543622,2770201.2735906043,19.262297633098246
261101.41177852347,2770201.2735906043,19.309044770309036
261559.73124161075,2770201.2735906043,19.356478426150893
262018.050704698,2770201.2735906043,19.40458863255296
262476.3701677852,2770201.2735906043,19.4533690207743
262934.68963087245,2770201.2735906043,19.50281052557802
263393.0090939597,2770201.2735906043,19.552897650218842
263851.32855704695,2770201.2735906043,19.60360544871309
264309.64802013425,2770201.2735906043,19.654896240504073
264767.9674832215,2770201.2735906043,19.706715242057534
265226.28694630874,2770201.2735906043,19.75898414493507
265684.606409396,2770201.2735906043,19.81159126907299
266142.92587248323,2770201.2735906043,19.864376250944158
266601.2453355705,2770201.2735906043,19.917106236280386
267059.5647986577,2770201.2735906043,19.96943924482639
267517.88426174497,2770201.2735906043,20.02086908622477
267976.2037248322,2770201.2735906043,20.070646298088622
268434.52318791946,2770201.2735906043,20.117675218483367
268892.8426510067,2770201.2735906043,20.160408523825943
269351.16211409395,2770201.2735906043,20.196813306840482
269809.4815771812,2770201.2735906043,20.224564801817966
270267.80104026844,2770201.2735906043,20.2416356266242
270726.1205033557,2770201.2735906043,20.24717246556045
271184.43996644294,2770201.2735906043,20.24206644671695
271642.7594295302,2770201.2735906043,20.228677580154365
272101.0788926174,2770201.2735906043,20.209972334157627
272559.3983557047,2770201.2735906043,20.18875872601922
273017.7178187919,2770201.2735906043,20.167330978112794
273476.03728187917,2770201.2735906043,20.14742357398722
273934.3567449664,2770201.2735906043,20.130294431771755
274392.67620805366,2770201.2735906043,20.11683097689892
274850.9956711409,2770201.2735906043,20.107640578139897
275309.3151342282,2770201.2735906043,20.10311864339859
275767.63459731545,2770201.2735906043,20.10349784156213
276225.9540604027,2770201.2735906043,20.10888346096633
276684.27352348994,2770201.2735906043,20.119278974875066
277142.5929865772,2770201.2735906043,20.134604654910163
277600.91244966444,2770201.2735906043,20.154711154687163
278059.2319127517,2770201.2735906043,20.179389449363036
278517.5513758389,2770201.2735906043,20.208378295467718
278975.8708389262,2770201.2735906043,20.241370380766668
279434.1903020134,2770201.2735906043,20.27801847074111
279892.50976510067,2770201.2735906043,20.317943002237374
280350.8292281879,2770201.2735906043,20.360742544218052
280809.14869127516,2770201.2735906043,20.406008101567227
281267.4681543624,2770201.2735906043,20.453341161188586
281725.78761744965,2770201.2735906043,20.502373653685645
282184.1070805369,2770201.2735906043,20.55278604135642
282642.42654362414,2770201.2735906043,20.604318436474777
283100.7460067114,2770201.2735906043,20.656770001553074
283559.06546979863,2770201.2735906043,20.709984268038298
284017.3849328859,2770201.2735906043,20.763821715754993
284475.7043959731,2770201.2735906043,20.818124532386694
284934.02385906037,2770201.2735906043,20.872680755213903
285392.3433221476,2770201.2735906043,20.92719582262452
285850.66278523486,2770201.2735906043,20.98127950211909
286308.9822483221,2770201.2735906043,21.03445555096143
286767.30171140935,2770201.2735906043,21.086199574278787
287225.6211744966,2770201.2735906043,21.136005670674916
287683.9406375839,2770201.2735906043,21.183473459184402
288142.26010067115,2770201.2735906043,21.22839600078465
288600.5795637584,2770201.2735906043,21.270822421044212
289058.89902684564,2770201.2735906043,21.311073965510978
289517.2184899329,2770201.2735906043,21.349709312454106
289975.53795302013,2770201.2735906043,21.38745494596161
290433.8574161074,2770201.2735906043,21.425127368528003
290892.1768791946,2770201.2735906043,21.463571532826315
291350.49634228187,2770201.2735906043,21.503628444791968
291808.8158053691,2770201.2735906043,21.546129010810233
292267.13526845636,2770201.2735906043,21.591880501607
292725.4547315436,2770201.2735906043,21.6414740544145
293183.77419463085,2770201.2735906043,21.693467116790774
293642.0936577181,2770201.2735906043,21.692867838539218
294100.41312080534,2770201.2735906043,21.33960691117529
294558.7325838926,2770201.2735906043,20.937834095301568
295017.05204697984,2770201.2735906043,20.54949613551433
295475.3715100671,2770201.2735906043,20.18225166116994
295933.6909731543,2770201.2735906043,19.842020261178995
296392.0104362416,2770201.2735906043,19.534378130122377
296850.3298993288,2770201.2735906043,19.26424884244379
297308.64936241606,2770201.2735906043,19.035653650168765
297766.96882550337,2770201.2735906043,18.851726394822357
298225.2882885906,2770201.2735906043,18.71472666475859
298683.60775167786,2770201.2735906043,18.625770098623736
299141.9272147651,2770201.2735906043,18.584271569453307
299600.24667785235,2770201.2735906043,18.587154352910623
300058.5661409396,2770201.2735906043,18.627278280930792
300516.88560402684,2770201.2735906043,18.688900375068403
300975.2050671141,2770201.2735906043,18.736326636420653
301433.52453020134,2770201.2735906043,18.712411397171262
301891.8439932886,2770201.2735906043,18.604849608161395
302350.1634563758,2770201.2735906043,18.462959576690473
302808.4829194631,2770201.2735906043,18.32445295802826
303266.8023825503,2770201.2735906043,18.20631894952798
303725.12184563756,2770201.2735906043,18.115682372266733
304183.4413087248,2770201.2735906043,18.052506388767956
304641.76077181206,2770201.2735906043,18.011168776217602
305100.0802348993,2770201.2735906043,17.984114044024345
305558.39969798655,2770201.2735906043,17.964957269675494
306016.7191610738,2770201.2735906043,17.949540859741628
306475.03862416104,2770201.2735906043,17.93577239353215
306933.3580872483,2770201.2735906043,17.923277937470132
307391.67755033553,2770201.2735906043,17.91336612809674
307849.9970134228,2770201.2735906043,17.90934379072376
308308.31647651,2770201.2735906043,17.916221702057907
308766.63593959727,2770201.2735906043,17.937523368977
309224.9554026845,2770201.2735906043,17.971462501681952
309683.27486577176,2770201.2735906043,18.013133391868923
310141.594328859,2770201.2735906043,18.0584884471754
310599.9137919463,2770201.2735906043,18.105147384414366
311058.23325503356,2770201.2735906043,18.15179942590023
311516.5527181208,2770201.2735906043,18.197662995274797
311974.87218120805,2770201.2735906043,18.242179747171022
312433.1916442953,2770201.2735906043,18.284853707659945
312891.51110738254,2770201.2735906043,18.32516918442293
260643.09231543622,2770438.887402685,19.258770592382017
261101.41177852347,2770438.887402685,19.305219995470686
261559.73124161075,2770438.887402685,19.35247256934752
262018.050704698,2770438.887402685,19.400501615745966
262476.3701677852,2770438.887402685,19.449296702213903
262934.68963087245,2770438.887402685,19.498852698945747
263393.0090939597,2770438.887402685,19.549163924299013
263851.32855704695,2770438.887402685,19.600220238973435
264309.64802013425,2770438.887402685,19.652003530025794
264767.9674832215,2770438.887402685,19.704483502398055
265226.28694630874,2770438.887402685,19.757611664754023
265684.606409396,2770438.887402685,19.81131201962623
266142.92587248323,2770438.887402685,19.865466224491993
266601.2453355705,2770438.887402685,19.91988975844976
267059.5647986577,2770438.887402685,19.974293739188223
267517.88426174497,2770438.887402685,20.02822444846378
267976.2037248322,2770438.887402685,20.08097011719526
268434.52318791946,2770438.887402685,20.131425906542177
268892.8426510067,2770438.887402685,20.17792593442594
269351.16211409395,2770438.887402685,20.21811572425896
269809.4815771812,2770438.887402685,20.249080917068753
270267.80104026844,2770438.887402685,20.268064147825676
270726.1205033557,2770438.887402685,20.27375564773142
271184.43996644294,2770438.887402685,20.267216725722452
271642.7594295302,2770438.887402685,20.251438031050014
272101.0788926174,2770438.887402685,20.230021072359516
272559.3983557047,2770438.887402685,20.206163829954072
273017.7178187919,2770438.887402685,20.18231739445106
273476.03728187917,2770438.887402685,20.160235871621293
273934.3567449664,2770438.887402685,20.141136763593583
274392.67620805366,2770438.887402685,20.125849798595244
274850.9956711409,2770438.887402685,20.11492677872464
275309.3151342282,2770438.887402685,20.10871689322585
275767.63459731545,2770438.887402685,20.107417572043577
276225.9540604027,2770438.887402685,20.111109206369637
276684.27352348994,2770438.887402685,20.119779358891744
277142.5929865772,2770438.887402685,20.133340007471894
277600.91244966444,2770438.887402685,20.151640050495157
278059.2319127517,2770438.887402685,20.174474572450197
278517.5513758389,2770438.887402685,20.201592034887796
278975.8708389262,2770438.887402685,20.232700471847647
279434.1903020134,2770438.887402685,20.26747380592226
279892.50976510067,2770438.887402685,20.30555943182878
280350.8292281879,2770438.887402685,20.346588081968893
280809.14869127516,2770438.887402685,20.39018651772518
281267.4681543624,2770438.887402685,20.435992652865252
281725.78761744965,2770438.887402685,20.483671357685466
282184.1070805369,2770438.887402685,20.532927764222638
282642.42654362414,2770438.887402685,20.583514035124686
283100.7460067114,2770438.887402685,20.635225925977522
283559.06546979863,2770438.887402685,20.687887278578003
284017.3849328859,2770438.887402685,20.74132334974287
284475.7043959731,2770438.887402685,20.79532669543272
284934.02385906037,2770438.887402685,20.84962149672812
285392.3433221476,2770438.887402685,20.903833693060605
285850.66278523486,2770438.887402685,20.95747547785691
286308.9822483221,2770438.887402685,21.00995363389177
286767.30171140935,2770438.887402685,21.060610570136994
287225.6211744966,2770438.887402685,21.108802027921044
287683.9406375839,2770438.887402685,21.154003785270763
288142.26010067115,2770438.887402685,21.19592320736179
288600.5795637584,2770438.887402685,21.23457960050371
289058.89902684564,2770438.887402685,21.270322307410584
289517.2184899329,2770438.887402685,21.30377947731703
289975.53795302013,2770438.887402685,21.33575875400326
290433.8574161074,2770438.887402685,21.367134183215963
290892.1768791946,2770438.887402685,21.39874420764994
291350.49634228187,2770438.887402685,21.431298107480472
291808.8158053691,2770438.887402685,21.465236614882173
292267.13526845636,2770438.887402685,21.500344108687287
292725.4547315436,2770438.887402685,21.534232562041883
293183.77419463085,2770438.887402685,21.554268066540025
293642.0936577181,2770438.887402685,21.48431164871459
294100.41312080534,2770438.887402685,21.193079602352146
294558.7325838926,2770438.887402685,20.81614837611081
295017.05204697984,2770438.887402685,20.435769845989107
295475.3715100671,2770438.887402685,20.070531623405824
295933.6909731543,2770438.887402685,19.729028010967276
296392.0104362416,2770438.887402685,19.41779324649617
296850.3298993288,2770438.887402685,19.142576614567677
297308.64936241606,2770438.887402685,18.908585390814793
297766.96882550337,2770438.887402685,18.720522401702706
298225.2882885906,2770438.887402685,18.58237790152923
298683.60775167786,2770438.887402685,18.49689578483022
299141.9272147651,2770438.887402685,18.464917911914817
299600.24667785235,2770438.887402685,18.484864933846
300058.5661409396,2770438.887402685,18.551920343039548
300516.88560402684,2770438.887402685,18.654214005607013
300975.2050671141,2770438.887402685,18.755549050544467
301433.52453020134,2770438.887402685,18.76550710629654
301891.8439932886,2770438.887402685,18.661936901274185
302350.1634563758,2770438.887402685,18.53122146606433
302808.4829194631,2770438.887402685,18.411197682454638
303266.8023825503,2770438.887402685,18.30844403433453
303725.12184563756,2770438.887402685,18.223179350912478
304183.4413087248,2770438.887402685,18.154483212629877
304641.76077181206,2770438.887402685,18.10016976278354
305100.0802348993,2770438.887402685,18.056952655656584
305558.39969798655,2770438.887402685,18.021419931541427
306016.7191610738,2770438.887402685,17.9908350980995
306475.03862416104,2770438.887402685,17.96347214617541
306933.3580872483,2770438.887402685,17.938765728319087
307391.67755033553,2770438.887402685,17.91767123061281
307849.9970134228,2770438.887402685,17.903607137734692
308308.31647651,2770438.887402685,17.903238914309842
308766.63593959727,2770438.887402685,17.92209361533518
309224.9554026845,2770438.887402685,17.95686659044181
309683.27486577176,2770438.887402685,18.0001030333718
310141.594328859,2770438.887402685,18.046870626620226
310599.9137919463,2770438.887402685,18.094753178327107
311058.23325503356,2770438.887402685,18.142557048534144
311516.5527181208,2770438.887402685,18.189594974726305
311974.87218120805,2770438.887402685,18.235359344578505
312433.1916442953,2770438.887402685,18.279365634235898
312891.51110738254,2770438.887402685,18.32107251444889
313349.8305704698,2770438.887402685,18.3598498832927
261101.41177852347,2770676.5012147655,19.30159624430154
261559.73124161075,2770676.5012147655,19.34858828613787
262018.050704698,2770676.5012147655,19.396466763175535
262476.3701677852,2770676.5012147655,19.445213554057208
262934.68963087245,2770676.5012147655,19.49482450416828
263393.0090939597,2770676.5012147655,19.54530132110591
263851.32855704695,2770676.5012147655,19.596646643251177
264309.64802013425,2770676.5012147655,19.64886022541239
264767.9674832215,2770676.5012147655,19.701934920873793
265226.28694630874,2770676.5012147655,19.755851240439604
265684.606409396,2770676.5012147655,19.81056894824093
266142.92587248323,2770676.5012147655,19.866013390551522
266601.2453355705,2770676.5012147655,19.922052860681482
267059.5647986577,2770676.5012147655,19.978460918773628
267517.88426174497,2770676.5012147655,20.034853700858584
267976.2037248322,2770676.5012147655,20.09058661479489
268434.52318791946,2770676.5012147655,20.14458951686599
268892.8426510067,2770676.5012147655,20.19512679352187
269351.16211409395,2770676.5012147655,20.239532716724916
269809.4815771812,2770676.5012147655,20.27418620410233
270267.80104026844,2770676.5012147655,20.295320685932182
270726.1205033557,2770676.5012147655,20.300946163996066
271184.43996644294,2770676.5012147655,20.29240278169557
271642.7594295302,2770676.5012147655,20.273614063137572
272101.0788926174,2770676.5012147655,20.249009544435484
272559.3983557047,2770676.5012147655,20.22220938766767
273017.7178187919,2770676.5012147655,20.195782204529245
273476.03728187917,2770676.5012147655,20.171454484999273
273934.3567449664,2770676.5012147655,20.15036817926729
274392.67620805366,2770676.5012147655,20.133272984936475
274850.9956711409,2770676.5012147655,20.120651811367242
275309.3151342282,2770676.5012147655,20.112799836364374
275767.63459731545,2770676.5012147655,20.109874676928342
276225.9540604027,2770676.5012147655,20.11192910174703
276684.27352348994,2770676.5012147655,20.11893311851992
277142.5929865772,2770676.5012147655,20.130789421425302
277600.91244966444,2770676.5012147655,20.14734456286743
278059.2319127517,2770676.5012147655,20.16839735574969
278517.5513758389,2770676.5012147655,20.193705609440233
278975.8708389262,2770676.5012147655,20.2229921560714
279434.1903020134,2770676.5012147655,20.255951091444313
279892.50976510067,2770676.5012147655,20.292255109680237
280350.8292281879,2770676.5012147655,20.331564621277312
280809.14869127516,2770676.5012147655,20.37353888417189
281267.4681543624,2770676.5012147655,20.41784857714381
281725.78761744965,2770676.5012147655,20.464188176669445
282184.1070805369,2770676.5012147655,20.51228544530615
282642.42654362414,2770676.5012147655,20.5619047592977
283100.7460067114,2770676.5012147655,20.61284132636186
283559.06546979863,2770676.5012147655,20.66490469499106
284017.3849328859,2770676.5012147655,20.7178920195367
284475.7043959731,2770676.5012147655,20.77155377173043
284934.02385906037,2770676.5012147655,20.825556627599514
285392.3433221476,2770676.5012147655,20.879450247818177
285850.66278523486,2770676.5012147655,20.932647047985675
286308.9822483221,2770676.5012147655,20.984426780027526
286767.30171140935,2770676.5012147655,21.033979105463754
287225.6211744966,2770676.5012147655,21.080493184583084
287683.9406375839,2770676.5012147655,21.123288765948224
288142.26010067115,2770676.5012147655,21.161959055345392
288600.5795637584,2770676.5012147655,21.19647514663144
289058.89902684564,2770676.5012147655,21.227205860178323
289517.2184899329,2770676.5012147655,21.254841282258994
289975.53795302013,2770676.5012147655,21.280249561845423
290433.8574161074,2770676.5012147655,21.30431207956165
290892.1768791946,2770676.5012147655,21.327761073611136
291350.49634228187,2770676.5012147655,21.35099321641406
291808.8158053691,2770676.5012147655,21.37373695833901
292267.13526845636,2770676.5012147655,21.394187416141463
292725.4547315436,2770676.5012147655,21.40622989447807
293183.77419463085,2770676.5012147655,21.38931158445322
293642.0936577181,2770676.5012147655,21.281171930575045
294100.41312080534,2770676.5012147655,21.020455861470605
294558.7325838926,2770676.5012147655,20.6728599314555
295017.05204697984,2770676.5012147655,20.30601276164574
295475.3715100671,2770676.5012147655,19.946071806172185
295933.6909731543,2770676.5012147655,19.605079332785603
296392.0104362416,2770676.5012147655,19.29112372538046
296850.3298993288,2770676.5012147655,19.011092166641795
297308.64936241606,2770676.5012147655,18.77152003394518
297766.96882550337,2770676.5012147655,18.578773052789344
298225.2882885906,2770676.5012147655,18.43868047825758
298683.60775167786,2770676.5012147655,18.355683978695957
299141.9272147651,2770676.5012147655,18.33196848879302
299600.24667785235,2770676.5012147655,18.36719275352613
300058.5661409396,2770676.5012147655,18.458744253706083
300516.88560402684,2770676.5012147655,18.600466203408455
300975.2050671141,2770676.5012147655,18.766833181867
301433.52453020134,2770676.5012147655,18.816271771686964
301891.8439932886,2770676.5012147655,18.70254057461147
302350.1634563758,2770676.5012147655,18.584812329348352
302808.4829194631,2770676.5012147655,18.487494372464376
303266.8023825503,2770676.5012147655,18.40320785130709
303725.12184563756,2770676.5012147655,18.325352489384226
304183.4413087248,2770676.5012147655,18.25278413932601
304641.76077181206,2770676.5012147655,18.186987086950282
305100.0802348993,2770676.5012147655,18.128864723923915
305558.39969798655,2770676.5012147655,18.077919136735463
306016.7191610738,2770676.5012147655,18.03286531846135
306475.03862416104,2770676.5012147655,17.992396085628506
306933.3580872483,2770676.5012147655,17.95574697179093
307391.67755033553,2770676.5012147655,17.923340694099043
307849.9970134228,2770676.5012147655,17.89831227488091
308308.31647651,2770676.5012147655,17.889506614487274
308766.63593959727,2770676.5012147655,17.90658787117988
309224.9554026845,2770676.5012147655,17.94332976373897
309683.27486577176,2770676.5012147655,17.988466522652708
310141.594328859,2770676.5012147655,18.036552443558175
310599.9137919463,2770676.5012147655,18.085448612976045
311058.23325503356,2770676.5012147655,18.134195658898545
311516.5527181208,2770676.5012147655,18.1822376610855
311974.87218120805,2770676.5012147655,18.22912892274821
312433.1916442953,2770676.5012147655,18.274399642397256
312891.51110738254,2770676.5012147655,18.31748201069997
313349.8305704698,2770676.5012147655,18.35767425592799
313808.15003355703,2770676.5012147655,18.394154976784606
261559.73124161075,2770914.1150268456,19.344786868002483
262018.050704698,2770914.1150268456,19.392449531602153
262476.3701677852,2770914.1150268456,19.441085744612106
262934.68963087245,2770914.1150268456,19.49069031733966
263393.0090939597,2770914.1150268456,19.5412703242593
263851.32855704695,2770914.1150268456,19.592839228639154
264309.64802013425,2770914.1150268456,19.64541279395684
264767.9674832215,2770914.1150268456,19.699005311183935
265226.28694630874,2770914.1150268456,19.7536248789506
265684.606409396,2770914.1150268456,19.80926622924584
266142.92587248323,2770914.1150268456,19.865898868102448
266601.2453355705,2770914.1150268456,19.923446863224566
267059.5647986577,2770914.1150268456,19.98175393144578
267517.88426174497,2770914.1150268456,20.040522563525872
267976.2037248322,2770914.1150268456,20.099207194449395
268434.52318791946,2770914.1150268456,20.15682772780012
268892.8426510067,2770914.1150268456,20.211657725696345
269351.16211409395,2770914.1150268456,20.260779160108573
269809.4815771812,2770914.1150268456,20.29975976484573
270267.80104026844,2770914.1150268456,20.323418430572595
270726.1205033557,2770914.1150268456,20.328700911854014
271184.43996644294,2770914.1150268456,20.317415077562124
271642.7594295302,2770914.1150268456,20.294893156424692
272101.0788926174,2770914.1150268456,20.266620089844192
272559.3983557047,2770914.1150268456,20.23662465743364
273017.7178187919,2770914.1150268456,20.207514161149557
273476.03728187917,2770914.1150268456,20.180922353466045
273934.3567449664,2770914.1150268456,20.15787545175842
274392.67620805366,2770914.1150268456,20.139020946238663
274850.9956711409,2770914.1150268456,20.124761225703267
275309.3151342282,2770914.1150268456,20.115331516968784
275767.63459731545,2770914.1150268456,20.110846632592924
276225.9540604027,2770914.1150268456,20.111330226455692
276684.27352348994,2770914.1150268456,20.116734017759764
277142.5929865772,2770914.1150268456,20.126951065420897
277600.91244966444,2770914.1150268456,20.141825399000975
278059.2319127517,2770914.1150268456,20.161159412714436
278517.5513758389,2770914.1150268456,20.18472000620633
278975.8708389262,2770914.1150268456,20.212244281843116
279434.1903020134,2770914.1150268456,20.243445535185298
279892.50976510067,2770914.1150268456,20.278020185377247
280350.8292281879,2770914.1150268456,20.3156560777637
280809.14869127516,2770914.1150268456,20.356042162911464
281267.4681543624,2770914.1150268456,20.39887888121151
281725.78761744965,2770914.1150268456,20.443887737975892
282184.1070805369,2770914.1150268456,20.49081776232541
282642.42654362414,2770914.1150268456,20.539446127727192
283100.7460067114,2770914.1150268456,20.589570456129486
283559.06546979863,2770914.1150268456,20.640991301115665
284017.3849328859,2770914.1150268456,20.69348480784101
284475.7043959731,2770914.1150268456,20.746767273327517
284934.02385906037,2770914.1150268456,20.800455188276278
285392.3433221476,2770914.1150268456,20.854026686622596
285850.66278523486,2770914.1150268456,20.906793829712228
286308.9822483221,2770914.1150268456,20.95790001222776
286767.30171140935,2770914.1150268456,21.006361117150252
287225.6211744966,2770914.1150268456,21.051167020994793
287683.9406375839,2770914.1150268456,21.091442824777285
288142.26010067115,2770914.1150268456,21.126634095384837
288600.5795637584,2770914.1150268456,21.156645574591195
289058.89902684564,2770914.1150268456,21.181863804589554
289517.2184899329,2770914.1150268456,21.20304494889405
289975.53795302013,2770914.1150268456,21.221111547753257
290433.8574161074,2770914.1150268456,21.236921459066576
290892.1768791946,2770914.1150268456,21.251034848747175
291350.49634228187,2770914.1150268456,21.26342922119769
291808.8158053691,2770914.1150268456,21.27298677735124
292267.13526845636,2770914.1150268456,21.27628497004641
292725.4547315436,2770914.1150268456,21.264405360292567
293183.77419463085,2770914.1150268456,21.214954350373112
293642.0936577181,2770914.1150268456,21.083314338803866
294100.41312080534,2770914.1150268456,20.8382152352659
294558.7325838926,2770914.1150268456,20.515103420264975
295017.05204697984,2770914.1150268456,20.163379613463526
295475.3715100671,2770914.1150268456,19.810615472424303
295933.6909731543,2770914.1150268456,19.47135474454985
296392.0104362416,2770914.1150268456,19.15524451633968
296850.3298993288,2770914.1150268456,18.870396270618464
297308.64936241606,2770914.1150268456,18.624738559123422
297766.96882550337,2770914.1150268456,18.42639835633586
298225.2882885906,2770914.1150268456,18.283198306132466
298683.60775167786,2770914.1150268456,18.201368895678343
299141.9272147651,2770914.1150268456,18.184246820457222
299600.24667785235,2770914.1150268456,18.23209781475124
300058.5661409396,2770914.1150268456,18.343383791898876
300516.88560402684,2770914.1150268456,18.51644161397382
300975.2050671141,2770914.1150268456,18.747513232646526
301433.52453020134,2770914.1150268456,18.846136749710862
301891.8439932886,2770914.1150268456,18.711995737095094
302350.1634563758,2770914.1150268456,18.61827407515724
302808.4829194631,2770914.1150268456,18.55191922511758
303266.8023825503,2770914.1150268456,18.490877285834085
303725.12184563756,2770914.1150268456,18.422554871894512
304183.4413087248,2770914.1150268456,18.347076424170925
304641.76077181206,2770914.1150268456,18.270638433479963
305100.0802348993,2770914.1150268456,18.19857805474986
305558.39969798655,2770914.1150268456,18.133208930182978
306016.7191610738,2770914.1150268456,18.07459777463435
306475.03862416104,2770914.1150268456,18.02182765679376
306933.3580872483,2770914.1150268456,17.973916508321413
307391.67755033553,2770914.1150268456,17.93057450457541
307849.9970134228,2770914.1150268456,17.893873244024626
308308.31647651,2770914.1150268456,17.87460630650512
308766.63593959727,2770914.1150268456,17.89137791014903
309224.9554026845,2770914.1150268456,17.931538301422172
309683.27486577176,2770914.1150268456,17.978615103668485
310141.594328859,2770914.1150268456,18.02769680736147
310599.9137919463,2770914.1150268456,18.077272438857555
311058.23325503356,2770914.1150268456,18.126688855174315
311516.5527181208,2770914.1150268456,18.175529497836845
311974.87218120805,2770914.1150268456,18.223407933293984
312433.1916442953,2770914.1150268456,18.269867165873134
312891.51110738254,2770914.1150268456,18.314311661035966
313349.8305704698,2770914.1150268456,18.355961823359262
313808.15003355703,2770914.1150268456,18.393855199938468
262476.3701677852,2771151.728838926,19.436878539708076
262934.68963087245,2771151.728838926,19.48641443072296
263393.0090939597,2771151.728838926,19.53703209001439
263851.32855704695,2771151.728838926,19.588753951261165
264309.64802013425,2771151.728838926,19.64160977569195
264767.9674832215,2771151.728838926,19.695633189152332
265226.28694630874,2771151.728838926,19.750857791274104
265684.606409396,2771151.728838926,19.807311447676277
266142.92587248323,2771151.728838926,19.865006752019227
266601.2453355705,2771151.728838926,19.923924300279683
267059.5647986577,2771151.728838926,19.983982731553656
267517.88426174497,2771151.728838926,20.044984093678636
267976.2037248322,2771151.728838926,20.106512124832648
268434.52318791946,2771151.728838926,20.167739168588227
268892.8426510067,2771151.728838926,20.227059437511052
269351.16211409395,2771151.728838926,20.281439751630476
269809.4815771812,2771151.728838926,20.325600324217994
270267.80104026844,2771151.728838926,20.352369015697104
270726.1205033557,2771151.728838926,20.3569340790471
271184.43996644294,2771151.728838926,20.34192205782113
271642.7594295302,2771151.728838926,20.31483990559559
272101.0788926174,2771151.728838926,20.28245295218704
272559.3983557047,2771151.728838926,20.249094122720376
273017.7178187919,2771151.728838926,20.217280615292548
273476.03728187917,2771151.728838926,20.188473608194506
273934.3567449664,2771151.728838926,20.163542803724756
274392.67620805366,2771151.728838926,20.143014448049193
274850.9956711409,2771151.728838926,20.127202147560084
275309.3151342282,2771151.728838926,20.116277956595216
275767.63459731545,2771151.728838926,20.110312903994117
276225.9540604027,2771151.728838926,20.10930147564799
276684.27352348994,2771151.728838926,20.11317737565426
277142.5929865772,2771151.728838926,20.121824360407917
277600.91244966444,2771151.728838926,20.135084201562478
278059.2319127517,2771151.728838926,20.15276298817317
278517.5513758389,2771151.728838926,20.174636586016018
278975.8708389262,2771151.728838926,20.200455901601124
279434.1903020134,2771151.728838926,20.229952509483944
279892.50976510067,2771151.728838926,20.262845091061727
280350.8292281879,2771151.728838926,20.298846915847506
280809.14869127516,2771151.728838926,20.337674210696942
281267.4681543624,2771151.728838926,20.37905469720483
281725.78761744965,2771151.728838926,20.422734904863848
282184.1070805369,2771151.728838926,20.468484256741117
282642.42654362414,2771151.728838926,20.516093600954594
283100.7460067114,2771151.728838926,20.565366007816458
283559.06546979863,2771151.728838926,20.61609830339302
284017.3849328859,2771151.728838926,20.66805283640524
284475.7043959731,2771151.728838926,20.72092022830875
284934.02385906037,2771151.728838926,20.774275434148045
285392.3433221476,2771151.728838926,20.82753193333873
285850.66278523486,2771151.728838926,20.87990334194111
286308.9822483221,2771151.728838926,20.930389040382146
286767.30171140935,2771151.728838926,20.977809063571996
287225.6211744966,2771151.728838926,21.020915996829153
287683.9406375839,2771151.728838926,21.058593051191735
288142.26010067115,2771151.728838926,21.090097501859116
288600.5795637584,2771151.728838926,21.115249873708407
289058.89902684564,2771151.728838926,21.134462419053985
289517.2184899329,2771151.728838926,21.1485775169736
289975.53795302013,2771151.728838926,21.15858473904465
290433.8574161074,2771151.728838926,21.165311032736927
290892.1768791946,2771151.728838926,21.169117519450726
291350.49634228187,2771151.728838926,21.16953513240944
291808.8158053691,2771151.728838926,21.164640367483305
292267.13526845636,2771151.728838926,21.149742774920202
292725.4547315436,2771151.728838926,21.114569392765162
293183.77419463085,2771151.728838926,21.038515703201295
293642.0936577181,2771151.728838926,20.890647733407352
294100.41312080534,2771151.728838926,20.653761298916265
294558.7325838926,2771151.728838926,20.348924587960052
295017.05204697984,2771151.728838926,20.011336314242097
295475.3715100671,2771151.728838926,19.6663068988684
295933.6909731543,2771151.728838926,19.3293789663552
296392.0104362416,2771151.728838926,19.01133882282399
296850.3298993288,2771151.728838926,18.721390766868957
297308.64936241606,2771151.728838926,18.46882178198973
297766.96882550337,2771151.728838926,18.263609247719543
298225.2882885906,2771151.728838926,18.1157953101228
298683.60775167786,2771151.728838926,18.033572169037118
299141.9272147651,2771151.728838926,18.021188050984712
299600.24667785235,2771151.728838926,18.078584064692297
300058.5661409396,2771151.728838926,18.203299982536617
300516.88560402684,2771151.728838926,18.39302730478083
300975.2050671141,2771151.728838926,18.643577624720898
301433.52453020134,2771151.728838926,18.769203092211825
301891.8439932886,2771151.728838926,18.676316506283197
302350.1634563758,2771151.728838926,18.62794461528316
302808.4829194631,2771151.728838926,18.604256145094254
303266.8023825503,2771151.728838926,18.572458490862736
303725.12184563756,2771151.728838926,18.515412713134538
304183.4413087248,2771151.728838926,18.437055309409544
304641.76077181206,2771151.728838926,18.35014327844826
305100.0802348993,2771151.728838926,18.26485524275679
305558.39969798655,2771151.728838926,18.186091050757113
306016.7191610738,2771151.728838926,18.115035865975305
306475.03862416104,2771151.728838926,18.051072994395945
306933.3580872483,2771151.728838926,17.99301663294372
307391.67755033553,2771151.728838926,17.93984406320368
307849.9970134228,2771151.728838926,17.891745780857725
308308.31647651,2771151.728838926,17.85827418599238
308766.63593959727,2771151.728838926,17.878030710364406
309224.9554026845,2771151.728838926,17.922610866566615
309683.27486577176,2771151.728838926,17.970989631580775
310141.594328859,2771151.728838926,18.020440195056327
310599.9137919463,2771151.728838926,18.070229645339225
311058.23325503356,2771151.728838926,18.119980570271462
311516.5527181208,2771151.728838926,18.169383108812497
311974.87218120805,2771151.728838926,18.218091621800664
312433.1916442953,2771151.728838926,18.265655096849255
312891.51110738254,2771151.728838926,18.311450023483406
313349.8305704698,2771151.728838926,18.354616703751706
313808.15003355703,2771151.728838926,18.39403272948271
314266.4694966443,2771151.728838926,18.428404064520414
262934.68963087245,2771389.3426510068,19.48196176517573
263393.0090939597,2771389.3426510068,19.53254913141237
263851.32855704695,2771389.3426510068,19.584348897929445
264309.64802013425,2771389.3426510068,19.63740266605798
264767.9674832215,2771389.3426510068,19.691760895683995
265226.28694630874,2771389.3426510068,19.747479889322232
265684.606409396,2771389.3426510068,19.80461765991374
266142.92587248323,2771389.3426510068,19.863227006380455
266601.2453355705,2771389.3426510068,19.92334300112386
267059.5647986577,2771389.3426510068,19.98495971460402
267517.88426174497,2771389.3426510068,20.04798587306646
267976.2037248322,2771389.3426510068,20.112157617142337
268434.52318791946,2771389.3426510068,20.176859589687876
268892.8426510067,2771389.3426510068,20.24074263156251
269351.16211409395,2771389.3426510068,20.30090154874179
269809.4815771812,2771389.3426510068,20.351355904355565
270267.80104026844,2771389.3426510068,20.38217879234803
270726.1205033557,2771389.3426510068,20.38547401176046
271184.43996644294,2771389.3426510068,20.365390736876854
271642.7594295302,2771389.3426510068,20.332855458481653
272101.0788926174,2771389.3426510068,20.29601957705838
272559.3983557047,2771389.3426510068,20.259263272030722
273017.7178187919,2771389.3426510068,20.22483524013809
273476.03728187917,2771389.3426510068,20.193940065320543
273934.3567449664,2771389.3426510068,20.167256724543346
274392.67620805366,2771389.3426510068,20.145178036290908
274850.9956711409,2771389.3426510068,20.127925685592984
275309.3151342282,2771389.3426510068,20.115608847774396
275767.63459731545,2771389.3426510068,20.1082561482438
276225.9540604027,2771389.3426510068,20.10583443269211
276684.27352348994,2771389.3426510068,20.108260721942155
277142.5929865772,2771389.3426510068,20.11541050301567
277600.91244966444,2771389.3426510068,20.12712400349315
278059.2319127517,2771389.3426510068,20.143211392063495
278517.5513758389,2771389.3426510068,20.16345752859584
278975.8708389262,2771389.3426510068,20.187626744718017
279434.1903020134,2771389.3426510068,20.2154680502333
279892.50976510067,2771389.3426510068,20.246721047442936
280350.8292281879,2771389.3426510068,20.281122629785575
280809.14869127516,2771389.3426510068,20.31841420222671
281267.4681543624,2771389.3426510068,20.358348689420144
281725.78761744965,2771389.3426510068,20.400696056169
282184.1070805369,2771389.3426510068,20.445245578547013
282642.42654362414,2771389.3426510068,20.491802826416254
283100.7460067114,2771389.3426510068,20.540179360267263
283559.06546979863,2771389.3426510068,20.590173512451166
284017.3849328859,2771389.3426510068,20.641541221534354
284475.7043959731,2771389.3426510068,20.693956656116626
284934.02385906037,2771389.3426510068,20.746963517440626
285392.3433221476,2771389.3426510068,20.799920249676568
285850.66278523486,2771389.3426510068,20.851947503432303
286308.9822483221,2771389.3426510068,20.901896058960922
286767.30171140935,2771389.3426510068,20.94836794494055
287225.6211744966,2771389.3426510068,20.989834325504773
287683.9406375839,2771389.3426510068,21.024877494609733
288142.26010067115,2771389.3426510068,21.05251503114985
288600.5795637584,2771389.3426510068,21.072465135983894
289058.89902684564,2771389.3426510068,21.08518705912518
289517.2184899329,2771389.3426510068,21.091650387619392
289975.53795302013,2771389.3426510068,21.092946240275353
290433.8574161074,2771389.3426510068,21.08988724875922
290892.1768791946,2771389.3426510068,21.082644426023933
291350.49634228187,2771389.3426510068,21.070339930346854
291808.8158053691,2771389.3426510068,21.050400940252207
292267.13526845636,2771389.3426510068,21.01736190983541
292725.4547315436,2771389.3426510068,20.960803612815866
293183.77419463085,2771389.3426510068,20.863218153219535
293642.0936577181,2771389.3426510068,20.7031176493073
294100.41312080534,2771389.3426510068,20.470424999447584
294558.7325838926,2771389.3426510068,20.178675974983143
295017.05204697984,2771389.3426510068,19.853112359151996
295475.3715100671,2771389.3426510068,19.515438198110324
295933.6909731543,2771389.3426510068,19.180914359088337
296392.0104362416,2771389.3426510068,18.860863586931302
296850.3298993288,2771389.3426510068,18.56528368262267
297308.64936241606,2771389.3426510068,18.304675269615313
297766.96882550337,2771389.3426510068,18.09093289457456
298225.2882885906,2771389.3426510068,17.93665410026255
298683.60775167786,2771389.3426510068,17.852342361808173
299141.9272147651,2771389.3426510068,17.8429590612348
299600.24667785235,2771389.3426510068,17.90704046237452
300058.5661409396,2771389.3426510068,18.039029045778644
300516.88560402684,2771389.3426510068,18.2308101762361
300975.2050671141,2771389.3426510068,18.458079736666964
301433.52453020134,2771389.3426510068,18.591166159303945
301891.8439932886,2771389.3426510068,18.594329180013304
302350.1634563758,2771389.3426510068,18.61347069395396
302808.4829194631,2771389.3426510068,18.645892581338348
303266.8023825503,2771389.3426510068,18.649868799753882
303725.12184563756,2771389.3426510068,18.604738301474598
304183.4413087248,2771389.3426510068,18.52224405560984
304641.76077181206,2771389.3426510068,18.424366168451314
305100.0802348993,2771389.3426510068,18.326409670159514
305558.39969798655,2771389.3426510068,18.235378388760193
306016.7191610738,2771389.3426510068,18.153199926498008
306475.03862416104,2771389.3426510068,18.07942574682641
306933.3580872483,2771389.3426510068,18.012737459222006
307391.67755033553,2771389.3426510068,17.951659853199114
307849.9970134228,2771389.3426510068,17.894879916289472
308308.31647651,2771389.3426510068,17.842476679688527
308766.63593959727,2771389.3426510068,17.871019980972967
309224.9554026845,2771389.3426510068,17.917853903084794
309683.27486577176,2771389.3426510068,17.96593504831089
310141.594328859,2771389.3426510068,18.014836080682386
310599.9137919463,2771389.3426510068,18.06426918234597
311058.23325503356,2771389.3426510068,18.113975884840492
311516.5527181208,2771389.3426510068,18.16368126434479
311974.87218120805,2771389.3426510068,18.2130487056322
312433.1916442953,2771389.3426510068,18.261623197712918
312891.51110738254,2771389.3426510068,18.308755992805132
313349.8305704698,2771389.3426510068,18.353512464752058
313808.15003355703,2771389.3426510068,18.394597625820108
314266.4694966443,2771389.3426510068,18.430410502332908
314724.7889597315,2771389.3426510068,18.459408700330325
263393.0090939597,2771626.9564630874,19.527785988707564
263851.32855704695,2771626.9564630874,19.57958500899184
264309.64802013425,2771626.9564630874,19.632746777570173
264767.9674832215,2771626.9564630874,19.687335705272986
265226.28694630874,2771626.9564630874,19.743427294760423
265684.606409396,2771626.9564630874,19.801105536173623
266142.92587248323,2771626.9564630874,19.860458605074875
266601.2453355705,2771626.9564630874,19.921570793880495
267059.5647986577,2771626.9564630874,19.984506806448035
267517.88426174497,2771626.9564630874,20.049280430153022
267976.2037248322,2771626.9564630874,20.115789604322437
268434.52318791946,2771626.9564630874,20.183673657653994
268892.8426510067,2771626.9564630874,20.251973985874194
269351.16211409395,2771626.9564630874,20.318260508614976
269809.4815771812,2771626.9564630874,20.376375867036543
270267.80104026844,2771626.9564630874,20.41283912257909
270726.1205033557,2771626.9564630874,20.413960256934082
271184.43996644294,2771626.9564630874,20.386954039990705
271642.7594295302,2771626.9564630874,20.34813856496054
272101.0788926174,2771626.9564630874,20.30674872050568
272559.3983557047,2771626.9564630874,20.266753022469686
273017.7178187919,2771626.9564630874,20.229930136693923
273476.03728187917,2771626.9564630874,20.19715972990383
273934.3567449664,2771626.9564630874,20.16891166407082
274392.67620805366,2771626.9564630874,20.145443825623982
274850.9956711409,2771626.9564630874,20.126889475881157
275309.3151342282,2771626.9564630874,20.113299290726484
275767.63459731545,2771626.9564630874,20.10466342449847
276225.9540604027,2771626.9564630874,20.100924235829027
276684.27352348994,2771626.9564630874,20.101984444139568
277142.5929865772,2771626.9564630874,20.10771297945415
277600.91244966444,2771626.9564630874,20.117949670767242
278059.2319127517,2771626.9564630874,20.132509415370233
278517.5513758389,2771626.9564630874,20.151186250932287
278975.8708389262,2771626.9564630874,20.173757652836972
279434.1903020134,2771626.9564630874,20.199989308961623
279892.50976510067,2771626.9564630874,20.229640519197357
280350.8292281879,2771626.9564630874,20.262470181020838
280809.14869127516,2771626.9564630874,20.298243029673703
281267.4681543624,2771626.9564630874,20.336735409271647
281725.78761744965,2771626.9564630874,20.377739410299895
282184.1070805369,2771626.9564630874,20.421063809449226
282642.42654362414,2771626.9564630874,20.466529988811672
283100.7460067114,2771626.9564630874,20.513960951372063
283559.06546979863,2771626.9564630874,20.563161665369723
284017.3849328859,2771626.9564630874,20.61388917280963
284475.7043959731,2771626.9564630874,20.665811147804124
284934.02385906037,2771626.9564630874,20.718452140043055
285392.3433221476,2771626.9564630874,20.771128522997184
285850.66278523486,2771626.9564630874,20.822878326237632
286308.9822483221,2771626.9564630874,20.87240421824842
286767.30171140935,2771626.9564630874,20.918069777266815
287225.6211744966,2771626.9564630874,20.958013959498313
287683.9406375839,2771626.9564630874,20.99044288073321
288142.26010067115,2771626.9564630874,21.014066444757876
288600.5795637584,2771626.9564630874,21.028480861225415
289058.89902684564,2771626.9564630874,21.034231862891087
289517.2184899329,2771626.9564630874,21.032484097644286
289975.53795302013,2771626.9564630874,21.024488669470614
290433.8574161074,2771626.9564630874,21.011081468894233
290892.1768791946,2771626.9564630874,20.992279011273048
291350.49634228187,2771626.9564630874,20.966873446187297
291808.8158053691,2771626.9564630874,20.931846900772456
292267.13526845636,2771626.9564630874,20.88142054313547
292725.4547315436,2771626.9564630874,20.80577972584861
293183.77419463085,2771626.9564630874,20.69059310572385
293642.0936577181,2771626.9564630874,20.52069841062852
294100.41312080534,2771626.9564630874,20.28987259276575
294558.7325838926,2771626.9564630874,20.00733410992795
295017.05204697984,2771626.9564630874,19.691473374273382
295475.3715100671,2771626.9564630874,19.36026920083236
295933.6909731543,2771626.9564630874,19.027865096912535
296392.0104362416,2771626.9564630874,18.705513696346223
296850.3298993288,2771626.9564630874,18.40359741715853
297308.64936241606,2771626.9564630874,18.13356562613182
297766.96882550337,2771626.9564630874,17.909246906369184
298225.2882885906,2771626.9564630874,17.746283150187597
298683.60775167786,2771626.9564630874,17.658157928025794
299141.9272147651,2771626.9564630874,17.650493617528976
299600.24667785235,2771626.9564630874,17.719304302496536
300058.5661409396,2771626.9564630874,17.85424977702832
300516.88560402684,2771626.9564630874,18.039878968486445
300975.2050671141,2771626.9564630874,18.24317129330796
301433.52453020134,2771626.9564630874,18.39022460330392
301891.8439932886,2771626.9564630874,18.47675123051489
302350.1634563758,2771626.9564630874,18.577540624271137
302808.4829194631,2771626.9564630874,18.679841437773398
303266.8023825503,2771626.9564630874,18.725984358060273
303725.12184563756,2771626.9564630874,18.69125300001951
304183.4413087248,2771626.9564630874,18.601691149425605
304641.76077181206,2771626.9564630874,18.491857300135422
305100.0802348993,2771626.9564630874,18.381845072550718
305558.39969798655,2771626.9564630874,18.279876680762612
306016.7191610738,2771626.9564630874,18.188117747772825
306475.03862416104,2771626.9564630874,18.10613784899036
306933.3580872483,2771626.9564630874,18.03260056340922
307391.67755033553,2771626.9564630874,17.96607852007587
307849.9970134228,2771626.9564630874,17.905759638414505
308308.31647651,2771626.9564630874,17.857991934890578
308766.63593959727,2771626.9564630874,17.875775300649625
309224.9554026845,2771626.9564630874,17.917956687541352
309683.27486577176,2771626.9564630874,17.963509764214376
310141.594328859,2771626.9564630874,18.010800585637845
310599.9137919463,2771626.9564630874,18.059265971584068
311058.23325503356,2771626.9564630874,18.108534748971053
311516.5527181208,2771626.9564630874,18.15827480607042
311974.87218120805,2771626.9564630874,18.208120497439523
312433.1916442953,2771626.9564630874,18.257602483761154
312891.51110738254,2771626.9564630874,18.30605457576983
313349.8305704698,2771626.9564630874,18.352484150016526
313808.15003355703,2771626.9564630874,18.395425386976083
314266.4694966443,2771626.9564630874,18.432907550600017
314724.7889597315,2771626.9564630874,18.462861703335452
315183.10842281877,2771626.9564630874,18.484133031975094
264309.64802013425,2771864.570275168,19.627602047109583
264767.9674832215,2771864.570275168,19.682310872423663
265226.28694630874,2771864.570275168,19.73864378674585
265684.606409396,2771864.570275168,19.796705469177507
266142.92587248323,2771864.570275168,19.856612735761846
266601.2453355705,2771864.570275168,19.918490549654617
267059.5647986577,2771864.570275168,19.98246362869785
267517.88426174497,2771864.570275168,20.04863863314872
267976.2037248322,2771864.570275168,20.117065173119002
268434.52318791946,2771864.570275168,20.18764457264269
268892.8426510067,2771864.570275168,20.259892284212487
269351.16211409395,2771864.570275168,20.33222010380498
269809.4815771812,2771864.570275168,20.399387294626507
270267.80104026844,2771864.570275168,20.444294774920216
270726.1205033557,2771864.570275168,20.441565196793643
271184.43996644294,2771864.570275168,20.405210780384376
271642.7594295302,2771864.570275168,20.35967401712984
272101.0788926174,2771864.570275168,20.314016101419934
272559.3983557047,2771864.570275168,20.27118510577735
273017.7178187919,2771864.570275168,20.232332321000786
273476.03728187917,2771864.570275168,20.197986929140935
273934.3567449664,2771864.570275168,20.168416276631284
274392.67620805366,2771864.570275168,20.14375542961829
274850.9956711409,2771864.570275168,20.124060223066177
275309.3151342282,2771864.570275168,20.10933148336015
275767.63459731545,2771864.570275168,20.099527351887378
276225.9540604027,2771864.570275168,20.094570399918858
276684.27352348994,2771864.570275168,20.094352398632065
277142.5929865772,2771864.570275168,20.098738050014422
277600.91244966444,2771864.570275168,20.107568318455392
278059.2319127517,2771864.570275168,20.120663717966018
278517.5513758389,2771864.570275168,20.13782779279328
278975.8708389262,2771864.570275168,20.158850976096964
279434.1903020134,2771864.570275168,20.18351496093646
279892.50976510067,2771864.570275168,20.211597626653052
280350.8292281879,2771864.570275168,20.24287840073982
280809.14869127516,2771864.570275168,20.27714368684129
281267.4681543624,2771864.570275168,20.314191663669014
281725.78761744965,2771864.570275168,20.3538353970178
282184.1070805369,2771864.570275168,20.39590286960592
282642.42654362414,2771864.570275168,20.44023227983101
283100.7460067114,2771864.570275168,20.48666080834264
283559.06546979863,2771864.570275168,20.53500494824067
284017.3849328859,2771864.570275168,20.585030331681445
284475.7043959731,2771864.570275168,20.63640869001795
284934.02385906037,2771864.570275168,20.68865934541629
285392.3433221476,2771864.570275168,20.741073368389685
285850.66278523486,2771864.570275168,20.792622792823913
286308.9822483221,2771864.570275168,20.84187046501845
286767.30171140935,2771864.570275168,20.886925953289193
287225.6211744966,2771864.570275168,20.925538909040846
287683.9406375839,2771864.570275168,20.955441693566737
288142.26010067115,2771864.570275168,20.974942527967546
288600.5795637584,2771864.570275168,20.983491841267757
289058.89902684564,2771864.570275168,20.981787044079468
289517.2184899329,2771864.570275168,20.971290761132984
289975.53795302013,2771864.570275168,20.953497409610478
290433.8574161074,2771864.570275168,20.929318459556786
290892.1768791946,2771864.570275168,20.89866530228077
291350.49634228187,2771864.570275168,20.860094044139682
291808.8158053691,2771864.570275168,20.8103406295259
292267.13526845636,2771864.570275168,20.74366287030566
292725.4547315436,2771864.570275168,20.65120999825561
293183.77419463085,2771864.570275168,20.52142757084528
293642.0936577181,2771864.570275168,20.34338478300356
294100.41312080534,2771864.570275168,20.113044881294925
294558.7325838926,2771864.570275168,19.8369442581023
295017.05204697984,2771864.570275168,19.52869923149067
295475.3715100671,2771864.570275168,19.202925728484146
295933.6909731543,2771864.570275168,18.87220151884038
296392.0104362416,2771864.570275168,18.547188478610703
296850.3298993288,2771864.570275168,18.23818205768437
297308.64936241606,2771864.570275168,17.957175838109123
297766.96882550337,2771864.570275168,17.719835336892324
298225.2882885906,2771864.570275168,17.54551778366604
298683.60775167786,2771864.570275168,17.45189645569784
299141.9272147651,2771864.570275168,17.445453778864145
299600.24667785235,2771864.570275168,17.51845382041477
300058.5661409396,2771864.570275168,17.654702413573048
300516.88560402684,2771864.570275168,17.832491192409908
300975.2050671141,2771864.570275168,18.019503592043876
301433.52453020134,2771864.570275168,18.179866358481767
301891.8439932886,2771864.570275168,18.333591563107717
302350.1634563758,2771864.570275168,18.523891622276555
302808.4829194631,2771864.570275168,18.71031259260135
303266.8023825503,2771864.570275168,18.804516361475503
303725.12184563756,2771864.570275168,18.774955987363764
304183.4413087248,2771864.570275168,18.673540968346803
304641.76077181206,2771864.570275168,18.550719297107275
305100.0802348993,2771864.570275168,18.42963840662743
305558.39969798655,2771864.570275168,18.318394356897972
306016.7191610738,2771864.570275168,18.21883364173631
306475.03862416104,2771864.570275168,18.130413391075948
306933.3580872483,2771864.570275168,18.051896744506543
307391.67755033553,2771864.570275168,17.98232290375551
307849.9970134228,2771864.570275168,17.922602110568018
308308.31647651,2771864.570275168,17.883253757347983
308766.63593959727,2771864.570275168,17.88916404118178
309224.9554026845,2771864.570275168,17.922249204586837
309683.27486577176,2771864.570275168,17.963368819188744
310141.594328859,2771864.570275168,18.008085279538104
310599.9137919463,2771864.570275168,18.055013667047294
311058.23325503356,2771864.570275168,18.103470655058675
311516.5527181208,2771864.570275168,18.15298337023005
311974.87218120805,2771864.570275168,18.20312204772973
312433.1916442953,2771864.570275168,18.253395219256767
312891.51110738254,2771864.570275168,18.303133308723645
313349.8305704698,2771864.570275168,18.35131836123427
313808.15003355703,2771864.570275168,18.396342079069886
314266.4694966443,2771864.570275168,18.435810181068145
314724.7889597315,2771864.570275168,18.46691050612714
315183.10842281877,2771864.570275168,18.487940812908988
264767.9674832215,2772102.1840872485,19.67664656631837
265226.28694630874,2772102.1840872485,19.73308210887407
265684.606409396,2772102.1840872485,19.791359514910823
266142.92587248323,2772102.1840872485,19.85161583476456
266601.2453355705,2772102.1840872485,19.914005158814614
267059.5647986577,2772102.1840872485,19.97869603636822
267517.88426174497,2772102.1840872485,20.045864967365468
267976.2037248322,2772102.1840872485,20.11568073501841
268434.52318791946,2772102.1840872485,20.18826521022762
268892.8426510067,2772102.1840872485,20.263583406929964
269351.16211409395,2772102.1840872485,20.34106629220096
269809.4815771812,2772102.1840872485,20.41782252980283
270267.80104026844,2772102.1840872485,20.476297851895172
270726.1205033557,2772102.1840872485,20.46614181056886
271184.43996644294,2772102.1840872485,20.418022227602044
271642.7594295302,2772102.1840872485,20.366299479152847
272101.0788926174,2772102.1840872485,20.3172073907675
272559.3983557047,2772102.1840872485,20.272218361437915
273017.7178187919,2772102.1840872485,20.231843419742948
273476.03728187917,2772102.1840872485,20.196303216175583
273934.3567449664,2772102.1840872485,20.1656997034513
274392.67620805366,2772102.1840872485,20.14007174014147
274850.9956711409,2772102.1840872485,20.11941606966628
275309.3151342282,2772102.1840872485,20.103696265051497
275767.63459731545,2772102.1840872485,20.092847154386323
276225.9540604027,2772102.1840872485,20.0867775540157
276684.27352348994,2772102.1840872485,20.085372459303617
277142.5929865772,2772102.1840872485,20.088495185583238
277600.91244966444,2772102.1840872485,20.095989686851777
278059.2319127517,2772102.1840872485,20.107683179297275
278517.5513758389,2772102.1840872485,20.12338916415624
278975.8708389262,2772102.1840872485,20.14291092871776
279434.1903020134,2772102.1840872485,20.1660455712206
279892.50976510067,2772102.1840872485,20.192588518271734
280350.8292281879,2772102.1840872485,20.222338363096
280809.14869127516,2772102.1840872485,20.255101642326537
281267.4681543624,2772102.1840872485,20.290696898744322
281725.78761744965,2772102.1840872485,20.328957077053474
282184.1070805369,2772102.1840872485,20.36972900953663
282642.42654362414,2772102.1840872485,20.41286849683438
283100.7460067114,2772102.1840872485,20.458229262371912
283559.06546979863,2772102.1840872485,20.505643775686714
284017.3849328859,2772102.1840872485,20.554893453029642
284475.7043959731,2772102.1840872485,20.6056649001573
284934.02385906037,2772102.1840872485,20.657487684786563
285392.3433221476,2772102.1840872485,20.709648294965653
285850.66278523486,2772102.1840872485,20.761077011600978
286308.9822483221,2772102.1840872485,20.81021642212859
286767.30171140935,2772102.1840872485,20.854916652464297
287225.6211744966,2772102.1840872485,20.892477063768464
287683.9406375839,2772102.1840872485,20.92002845716932
288142.26010067115,2772102.1840872485,20.935341823589386
288600.5795637584,2772102.1840872485,20.937689253420803
289058.89902684564,2772102.1840872485,20.928023256148904
289517.2184899329,2772102.1840872485,20.908254376201914
289975.53795302013,2772102.1840872485,20.880228004065934
290433.8574161074,2772102.1840872485,20.84498878152391
290892.1768791946,2772102.1840872485,20.802391802742175
291350.49634228187,2772102.1840872485,20.750844804109303
291808.8158053691,2772102.1840872485,20.68700003357102
292267.13526845636,2772102.1840872485,20.605376701722548
292725.4547315436,2772102.1840872485,20.498190046830214
293183.77419463085,2772102.1840872485,20.356149682792317
293642.0936577181,2772102.1840872485,20.17118335025697
294100.41312080534,2772102.1840872485,19.940534936387124
294558.7325838926,2772102.1840872485,19.668953703619376
295017.05204697984,2772102.1840872485,19.366647429665665
295475.3715100671,2772102.1840872485,19.045354321067038
295933.6909731543,2772102.1840872485,18.715902735284256
296392.0104362416,2772102.1840872485,18.387958329982936
296850.3298993288,2772102.1840872485,18.071231465413266
297308.64936241606,2772102.1840872485,17.777688334222674
297766.96882550337,2772102.1840872485,17.524491287041187
298225.2882885906,2772102.1840872485,17.33552943639279
298683.60775167786,2772102.1840872485,17.23478600938539
299141.9272147651,2772102.1840872485,17.230176220657455
299600.24667785235,2772102.1840872485,17.308490784752475
300058.5661409396,2772102.1840872485,17.4469410523204
300516.88560402684,2772102.1840872485,17.619077129383694
300975.2050671141,2772102.1840872485,17.7951345357344
301433.52453020134,2772102.1840872485,17.962235097899402
301891.8439932886,2772102.1840872485,18.169130041857812
302350.1634563758,2772102.1840872485,18.455281626212056
302808.4829194631,2772102.1840872485,18.741727694338188
303266.8023825503,2772102.1840872485,18.889610472900998
303725.12184563756,2772102.1840872485,18.8538161293465
304183.4413087248,2772102.1840872485,18.73453171760428
304641.76077181206,2772102.1840872485,18.598569852383623
305100.0802348993,2772102.1840872485,18.468190808872695
305558.39969798655,2772102.1840872485,18.349787184352092
306016.7191610738,2772102.1840872485,18.244439390044146
306475.03862416104,2772102.1840872485,18.15143496999339
306933.3580872483,2772102.1840872485,18.06972946214039
307391.67755033553,2772102.1840872485,17.99896386392137
307849.9970134228,2772102.1840872485,17.94130277986034
308308.31647651,2772102.1840872485,17.905896946420512
308766.63593959727,2772102.1840872485,17.904785827399103
309224.9554026845,2772102.1840872485,17.929047019943656
309683.27486577176,2772102.1840872485,17.964818471848858
310141.594328859,2772102.1840872485,18.006292680032065
310599.9137919463,2772102.1840872485,18.051231653436183
311058.23325503356,2772102.1840872485,18.09855527310505
311516.5527181208,2772102.1840872485,18.14759934352348
311974.87218120805,2772102.1840872485,18.1978457445298
312433.1916442953,2772102.1840872485,18.248777305098994
312891.51110738254,2772102.1840872485,18.29974050867251
313349.8305704698,2772102.1840872485,18.34974188601597
313808.15003355703,2772102.1840872485,18.397101211961477
314266.4694966443,2772102.1840872485,18.43898772073519
314724.7889597315,2772102.1840872485,18.471537836578317
315183.10842281877,2772102.1840872485,18.49213276734533
315641.427885906,2772102.1840872485,18.502104332845036
265226.28694630874,2772339.797899329,19.726705056169465
265684.606409396,2772339.797899329,19.785023026114594
266142.92587248323,2772339.797899329,19.845412195950875
266601.2453355705,2772339.797899329,19.908041945617043
267059.5647986577,2772339.797899329,19.973104045663828
267517.88426174497,2772339.797899329,20.040812720678773
267976.2037248322,2772339.797899329,20.11140322563885
268434.52318791946,2772339.797899329,20.185126667652785
268892.8426510067,2772339.797899329,20.26223360674384
269351.16211409395,2772339.797899329,20.342912872490867
269809.4815771812,2772339.797899329,20.426939750304573
270267.80104026844,2772339.797899329,20.50702874682898
270726.1205033557,2772339.797899329,20.481701807479844
271184.43996644294,2772339.797899329,20.42264042629028
271642.7594295302,2772339.797899329,20.366909185465435
272101.0788926174,2772339.797899329,20.315813816072207
272559.3983557047,2772339.797899329,20.269591520558933
273017.7178187919,2772339.797899329,20.228319978185187
273476.03728187917,2772339.797899329,20.192027739536872
273934.3567449664,2772339.797899329,20.16071724320343
274392.67620805366,2772339.797899329,20.134370222196246
274850.9956711409,2772339.797899329,20.112948615000303
275309.3151342282,2772339.797899329,20.096394414102992
275767.63459731545,2772339.797899329,20.0846295336203
276225.9540604027,2772339.797899329,20.07755605806163
276684.27352348994,2772339.797899329,20.075056979622136
277142.5929865772,2772339.797899329,20.07699743967435
277600.91244966444,2772339.797899329,20.083226466169414
278059.2319127517,2772339.797899329,20.09357920419192
278517.5513758389,2772339.797899329,20.107879650062774
278975.8708389262,2772339.797899329,20.12594390241403
279434.1903020134,2772339.797899329,20.147583919637544
279892.50976510067,2772339.797899329,20.172611706445764
280350.8292281879,2772339.797899329,20.20084373171733
280809.14869127516,2772339.797899329,20.232105202766427
281267.4681543624,2772339.797899329,20.26623359739943
281725.78761744965,2772339.797899329,20.303080605895616
282184.1070805369,2772339.797899329,20.34251138415352
282642.42654362414,2772339.797899329,20.384399773594772
283100.7460067114,2772339.797899329,20.428617866104275
283559.06546979863,2772339.797899329,20.47501787595209
284017.3849328859,2772339.797899329,20.52340353253325
284475.7043959731,2772339.797899329,20.57348686429311
284934.02385906037,2772339.797899329,20.624824069734576
285392.3433221476,2772339.797899329,20.676721343085077
285850.66278523486,2772339.797899329,20.72809994837124
286308.9822483221,2772339.797899329,20.777317029198382
286767.30171140935,2772339.797899329,20.821976082847343
287225.6211744966,2772339.797899329,20.85886804614504
287683.9406375839,2772339.797899329,20.884354816847303
288142.26010067115,2772339.797899329,20.895467156335677
288600.5795637584,2772339.797899329,20.891249048448046
289058.89902684564,2772339.797899329,20.87307187190184
289517.2184899329,2772339.797899329,20.843508891811158
289975.53795302013,2772339.797899329,20.80488472179162
290433.8574161074,2772339.797899329,20.758426637474926
290892.1768791946,2772339.797899329,20.703967583199894
291350.49634228187,2772339.797899329,20.63983358644494
291808.8158053691,2772339.797899329,20.562707706764325
292267.13526845636,2772339.797899329,20.467490053933826
292725.4547315436,2772339.797899329,20.347421491434556
293183.77419463085,2772339.797899329,20.19499745010637
293642.0936577181,2772339.797899329,20.00410379717857
294100.41312080534,2772339.797899329,19.772749335332456
294558.7325838926,2772339.797899329,19.504422179438222
295017.05204697984,2772339.797899329,19.206831237879943
295475.3715100671,2772339.797899329,18.889306534468297
295933.6909731543,2772339.797899329,18.560908854008815
296392.0104362416,2772339.797899329,18.230023523811845
296850.3298993288,2772339.797899329,17.90529158028989
297308.64936241606,2772339.797899329,17.597900450428615
297766.96882550337,2772339.797899329,17.325711400665366
298225.2882885906,2772339.797899329,17.117874618744104
298683.60775167786,2772339.797899329,17.00836699183463
299141.9272147651,2772339.797899329,17.007705860662025
299600.24667785235,2772339.797899329,17.094095305716746
300058.5661409396,2772339.797899329,17.237572754747102
300516.88560402684,2772339.797899329,17.408360924347978
300975.2050671141,2772339.797899329,17.5771131783233
301433.52453020134,2772339.797899329,17.739793314998053
301891.8439932886,2772339.797899329,17.983391064321562
302350.1634563758,2772339.797899329,18.372806246177547
302808.4829194631,2772339.797899329,18.776051936407086
303266.8023825503,2772339.797899329,18.98463186753935
303725.12184563756,2772339.797899329,18.921271155328554
304183.4413087248,2772339.797899329,18.779693299507517
304641.76077181206,2772339.797899329,18.63270986382582
305100.0802348993,2772339.797899329,18.495966014455593
305558.39969798655,2772339.797899329,18.373037053208478
306016.7191610738,2772339.797899329,18.264123825504022
306475.03862416104,2772339.797899329,18.16841707730845
306933.3580872483,2772339.797899329,18.085140512793345
307391.67755033553,2772339.797899329,18.014451953432797
307849.9970134228,2772339.797899329,17.95891250303191
308308.31647651,2772339.797899329,17.9252130783952
308766.63593959727,2772339.797899329,17.91946046972373
309224.9554026845,2772339.797899329,17.936581572494372
309683.27486577176,2772339.797899329,17.966998554269836
310141.594328859,2772339.797899329,18.004927719674082
310599.9137919463,2772339.797899329,18.04758474258865
311058.23325503356,2772339.797899329,18.093528578314935
311516.5527181208,2772339.797899329,18.14189492810146
311974.87218120805,2772339.797899329,18.19206756611138
312433.1916442953,2772339.797899329,18.243503898460514
312891.51110738254,2772339.797899329,18.29558734009779
313349.8305704698,2772339.797899329,18.347411106460118
313808.15003355703,2772339.797899329,18.397348810205692
314266.4694966443,2772339.797899329,18.44222596844517
314724.7889597315,2772339.797899329,18.476722154211195
315183.10842281877,2772339.797899329,18.49658133934455
315641.427885906,2772339.797899329,18.50407185573329
316099.74734899326,2772339.797899329,18.50463691137611
266142.92587248323,2772577.4117114097,19.837965906760246
266601.2453355705,2772577.4117114097,19.900556015880777
267059.5647986577,2772577.4117114097,19.965628048314485
267517.88426174497,2772577.4117114097,20.03339649565721
267976.2037248322,2772577.4117114097,20.10409791490447
268434.52318791946,2772577.4117114097,20.17798819503526
268892.8426510067,2772577.4117114097,20.2553334997511
269351.16211409395,2772577.4117114097,20.336376298449967
269809.4815771812,2772577.4117114097,20.42113805747845
270267.80104026844,2772577.4117114097,20.505000451073748
270726.1205033557,2772577.4117114097,20.476788741328047
271184.43996644294,2772577.4117114097,20.4167751083331
271642.7594295302,2772577.4117114097,20.360782787001845
272101.0788926174,2772577.4117114097,20.30953827513016
272559.3983557047,2772577.4117114097,20.263163114255796
273017.7178187919,2772577.4117114097,20.22169066746263
273476.03728187917,2772577.4117114097,20.185125533471503
273934.3567449664,2772577.4117114097,20.153454722667632
274392.67620805366,2772577.4117114097,20.126649396284407
274850.9956711409,2772577.4117114097,20.104664417145994
275309.3151342282,2772577.4117114097,20.087437608982317
275767.63459731545,2772577.4117114097,20.07488931808298
276225.9540604027,2772577.4117114097,20.06692246734922
276684.27352348994,2772577.4117114097,20.0634231479634
277142.5929865772,2772577.4117114097,20.064261742319154
277600.91244966444,2772577.4117114097,20.069294560403872
278059.2319127517,2772577.4117114097,20.07836597752593
278517.5513758389,2772577.4117114097,20.091311069226396
278975.8708389262,2772577.4117114097,20.107958736164452
279434.1903020134,2772577.4117114097,20.128135284819457
279892.50976510067,2772577.4117114097,20.151668367501337
280350.8292281879,2772577.4117114097,20.178391079788927
280809.14869127516,2772577.4117114097,20.208145864425983
281267.4681543624,2772577.4117114097,20.24078768591044
281725.78761744965,2772577.4117114097,20.276185734089058
282184.1070805369,2772577.4117114097,20.314222700213808
282642.42654362414,2772577.4117114097,20.354790437663397
283100.7460067114,2772577.4117114097,20.397780519993592
283559.06546979863,2772577.4117114097,20.443067715011118
284017.3849328859,2772577.4117114097,20.490483470986263
284475.7043959731,2772577.4117114097,20.53977478002369
284934.02385906037,2772577.4117114097,20.590540698543663
285392.3433221476,2772577.4117114097,20.642133804570083
285850.66278523486,2772577.4117114097,20.693507383631257
286308.9822483221,2772577.4117114097,20.742986914233107
286767.30171140935,2772577.4117114097,20.787971867740637
287225.6211744966,2772577.4117114097,20.8247044481517
287683.9406375839,2772577.4117114097,20.84856251657591
288142.26010067115,2772577.4117114097,20.85552192455266
288600.5795637584,2772577.4117114097,20.84431564104659
289058.89902684564,2772577.4117114097,20.81699903278188
289517.2184899329,2772577.4117114097,20.77711371415368
289975.53795302013,2772577.4117114097,20.72760120356982
290433.8574161074,2772577.4117114097,20.669894000091496
290892.1768791946,2772577.4117114097,20.603809580030713
291350.49634228187,2772577.4117114097,20.527630305639544
291808.8158053691,2772577.4117114097,20.438138016927166
292267.13526845636,2772577.4117114097,20.330657655971663
292725.4547315436,2772577.4117114097,20.199349664213965
293183.77419463085,2772577.4117114097,20.03809758454151
293642.0936577181,2772577.4117114097,19.84215033222204
294100.41312080534,2772577.4117114097,19.60997953601767
294558.7325838926,2772577.4117114097,19.34414543931985
295017.05204697984,2772577.4117114097,19.050483575500035
295475.3715100671,2772577.4117114097,18.73633234541152
295933.6909731543,2772577.4117114097,18.40907262434259
296392.0104362416,2772577.4117114097,18.075652924616
296850.3298993288,2772577.4117114097,17.74323760339827
297308.64936241606,2772577.4117114097,17.42135894244809
297766.96882550337,2772577.4117114097,17.127060260646
298225.2882885906,2772577.4117114097,16.89465920427946
298683.60775167786,2772577.4117114097,16.774510808701482
299141.9272147651,2772577.4117114097,16.782075698389367
299600.24667785235,2772577.4117114097,16.880547680433722
300058.5661409396,2772577.4117114097,17.03290987662484
300516.88560402684,2772577.4117114097,17.208160314623726
300975.2050671141,2772577.4117114097,17.37482281220627
301433.52453020134,2772577.4117114097,17.5216546853524
301891.8439932886,2772577.4117114097,17.77569646427702
302350.1634563758,2772577.4117114097,18.27792060441227
302808.4829194631,2772577.4117114097,18.803022192665903
303266.8023825503,2772577.4117114097,19.086052645040745
303725.12184563756,2772577.4117114097,18.962825211808273
304183.4413087248,2772577.4117114097,18.80290130372672
304641.76077181206,2772577.4117114097,18.650593601820194
305100.0802348993,2772577.4117114097,18.511710685046506
305558.39969798655,2772577.4117114097,18.387353079952074
306016.7191610738,2772577.4117114097,18.277231270415648
306475.03862416104,2772577.4117114097,18.180669356458
306933.3580872483,2772577.4117114097,18.097245035446953
307391.67755033553,2772577.4117114097,18.027493516973713
307849.9970134228,2772577.4117114097,17.973845976242103
308308.31647651,2772577.4117114097,17.940908084790074
308766.63593959727,2772577.4117114097,17.931878598840097
309224.9554026845,2772577.4117114097,17.943493247621337
309683.27486577176,2772577.4117114097,17.96906367771786
310141.594328859,2772577.4117114097,18.003461852541054
310599.9137919463,2772577.4117114097,18.043709872483333
311058.23325503356,2772577.4117114097,18.088112687841686
311516.5527181208,2772577.4117114097,18.135631637959197
311974.87218120805,2772577.4117114097,18.185555839407304
312433.1916442953,2772577.4117114097,18.237318957153935
312891.51110738254,2772577.4117114097,18.290356478212043
313349.8305704698,2772577.4117114097,18.3439079673857
313808.15003355703,2772577.4117114097,18.396575652929155
314266.4694966443,2772577.4117114097,18.445144644508062
314724.7889597315,2772577.4117114097,18.482434221587013
315183.10842281877,2772577.4117114097,18.501040624895463
315641.427885906,2772577.4117114097,18.505161126100028
316099.74734899326,2772577.4117114097,18.50294769676748
266601.2453355705,2772815.0255234903,19.891532115543544
267059.5647986577,2772815.0255234903,19.956252331484066
267517.88426174497,2772815.0255234903,20.023599526509052
267976.2037248322,2772815.0255234903,20.09374550187926
268434.52318791946,2772815.0255234903,20.16682395423182
268892.8426510067,2772815.0255234903,20.24283816543056
269351.16211409395,2772815.0255234903,20.321340421210127
269809.4815771812,2772815.0255234903,20.399854074586727
270267.80104026844,2772815.0255234903,20.461437810510258
270726.1205033557,2772815.0255234903,20.44995985706821
271184.43996644294,2772815.0255234903,20.40023645625076
271642.7594295302,2772815.0255234903,20.34787338802208
272101.0788926174,2772815.0255234903,20.298370085859023
272559.3983557047,2772815.0255234903,20.25293674985292
273017.7178187919,2772815.0255234903,20.211966565391037
273476.03728187917,2772815.0255234903,20.175612309572575
273934.3567449664,2772815.0255234903,20.143930979819046
274392.67620805366,2772815.0255234903,20.116930241747323
274850.9956711409,2772815.0255234903,20.09458584718187
275309.3151342282,2772815.0255234903,20.076848984491082
275767.63459731545,2772815.0255234903,20.06364984996265
276225.9540604027,2772815.0255234903,20.05489982134899
276684.27352348994,2772815.0255234903,20.050493221134307
277142.5929865772,2772815.0255234903,20.050309105662414
277600.91244966444,2772815.0255234903,20.054213283375084
278059.2319127517,2772815.0255234903,20.06206066308137
278517.5513758389,2772815.0255234903,20.073697983596805
278975.8708389262,2772815.0255234903,20.088966941021557
279434.1903020134,2772815.0255234903,20.10770768693724
279892.50976510067,2772815.0255234903,20.12976260552726
280350.8292281879,2772815.0255234903,20.15498018213325
280809.14869127516,2772815.0255234903,20.18321864901375
281267.4681543624,2772815.0255234903,20.21434894184621
281725.78761744965,2772815.0255234903,20.248256332264848
282184.1070805369,2772815.0255234903,20.284839922102872
282642.42654362414,2772815.0255234903,20.324008978507024
283100.7460067114,2772815.0255234903,20.365674797147047
283559.06546979863,2772815.0255234903,20.409736269322547
284017.3849328859,2772815.0255234903,20.456056338532488
284475.7043959731,2772815.0255234903,20.50442459105522
284934.02385906037,2772815.0255234903,20.554497494503718
285392.3433221476,2772815.0255234903,20.605700873130115
285850.66278523486,2772815.0255234903,20.657067301246197
286308.9822483221,2772815.0255234903,20.706965126888967
286767.30171140935,2772815.0255234903,20.75267648284026
287225.6211744966,2772815.0255234903,20.78990161756765
287683.9406375839,2772815.0255234903,20.81277223213033
288142.26010067115,2772815.0255234903,20.81570592005169
288600.5795637584,2772815.0255234903,20.796976704540064
289058.89902684564,2772815.0255234903,20.759769900674943
289517.2184899329,2772815.0255234903,20.709026501163258
289975.53795302013,2772815.0255234903,20.648424383888546
290433.8574161074,2772815.0255234903,20.579571535871327
290892.1768791946,2772815.0255234903,20.502239414905443
291350.49634228187,2772815.0255234903,20.414675297521434
291808.8158053691,2772815.0255234903,20.313790014838716
292267.13526845636,2772815.0255234903,20.195329735759728
292725.4547315436,2772815.0255234903,20.054248176323377
293183.77419463085,2772815.0255234903,19.88550417674808
293642.0936577181,2772815.0255234903,19.685313541878834
294100.41312080534,2772815.0255234903,19.452433140318895
294558.7325838926,2772815.0255234903,19.188724548961492
295017.05204697984,2772815.0255234903,18.898599889780243
295475.3715100671,2772815.0255234903,18.587771247233707
295933.6909731543,2772815.0255234903,18.26210288871344
296392.0104362416,2772815.0255234903,17.92708970475224
296850.3298993288,2772815.0255234903,17.5881814315315
297308.64936241606,2772815.0255234903,17.252449981102245
297766.96882550337,2772815.0255234903,16.933811966078217
298225.2882885906,2772815.0255234903,16.669045904755546
298683.60775167786,2772815.0255234903,16.53559920508557
299141.9272147651,2772815.0255234903,16.559102668664142
299600.24667785235,2772815.0255234903,16.673794540215752
300058.5661409396,2772815.0255234903,16.838730794281698
300516.88560402684,2772815.0255234903,17.02540369244891
300975.2050671141,2772815.0255234903,17.199620133539007
301433.52453020134,2772815.0255234903,17.33647668696987
301891.8439932886,2772815.0255234903,17.562507001671047
302350.1634563758,2772815.0255234903,18.178003777052112
302808.4829194631,2772815.0255234903,18.775073792128726
303266.8023825503,2772815.0255234903,19.122292131696405
303725.12184563756,2772815.0255234903,18.957939158808426
304183.4413087248,2772815.0255234903,18.799006468912623
304641.76077181206,2772815.0255234903,18.650555019663354
305100.0802348993,2772815.0255234903,18.514707239280543
305558.39969798655,2772815.0255234903,18.392271415049013
306016.7191610738,2772815.0255234903,18.283315124052784
306475.03862416104,2772815.0255234903,18.18765106049869
306933.3580872483,2772815.0255234903,18.10532205653156
307391.67755033553,2772815.0255234903,18.037151138467493
307849.9970134228,2772815.0255234903,17.985263701903627
308308.31647651,2772815.0255234903,17.952788007563147
308766.63593959727,2772815.0255234903,17.94142133201515
309224.9554026845,2772815.0255234903,17.948856559401452
309683.27486577176,2772815.0255234903,17.97028671476107
310141.594328859,2772815.0255234903,18.001387415401318
310599.9137919463,2772815.0255234903,18.039243014974655
311058.23325503356,2772815.0255234903,18.082026987113796
311516.5527181208,2772815.0255234903,18.128571142660743
311974.87218120805,2772815.0255234903,18.17808193024223
312433.1916442953,2772815.0255234903,18.229968857669782
312891.51110738254,2772815.0255234903,18.283720264812075
313349.8305704698,2772815.0255234903,18.338753557569113
313808.15003355703,2772815.0255234903,18.394069548094844
314266.4694966443,2772815.0255234903,18.44701126261725
314724.7889597315,2772815.0255234903,18.48862395962986
315183.10842281877,2772815.0255234903,18.50497011166733
315641.427885906,2772815.0255234903,18.50462250425469
316099.74734899326,2772815.0255234903,18.49956515941987
316558.0668120805,2772815.0255234903,18.493445480862025
267059.5647986577,2773052.639335571,19.945005303477252
267517.88426174497,2773052.639335571,20.011474173013553
267976.2037248322,2773052.639335571,20.08044334031083
268434.52318791946,2773052.639335571,20.151826570309925
268892.8426510067,2773052.639335571,20.225180206590927
269351.16211409395,2773052.639335571,20.299027871431104
269809.4815771812,2773052.639335571,20.368349075422213
270267.80104026844,2773052.639335571,20.415583733057808
270726.1205033557,2773052.639335571,20.412637549781287
271184.43996644294,2773052.639335571,20.37510473737285
271642.7594295302,2773052.639335571,20.32883212332257
272101.0788926174,2773052.639335571,20.28259089532042
272559.3983557047,2773052.639335571,20.239063060657543
273017.7178187919,2773052.639335571,20.19924196644601
273476.03728187917,2773052.639335571,20.16355486509028
273934.3567449664,2773052.639335571,20.13219810839461
274392.67620805366,2773052.639335571,20.10525636641926
274850.9956711409,2773052.639335571,20.082751221235448
275309.3151342282,2773052.639335571,20.064663243983148
275767.63459731545,2773052.639335571,20.050943087599055
276225.9540604027,2773052.639335571,20.04151774344909
276684.27352348994,2773052.639335571,20.03629462723031
277142.5929865772,2773052.639335571,20.03516473510227
277600.91244966444,2773052.639335571,20.0380054825979
278059.2319127517,2773052.639335571,20.044683543631805
278517.5513758389,2773052.639335571,20.055057857039134
278975.8708389262,2773052.639335571,20.068982878928523
279434.1903020134,2773052.639335571,20.0863120883593
279892.50976510067,2773052.639335571,20.10690167871829
280350.8292281879,2773052.639335571,20.13061427627584
280809.14869127516,2773052.639335571,20.157322417686842
281267.4681543624,2773052.639335571,20.186911392936228
281725.78761744965,2773052.639335571,20.219280925144535
282184.1070805369,2773052.639335571,20.25434501416881
282642.42654362414,2773052.639335571,20.292029098884676
283100.7460067114,2773052.639335571,20.33226343615407
283559.06546979863,2773052.639335571,20.374971123978046
284017.3849328859,2773052.639335571,20.42004825317201
284475.7043959731,2773052.639335571,20.467331744620605
284934.02385906037,2773052.639335571,20.51654648452486
285392.3433221476,2773052.639335571,20.567215279339997
285850.66278523486,2773052.639335571,20.618498684679707
286308.9822483221,2773052.639335571,20.668900291610345
286767.30171140935,2773052.639335571,20.715728858043487
287225.6211744966,2773052.639335571,20.75424713357316
287683.9406375839,2773052.639335571,20.77706343471195
288142.26010067115,2773052.639335571,20.776209913655126
288600.5795637584,2773052.639335571,20.749220122337285
289058.89902684564,2773052.639335571,20.70119783839839
289517.2184899329,2773052.639335571,20.63907422206413
289975.53795302013,2773052.639335571,20.56730373053481
290433.8574161074,2773052.639335571,20.487556910912417
290892.1768791946,2773052.639335571,20.399488053586744
291350.49634228187,2773052.639335571,20.301294210318257
291808.8158053691,2773052.639335571,20.19001996726522
292267.13526845636,2773052.639335571,20.06180409163727
292725.4547315436,2773052.639335571,19.912271504234656
293183.77419463085,2773052.639335571,19.737218374576205
293642.0936577181,2773052.639335571,19.53356301145892
294100.41312080534,2773052.639335571,19.300246428865563
294558.7325838926,2773052.639335571,19.038603021736062
295017.05204697984,2773052.639335571,18.751962750693636
295475.3715100671,2773052.639335571,18.44473744384467
295933.6909731543,2773052.639335571,18.121497800613863
296392.0104362416,2773052.639335571,17.786417257909022
296850.3298993288,2773052.639335571,17.443263478842088
297308.64936241606,2773052.639335571,17.096281920216217
297766.96882550337,2773052.639335571,16.75386986407537
298225.2882885906,2773052.639335571,16.446969306323524
298683.60775167786,2773052.639335571,16.295278448946803
299141.9272147651,2773052.639335571,16.348103784730984
299600.24667785235,2773052.639335571,16.480486026981726
300058.5661409396,2773052.639335571,16.660002928128037
300516.88560402684,2773052.639335571,16.8654895009429
300975.2050671141,2773052.639335571,17.060081890587536
301433.52453020134,2773052.639335571,17.225870404360485
301891.8439932886,2773052.639335571,17.4982627904802
302350.1634563758,2773052.639335571,18.085741107766722
302808.4829194631,2773052.639335571,18.65456261568614
303266.8023825503,2773052.639335571,18.96883161375987
303725.12184563756,2773052.639335571,18.898124943901717
304183.4413087248,2773052.639335571,18.766876498154407
304641.76077181206,2773052.639335571,18.63249127668396
305100.0802348993,2773052.639335571,18.504969387961893
305558.39969798655,2773052.639335571,18.387723941781687
306016.7191610738,2773052.639335571,18.282173071028293
306475.03862416104,2773052.639335571,18.189004712793302
306933.3580872483,2773052.639335571,18.108851208435503
307391.67755033553,2773052.639335571,18.04280346616529
307849.9970134228,2773052.639335571,17.992704702597482
308308.31647651,2773052.639335571,17.960719623279747
308766.63593959727,2773052.639335571,17.9477509786608
309224.9554026845,2773052.639335571,17.95206279052266
309683.27486577176,2773052.639335571,17.97008886487721
310141.594328859,2773052.639335571,17.998252057380334
310599.9137919463,2773052.639335571,18.033841274770435
311058.23325503356,2773052.639335571,18.075002276191622
311516.5527181208,2773052.639335571,18.120486194825492
311974.87218120805,2773052.639335571,18.16943183284813
312433.1916442953,2773052.639335571,18.22121917358792
312891.51110738254,2773052.639335571,18.275369506327756
313349.8305704698,2773052.639335571,18.33145380214624
313808.15003355703,2773052.639335571,18.3889204922483
314266.4694966443,2773052.639335571,18.446354946027185
314724.7889597315,2773052.639335571,18.495148085327855
315183.10842281877,2773052.639335571,18.507006892737454
315641.427885906,2773052.639335571,18.501371984604248
316099.74734899326,2773052.639335571,18.49393770591424
316558.0668120805,2773052.639335571,18.486697250382395
317016.38627516775,2773052.639335571,18.479965932794663
267976.2037248322,2773290.253147651,20.064390389591185
268434.52318791946,2773290.253147651,20.133365819782764
268892.8426510067,2773290.253147651,20.203126414104833
269351.16211409395,2773290.253147651,20.271291956944726
269809.4815771812,2773290.253147651,20.331692678474163
270267.80104026844,2773290.253147651,20.37019018397724
270726.1205033557,2773290.253147651,20.371738756006682
271184.43996644294,2773290.253147651,20.34416830961853
271642.7594295302,2773290.253147651,20.30474782019063
272101.0788926174,2773290.253147651,20.262708555408
272559.3983557047,2773290.253147651,20.221817635014308
273017.7178187919,2773290.253147651,20.183685525343552
273476.03728187917,2773290.253147651,20.149067041599686
273934.3567449664,2773290.253147651,20.11833943797074
274392.67620805366,2773290.253147651,20.091692931013124
274850.9956711409,2773290.253147651,20.06921420435014
275309.3151342282,2773290.253147651,20.05092632391393
275767.63459731545,2773290.253147651,20.036809420782824
276225.9540604027,2773290.253147651,20.02681234921764
276684.27352348994,2773290.253147651,20.020859935669677
277142.5929865772,2773290.253147651,20.018858044057048
277600.91244966444,2773290.253147651,20.020697589383662
278059.2319127517,2773290.253147651,20.02625810105109
278517.5513758389,2773290.253147651,20.035411162304264
278975.8708389262,2773290.253147651,20.04802389491064
279434.1903020134,2773290.253147651,20.063962551348972
279892.50976510067,2773290.253147651,20.083096186320716
280350.8292281879,2773290.253147651,20.105300288479658
280809.14869127516,2773290.253147651,20.130460155774845
281267.4681543624,2773290.253147651,20.158473694406055
281725.78761744965,2773290.253147651,20.189253215250247
282184.1070805369,2773290.253147651,20.222725691448566
282642.42654362414,2773290.253147651,20.25883080996136
283100.7460067114,2773290.253147651,20.297515949085692
283559.06546979863,2773290.253147651,20.3387268324346
284017.3849328859,2773290.253147651,20.38239181773665
284475.7043959731,2773290.253147651,20.42839609463338
284934.02385906037,2773290.253147651,20.47653842920921
285392.3433221476,2773290.253147651,20.5264550273682
285850.66278523486,2773290.253147651,20.57747656037899
286308.9822483221,2773290.253147651,20.628340857953862
286767.30171140935,2773290.253147651,20.676586631369293
287225.6211744966,2773290.253147651,20.71731412437691
287683.9406375839,2773290.253147651,20.741432926483128
288142.26010067115,2773290.253147651,20.737206768574897
288600.5795637584,2773290.253147651,20.700853457433393
289058.89902684564,2773290.253147651,20.640872419279773
289517.2184899329,2773290.253147651,20.566926548711653
289975.53795302013,2773290.253147651,20.484089267681856
290433.8574161074,2773290.253147651,20.39387129236
290892.1768791946,2773290.253147651,20.295706899198453
291350.49634228187,2773290.253147651,20.187716384430715
291808.8158053691,2773290.253147651,20.067070933518135
292267.13526845636,2773290.253147651,19.930264902067783
292725.4547315436,2773290.253147651,19.773488504466474
293183.77419463085,2773290.253147651,19.593198778657406
293642.0936577181,2773290.253147651,19.386841060187745
294100.41312080534,2773290.253147651,19.153488269907335
294558.7325838926,2773290.253147651,18.89408588242114
295017.05204697984,2773290.253147651,18.611154036004702
295475.3715100671,2773290.253147651,18.308101184163277
295933.6909731543,2773290.253147651,17.988472938936226
296392.0104362416,2773290.253147651,17.655393477393794
296850.3298993288,2773290.253147651,17.31130630084364
297308.64936241606,2773290.253147651,16.9580972425537
297766.96882550337,2773290.253147651,16.598215427852278
298225.2882885906,2773290.253147651,16.243789320989595
298683.60775167786,2773290.253147651,16.062855431838965
299141.9272147651,2773290.253147651,16.164359289080583
299600.24667785235,2773290.253147651,16.307635650819584
300058.5661409396,2773290.253147651,16.50069446731232
300516.88560402684,2773290.253147651,16.731947863559977
300975.2050671141,2773290.253147651,16.956823167743124
301433.52453020134,2773290.253147651,17.175047165770007
301891.8439932886,2773290.253147651,17.49747637499147
302350.1634563758,2773290.253147651,18.004969428479086
302808.4829194631,2773290.253147651,18.50141755549912
303266.8023825503,2773290.253147651,18.786873194015627
303725.12184563756,2773290.253147651,18.799460661660603
304183.4413087248,2773290.253147651,18.71064615639065
304641.76077181206,2773290.253147651,18.598081816314014
305100.0802348993,2773290.253147651,18.483291244231555
305558.39969798655,2773290.253147651,18.37405123047532
306016.7191610738,2773290.253147651,18.273854667372643
306475.03862416104,2773290.253147651,18.18456539893958
306933.3580872483,2773290.253147651,18.107510890025495
307391.67755033553,2773290.253147651,18.04407421827202
307849.9970134228,2773290.253147651,17.995918319192395
308308.31647651,2773290.253147651,17.964619842135313
308766.63593959727,2773290.253147651,17.95066897984837
309224.9554026845,2773290.253147651,17.952712899272292
309683.27486577176,2773290.253147651,17.968030033397927
310141.594328859,2773290.253147651,17.99367425139235
310599.9137919463,2773290.253147651,18.027198029523866
311058.23325503356,2773290.253147651,18.066792342687158
311516.5527181208,2773290.253147651,18.11117042896337
311974.87218120805,2773290.253147651,18.159417244361872
312433.1916442953,2773290.253147651,18.21087227941171
312891.51110738254,2773290.253147651,18.265049582122252
313349.8305704698,2773290.253147651,18.321583716131247
313808.15003355703,2773290.253147651,18.38018663870199
314266.4694966443,2773290.253147651,18.440566734903193
314724.7889597315,2773290.253147651,18.500705213542574
315183.10842281877,2773290.253147651,18.503685192494814
315641.427885906,2773290.253147651,18.494144178388222
316099.74734899326,2773290.253147651,18.48557704103123
316558.0668120805,2773290.253147651,18.477967761891154
317016.38627516775,2773290.253147651,18.47117295608514
268434.52318791946,2773527.8669597316,20.111920415328907
268892.8426510067,2773527.8669597316,20.177572849290062
269351.16211409395,2773527.8669597316,20.239888176860948
269809.4815771812,2773527.8669597316,20.292727687634287
270267.80104026844,2773527.8669597316,20.325575810244576
270726.1205033557,2773527.8669597316,20.329775768653057
271184.43996644294,2773527.8669597316,20.309694976584026
271642.7594295302,2773527.8669597316,20.27680980324939
272101.0788926174,2773527.8669597316,20.23935284049791
272559.3983557047,2773527.8669597316,20.201562650407084
273017.7178187919,2773527.8669597316,20.165523973510748
273476.03728187917,2773527.8669597316,20.132302008081822
273934.3567449664,2773527.8669597316,20.102465555294277
274392.67620805366,2773527.8669597316,20.076324462082493
274850.9956711409,2773527.8669597316,20.054042549569896
275309.3151342282,2773527.8669597316,20.035694642527485
275767.63459731545,2773527.8669597316,20.02129721543934
276225.9540604027,2773527.8669597316,20.01082597190402
276684.27352348994,2773527.8669597316,20.00422669894815
277142.5929865772,2773527.8669597316,20.001422574654995
277600.91244966444,2773527.8669597316,20.002319596294406
278059.2319127517,2773527.8669597316,20.006811036987507
278517.5513758389,2773527.8669597316,20.014781436515783
278975.8708389262,2773527.8669597316,20.026110402515624
279434.1903020134,2773527.8669597316,20.040676351978313
279892.50976510067,2773527.8669597316,20.05836021398399
280350.8292281879,2773527.8669597316,20.07904902015815
280809.14869127516,2773527.8669597316,20.102639219864557
281267.4681543624,2773527.8669597316,20.129039470856373
281725.78761744965,2773527.8669597316,20.15817257438562
282184.1070805369,2773527.8669597316,20.189976145286288
282642.42654362414,2773527.8669597316,20.224401519749176
283100.7460067114,2773527.8669597316,20.261410269692657
283559.06546979863,2773527.8669597316,20.300967429525528
284017.3849328859,2773527.8669597316,20.34302997191735
284475.7043959731,2773527.8669597316,20.38752780918738
284934.02385906037,2773527.8669597316,20.434331747310434
285392.3433221476,2773527.8669597316,20.48319609364678
285850.66278523486,2773527.8669597316,20.533646684512647
286308.9822483221,2773527.8669597316,20.58473903875798
286767.30171140935,2773527.8669597316,20.63447760024428
287225.6211744966,2773527.8669597316,20.678313096297245
287683.9406375839,2773527.8669597316,20.705696719863816
288142.26010067115,2773527.8669597316,20.698831842703083
288600.5795637584,2773527.8669597316,20.651341905868364
289058.89902684564,2773527.8669597316,20.578064796893486
289517.2184899329,2773527.8669597316,20.492081959818723
289975.53795302013,2773527.8669597316,20.398543442057885
290433.8574161074,2773527.8669597316,20.298474866158635
290892.1768791946,2773527.8669597316,20.190984102444673
291350.49634228187,2773527.8669597316,20.074094788714994
291808.8158053691,2773527.8669597316,19.945098659897127
292267.13526845636,2773527.8669597316,19.800811745484786
292725.4547315436,2773527.8669597316,19.637904531632593
293183.77419463085,2773527.8669597316,19.453367328391668
293642.0936577181,2773527.8669597316,19.24505791218033
294100.41312080534,2773527.8669597316,19.012160629967596
294558.7325838926,2773527.8669597316,18.755349603556713
295017.05204697984,2773527.8669597316,18.47656099012002
295475.3715100671,2773527.8669597316,18.178471618237854
295933.6909731543,2773527.8669597316,17.86389605923251
296392.0104362416,2773527.8669597316,17.535282563953544
296850.3298993288,2773527.8669597316,17.194380954100136
297308.64936241606,2773527.8669597316,16.84207031912043
297766.96882550337,2773527.8669597316,16.47831789923913
298225.2882885906,2773527.8669597316,16.102428663543947
298683.60775167786,2773527.8669597316,15.89520165903972
299141.9272147651,2773527.8669597316,16.02807459211636
299600.24667785235,2773527.8669597316,16.161915339224677
300058.5661409396,2773527.8669597316,16.364339219971864
300516.88560402684,2773527.8669597316,16.627239156728535
300975.2050671141,2773527.8669597316,16.884332157671555
301433.52453020134,2773527.8669597316,17.14661115786286
301891.8439932886,2773527.8669597316,17.486710886765607
302350.1634563758,2773527.8669597316,17.9316154655892
302808.4829194631,2773527.8669597316,18.357964769212348
303266.8023825503,2773527.8669597316,18.622023299869362
303725.12184563756,2773527.8669597316,18.684672588669898
304183.4413087248,2773527.8669597316,18.637717849293317
304641.76077181206,2773527.8669597316,18.550372695671353
305100.0802348993,2773527.8669597316,18.45111879351554
305558.39969798655,2773527.8669597316,18.35195178209392
306016.7191610738,2773527.8669597316,18.258638999419937
306475.03862416104,2773527.8669597316,18.174348179631956
306933.3580872483,2773527.8669597316,18.10115546593711
307391.67755033553,2773527.8669597316,18.04076965742049
307849.9970134228,2773527.8669597316,17.9947852480092
308308.31647651,2773527.8669597316,17.96445001766763
308766.63593959727,2773527.8669597316,17.95005965203736
309224.9554026845,2773527.8669597316,17.950546269625825
309683.27486577176,2773527.8669597316,17.96378589146778
310141.594328859,2773527.8669597316,17.9873457627607
310599.9137919463,2773527.8669597316,18.01905129111526
311058.23325503356,2773527.8669597316,18.05718218832609
311516.5527181208,2773527.8669597316,18.10044605761492
311974.87218120805,2773527.8669597316,18.147884565989248
312433.1916442953,2773527.8669597316,18.198782267177496
312891.51110738254,2773527.8669597316,18.25259456797276
313349.8305704698,2773527.8669597316,18.308888757520368
313808.15003355703,2773527.8669597316,18.367270072003244
314266.4694966443,2773527.8669597316,18.427118529982053
314724.7889597315,2773527.8669597316,18.48321379579613
315183.10842281877,2773527.8669597316,18.490221656376654
315641.427885906,2773527.8669597316,18.482080907885123
316099.74734899326,2773527.8669597316,18.474209300697918
316558.0668120805,2773527.8669597316,18.46713765857858
317016.38627516775,2773527.8669597316,18.460817574993836
317474.705738255,2773527.8669597316,18.455130522889448
268892.8426510067,2773765.480771812,20.149380276216366
269351.16211409395,2773765.480771812,20.206167796816032
269809.4815771812,2773765.480771812,20.2528631016693
270267.80104026844,2773765.480771812,20.281809542288855
270726.1205033557,2773765.480771812,20.287702736099405
271184.43996644294,2773765.480771812,20.273199141666602
271642.7594295302,2773765.480771812,20.246081269976692
272101.0788926174,2773765.480771812,20.2131762647406
272559.3983557047,2773765.480771812,20.178703895919167
273017.7178187919,2773765.480771812,20.145022131832082
273476.03728187917,2773765.480771812,20.113442232801255
273934.3567449664,2773765.480771812,20.084708926925778
274392.67620805366,2773765.480771812,20.059251805578576
274850.9956711409,2773765.480771812,20.037316294374577
275309.3151342282,2773765.480771812,20.01903399546636
275767.63459731545,2773765.480771812,20.00446212147238
276225.9540604027,2773765.480771812,19.993606723961427
276684.27352348994,2773765.480771812,19.986437176804657
277142.5929865772,2773765.480771812,19.982895830542912
277600.91244966444,2773765.480771812,19.982904965609823
278059.2319127517,2773765.480771812,19.986372236302724
278517.5513758389,2773765.480771812,19.993195286441882
278975.8708389262,2773765.480771812,20.003265922966925
279434.1903020134,2773765.480771812,20.01647404969023
279892.50976510067,2773765.480771812,20.032711435341895
280350.8292281879,2773765.480771812,20.051875289940106
280809.14869127516,2773765.480771812,20.07387153860066
281267.4681543624,2773765.480771812,20.098617608156047
281725.78761744965,2773765.480771812,20.12604447950472
282184.1070805369,2773765.480771812,20.156097706825463
282642.42654362414,2773765.480771812,20.188737056204303
283100.7460067114,2773765.480771812,20.22393434801606
283559.06546979863,2773765.480771812,20.261668947230596
284017.3849328859,2773765.480771812,20.301920021805483
284475.7043959731,2773765.480771812,20.344653933989157
284934.02385906037,2773765.480771812,20.389803344575824
285392.3433221476,2773765.480771812,20.437230186172375
285850.66278523486,2773765.480771812,20.486652737408694
286308.9822483221,2773765.480771812,20.537480948242187
286767.30171140935,2773765.480771812,20.58837820431305
287225.6211744966,2773765.480771812,20.635857865594815
287683.9406375839,2773765.480771812,20.669219576541604
288142.26010067115,2773765.480771812,20.661123942922035
288600.5795637584,2773765.480771812,20.599470296516422
289058.89902684564,2773765.480771812,20.511632161547375
289517.2184899329,2773765.480771812,20.413886517540405
289975.53795302013,2773765.480771812,20.31037243634691
290433.8574161074,2773765.480771812,20.20129151008384
290892.1768791946,2773765.480771812,20.085364754355766
291350.49634228187,2773765.480771812,19.960526189605506
291808.8158053691,2773765.480771812,19.824193834040507
292267.13526845636,2773765.480771812,19.673481588789667
292725.4547315436,2773765.480771812,19.505476700230734
293183.77419463085,2773765.480771812,19.31761314750032
293642.0936577181,2773765.480771812,19.10808855616431
294100.41312080534,2773765.480771812,18.876198581780425
294558.7325838926,2773765.480771812,18.622448623828834
295017.05204697984,2773765.480771812,18.348381615587382
295475.3715100671,2773765.480771812,18.056187558927192
295933.6909731543,2773765.480771812,17.748243379703727
296392.0104362416,2773765.480771812,17.426729555124197
296850.3298993288,2773765.480771812,17.09343466189189
297308.64936241606,2773765.480771812,16.74993076201019
297766.96882550337,2773765.480771812,16.39906896272105
298225.2882885906,2773765.480771812,16.05692441040501
298683.60775167786,2773765.480771812,15.879710665034601
299141.9272147651,2773765.480771812,15.952229117547105
299600.24667785235,2773765.480771812,16.052250700806503
300058.5661409396,2773765.480771812,16.25863508967025
300516.88560402684,2773765.480771812,16.554012324508033
300975.2050671141,2773765.480771812,16.83663092815558
301433.52453020134,2773765.480771812,17.126440301205207
301891.8439932886,2773765.480771812,17.467472112425742
302350.1634563758,2773765.480771812,17.863772243052328
302808.4829194631,2773765.480771812,18.23327118176342
303266.8023825503,2773765.480771812,18.47790080421375
303725.12184563756,2773765.480771812,18.568525994972273
304183.4413087248,2773765.480771812,18.555655600653516
304641.76077181206,2773765.480771812,18.492987999176187
305100.0802348993,2773765.480771812,18.410293129807485
305558.39969798655,2773765.480771812,18.322380205841032
306016.7191610738,2773765.480771812,18.23698730650272
306475.03862416104,2773765.480771812,18.158519223327087
306933.3580872483,2773765.480771812,18.089783330618936
307391.67755033553,2773765.480771812,18.032830324033956
307849.9970134228,2773765.480771812,17.989275971468288
308308.31647651,2773765.480771812,17.960210876246535
308766.63593959727,2773765.480771812,17.945864115577187
309224.9554026845,2773765.480771812,17.945396770370706
309683.27486577176,2773765.480771812,17.957124412439303
310141.594328859,2773765.480771812,17.97902696480831
310599.9137919463,2773765.480771812,18.009186664925217
311058.23325503356,2773765.480771812,18.045992823897574
311516.5527181208,2773765.480771812,18.088168855653873
311974.87218120805,2773765.480771812,18.134720509532592
312433.1916442953,2773765.480771812,18.184863586528937
312891.51110738254,2773765.480771812,18.237946999186246
313349.8305704698,2773765.480771812,18.29335058281983
313808.15003355703,2773765.480771812,18.3502495523239
314266.4694966443,2773765.480771812,18.406632177855208
314724.7889597315,2773765.480771812,18.453196867516457
315183.10842281877,2773765.480771812,18.46799611134253
315641.427885906,2773765.480771812,18.465364831441313
316099.74734899326,2773765.480771812,18.45988007113434
316558.0668120805,2773765.480771812,18.454222016538086
317016.38627516775,2773765.480771812,18.448906130047593
317474.705738255,2773765.480771812,18.444008031466065
317933.02520134224,2773765.480771812,18.43948647822598
269809.4815771812,2774003.0945838927,20.21281029911029
270267.80104026844,2774003.0945838927,20.238903448613563
270726.1205033557,2774003.0945838927,20.245931322514846
271184.43996644294,2774003.0945838927,20.23562644601742
271642.7594295302,2774003.0945838927,20.213414987469278
272101.0788926174,2774003.0945838927,20.18478572977292
272559.3983557047,2774003.0945838927,20.153653166410944
273017.7178187919,2774003.0945838927,20.122463030756705
273476.03728187917,2774003.0945838927,20.0926886966881
273934.3567449664,2774003.0945838927,20.06521780552007
274392.67620805366,2774003.0945838927,20.040588542747614
274850.9956711409,2774003.0945838927,20.01912557582834
275309.3151342282,2774003.0945838927,20.00101818356914
275767.63459731545,2774003.0945838927,19.986366190809182
276225.9540604027,2774003.0945838927,19.97520792146826
276684.27352348994,2774003.0945838927,19.967537958599838
277142.5929865772,2774003.0945838927,19.96331903133817
277600.91244966444,2774003.0945838927,19.96249047468493
278059.2319127517,2774003.0945838927,19.964974676964285
278517.5513758389,2774003.0945838927,19.970682345809784
278975.8708389262,2774003.0945838927,19.97951707913449
279434.1903020134,2774003.0945838927,19.99137951235321
279892.50976510067,2774003.0945838927,20.00617116794458
280350.8292281879,2774003.0945838927,20.023798026947187
280809.14869127516,2774003.0945838927,20.044173758898356
281267.4681543624,2774003.0945838927,20.067222481170145
281725.78761744965,2774003.0945838927,20.092880869661197
282184.1070805369,2774003.0945838927,20.121099410357754
282642.42654362414,2774003.0945838927,20.15184256226308
283100.7460067114,2774003.0945838927,20.18508758570134
283559.06546979863,2774003.0945838927,20.22082175079157
284017.3849328859,2774003.0945838927,20.25903752659768
284475.7043959731,2774003.0945838927,20.299725049590748
284934.02385906037,2774003.0945838927,20.342860410288832
285392.3433221476,2774003.0945838927,20.388386334172473
285850.66278523486,2774003.0945838927,20.43617629652221
286308.9822483221,2774003.0945838927,20.485955133888453
286767.30171140935,2774003.0945838927,20.53707808288125
287225.6211744966,2774003.0945838927,20.5876984638086
287683.9406375839,2774003.0945838927,20.63003919431754
288142.26010067115,2774003.0945838927,20.623766331282823
288600.5795637584,2774003.0945838927,20.54268816045068
289058.89902684564,2774003.0945838927,20.440007983433684
289517.2184899329,2774003.0945838927,20.331612680149966
289975.53795302013,2774003.0945838927,20.21927988194043
290433.8574161074,2774003.0945838927,20.102241037388875
290892.1768791946,2774003.0945838927,19.97887317400043
291350.49634228187,2774003.0945838927,19.847070457581367
291808.8158053691,2774003.0945838927,19.704400936632265
292267.13526845636,2774003.0945838927,19.548265713743596
292725.4547315436,2774003.0945838927,19.376124972826894
293183.77419463085,2774003.0945838927,19.185795657304464
293642.0936577181,2774003.0945838927,18.975771441048533
294100.41312080534,2774003.0945838927,18.74547143075209
294558.7325838926,2774003.0945838927,18.495321986409433
295017.05204697984,2774003.0945838927,18.226633381982122
295475.3715100671,2774003.0945838927,17.941321301103926
295933.6909731543,2774003.0945838927,17.64158973939825
296392.0104362416,2774003.0945838927,17.329719429631403
296850.3298993288,2774003.0945838927,17.00815760697208
297308.64936241606,2774003.0945838927,16.680414754247476
297766.96882550337,2774003.0945838927,16.354920451523014
298225.2882885906,2774003.0945838927,16.063169504969757
298683.60775167786,2774003.0945838927,15.91059232874646
299141.9272147651,2774003.0945838927,15.932103551927003
299600.24667785235,2774003.0945838927,16.00750643733838
300058.5661409396,2774003.0945838927,16.210085242353077
300516.88560402684,2774003.0945838927,16.51418505372023
300975.2050671141,2774003.0945838927,16.809550460270614
301433.52453020134,2774003.0945838927,17.111837932083482
301891.8439932886,2774003.0945838927,17.44473745533442
302350.1634563758,2774003.0945838927,17.80203881846715
302808.4829194631,2774003.0945838927,18.126983166579127
303266.8023825503,2774003.0945838927,18.35319710681789
303725.12184563756,2774003.0945838927,18.45815643965776
304183.4413087248,2774003.0945838927,18.47036598748854
304641.76077181206,2774003.0945838927,18.42939315986667
305100.0802348993,2774003.0945838927,18.36276059450243
305558.39969798655,2774003.0945838927,18.286421055431862
306016.7191610738,2774003.0945838927,18.209480511742896
306475.03862416104,2774003.0945838927,18.137357284021146
306933.3580872483,2774003.0945838927,18.07350239818368
307391.67755033553,2774003.0945838927,18.0202940041998
307849.9970134228,2774003.0945838927,17.97942531428438
308308.31647651,2774003.0945838927,17.95193715603878
308766.63593959727,2774003.0945838927,17.938065945603288
309224.9554026845,2774003.0945838927,17.93716554183561
309683.27486577176,2774003.0945838927,17.947886123154245
310141.594328859,2774003.0945838927,17.96853909342604
310599.9137919463,2774003.0945838927,17.99743655014186
311058.23325503356,2774003.0945838927,18.03308299831474
311516.5527181208,2774003.0945838927,18.074230247918578
311974.87218120805,2774003.0945838927,18.11985362089796
312433.1916442953,2774003.0945838927,18.169091310383802
312891.51110738254,2774003.0945838927,18.221155075791142
313349.8305704698,2774003.0945838927,18.27517291461772
313808.15003355703,2774003.0945838927,18.329797310032216
314266.4694966443,2774003.0945838927,18.381926458714677
314724.7889597315,2774003.0945838927,18.42300932650711
315183.10842281877,2774003.0945838927,18.4418909624174
315641.427885906,2774003.0945838927,18.445052152410387
316099.74734899326,2774003.0945838927,18.44292960363531
316558.0668120805,2774003.0945838927,18.439364438694554
317016.38627516775,2774003.0945838927,18.43551127041387
317474.705738255,2774003.0945838927,18.431724143083272
317933.02520134224,2774003.0945838927,18.428092598650036
270267.80104026844,2774240.7083959733,20.19685138617926
270726.1205033557,2774240.7083959733,20.204657999581766
271184.43996644294,2774240.7083959733,20.19756222439976
271642.7594295302,2774240.7083959733,20.17945688208002
272101.0788926174,2774240.7083959733,20.154708377524507
272559.3983557047,2774240.7083959733,20.126801218810453
273017.7178187919,2774240.7083959733,20.098130940872487
273476.03728187917,2774240.7083959733,20.07025070808438
273934.3567449664,2774240.7083959733,20.04415008374966
274392.67620805366,2774240.7083959733,20.020457204131592
274850.9956711409,2774240.7083959733,19.999568241360468
275309.3151342282,2774240.7083959733,19.981727469876425
275767.63459731545,2774240.7083959733,19.96707686080621
276225.9540604027,2774240.7083959733,19.955687403815325
276684.27352348994,2774240.7083959733,19.947579503436693
277142.5929865772,2774240.7083959733,19.942736800813734
277600.91244966444,2774240.7083959733,19.941116005866075
278059.2319127517,2774240.7083959733,19.94265429134275
278517.5513758389,2774240.7083959733,19.94727518782026
278975.8708389262,2774240.7083959733,19.954893546091387
279434.1903020134,2774240.7083959733,19.96541989719813
279892.50976510067,2774240.7083959733,19.97876438221416
280350.8292281879,2774240.7083959733,19.994840311539157
280809.14869127516,2774240.7083959733,20.013567330239773
281267.4681543624,2774240.7083959733,20.034874104513094
281725.78761744965,2774240.7083959733,20.05870040252463
282184.1070805369,2774240.7083959733,20.084998420541055
282642.42654362414,2774240.7083959733,20.11373320154635
283100.7460067114,2774240.7083959733,20.144882004505014
283559.06546979863,2774240.7083959733,20.17843249952371
284017.3849328859,2774240.7083959733,20.214379672429644
284475.7043959731,2774240.7083959733,20.25272129666031
284934.02385906037,2774240.7083959733,20.293451722395442
285392.3433221476,2774240.7083959733,20.336553422845846
285850.66278523486,2774240.7083959733,20.38198484981424
286308.9822483221,2774240.7083959733,20.429660225315164
286767.30171140935,2774240.7083959733,20.479404678293847
287225.6211744966,2774240.7083959733,20.530794591786552
287683.9406375839,2774240.7083959733,20.581903072865458
288142.26010067115,2774240.7083959733,20.583958200186103
288600.5795637584,2774240.7083959733,20.476374905556526
289058.89902684564,2774240.7083959733,20.361461844132332
289517.2184899329,2774240.7083959733,20.244614943448966
289975.53795302013,2774240.7083959733,20.125038165999825
290433.8574161074,2774240.7083959733,20.0012748095
290892.1768791946,2774240.7083959733,19.87153489380388
291350.49634228187,2774240.7083959733,19.733767949863118
291808.8158053691,2774240.7083959733,19.585733883177067
292267.13526845636,2774240.7083959733,19.425122898552875
292725.4547315436,2774240.7083959733,19.249740649432947
293183.77419463085,2774240.7083959733,19.05774763372805
293642.0936577181,2774240.7083959733,18.84790902456612
294100.41312080534,2774240.7083959733,18.6197857738794
294558.7325838926,2774240.7083959733,18.373802047566183
295017.05204697984,2774240.7083959733,18.111167438937308
295475.3715100671,2774240.7083959733,17.833697743327598
295933.6909731543,2774240.7083959733,17.543636981998123
296392.0104362416,2774240.7083959733,17.24363566932489
296850.3298993288,2774240.7083959733,16.937158337860186
297308.64936241606,2774240.7083959733,16.630024823358045
297766.96882550337,2774240.7083959733,16.335340003640386
298225.2882885906,2774240.7083959733,16.087655021248615
298683.60775167786,2774240.7083959733,15.953889876622306
299141.9272147651,2774240.7083959733,15.952402029206766
299600.24667785235,2774240.7083959733,16.03059506295002
300058.5661409396,2774240.7083959733,16.22248051070886
300516.88560402684,2774240.7083959733,16.505135074642478
300975.2050671141,2774240.7083959733,16.799908561410128
301433.52453020134,2774240.7083959733,17.103039044851272
301891.8439932886,2774240.7083959733,17.422625541136018
302350.1634563758,2774240.7083959733,17.747483852117995
302808.4829194631,2774240.7083959733,18.03696242176279
303266.8023825503,2774240.7083959733,18.24568647819652
303725.12184563756,2774240.7083959733,18.356425140185518
304183.4413087248,2774240.7083959733,18.385762095220414
304641.76077181206,2774240.7083959733,18.362452142625784
305100.0802348993,2774240.7083959733,18.310332806788285
305558.39969798655,2774240.7083959733,18.245166869250284
306016.7191610738,2774240.7083959733,18.176753178617073
306475.03862416104,2774240.7083959733,18.11121188377716
306933.3580872483,2774240.7083959733,18.052496584111182
307391.67755033553,2774240.7083959733,18.00326647618167
307849.9970134228,2774240.7083959733,17.965314453431972
308308.31647651,2774240.7083959733,17.9396918905954
308766.63593959727,2774240.7083959733,17.926681798553002
309224.9554026845,2774240.7083959733,17.925803445501533
309683.27486577176,2774240.7083959733,17.935968570371212
310141.594328859,2774240.7083959733,17.955755749825624
310599.9137919463,2774240.7083959733,17.983677003529444
311058.23325503356,2774240.7083959733,18.018348460050035
311516.5527181208,2774240.7083959733,18.05855672471748
311974.87218120805,2774240.7083959733,18.1032518841567
312433.1916442953,2774240.7083959733,18.151493467590974
312891.51110738254,2774240.7083959733,18.202349196803212
313349.8305704698,2774240.7083959733,18.25469848120346
313808.15003355703,2774240.7083959733,18.30678310218743
314266.4694966443,2774240.7083959733,18.355131358286343
314724.7889597315,2774240.7083959733,18.393069719760483
315183.10842281877,2774240.7083959733,18.4144072039456
315641.427885906,2774240.7083959733,18.42235284585532
316099.74734899326,2774240.7083959733,18.423859561307868
316558.0668120805,2774240.7083959733,18.4228016248038
317016.38627516775,2774240.7083959733,18.420759880809094
317474.705738255,2774240.7083959733,18.418354599206324
317933.02520134224,2774240.7083959733,18.41582227216107
318391.3446644295,2774240.7083959733,18.413239695808546
270726.1205033557,2774478.322208054,20.163982633699586
271184.43996644294,2774478.322208054,20.15937402983324
271642.7594295302,2774478.322208054,20.144683071071935
272101.0788926174,2774478.322208054,20.123382703553013
272559.3983557047,2774478.322208054,20.098501891247274
273017.7178187919,2774478.322208054,20.072298697786323
273476.03728187917,2774478.322208054,20.046337251946227
273934.3567449664,2774478.322208054,20.021667633376484
274392.67620805366,2774478.322208054,19.998985582453304
274850.9956711409,2774478.322208054,19.978747424912136
275309.3151342282,2774478.322208054,19.961246963657178
275767.63459731545,2774478.322208054,19.946665860782836
276225.9540604027,2774478.322208054,19.93510678363021
276684.27352348994,2774478.322208054,19.9266156197095
277142.5929865772,2774478.322208054,19.921196802587342
277600.91244966444,2774478.322208054,19.918824289918433
278059.2319127517,2774478.322208054,19.919449784847146
278517.5513758389,2774478.322208054,19.92300919679034
278975.8708389262,2774478.322208054,19.929427960675923
279434.1903020134,2774478.322208054,19.938625588665104
279892.50976510067,2774478.322208054,19.95051966285576
280350.8292281879,2774478.322208054,19.965029360832173
280809.14869127516,2774478.322208054,19.982078521284823
281267.4681543624,2774478.322208054,20.001598195869303
281725.78761744965,2774478.322208054,20.023528592478453
282184.1070805369,2774478.322208054,20.04782029272324
282642.42654362414,2774478.322208054,20.07443462103069
283100.7460067114,2774478.322208054,20.103343050847478
283559.06546979863,2774478.322208054,20.13452554845333
284017.3849328859,2774478.322208054,20.167967766595673
284475.7043959731,2774478.322208054,20.203656993169563
284934.02385906037,2774478.322208054,20.241576708150788
285392.3433221476,2774478.322208054,20.281699445104316
285850.66278523486,2774478.322208054,20.323977209255883
286308.9822483221,2774478.322208054,20.368327263271144
286767.30171140935,2774478.322208054,20.41460510240729
287225.6211744966,2774478.322208054,20.46252003575922
287683.9406375839,2774478.322208054,20.51098593830272
288142.26010067115,2774478.322208054,20.51149139690529
288600.5795637584,2774478.322208054,20.39527569842219
289058.89902684564,2774478.322208054,20.27476151799125
289517.2184899329,2774478.322208054,20.152533256460412
289975.53795302013,2774478.322208054,20.027561060927955
290433.8574161074,2774478.322208054,19.898408006425395
290892.1768791946,2774478.322208054,19.763395537705563
291350.49634228187,2774478.322208054,19.62065394415871
291808.8158053691,2774478.322208054,19.46818855960533
292267.13526845636,2774478.322208054,19.303989701804447
292725.4547315436,2774478.322208054,19.126193168030497
293183.77419463085,2774478.322208054,18.93327851589096
293642.0936577181,2774478.322208054,18.724270056468534
294100.41312080534,2774478.322208054,18.498890734710077
294558.7325838926,2774478.322208054,18.25762599187006
295017.05204697984,2774478.322208054,18.00168872004477
295475.3715100671,2774478.322208054,17.732927548774608
295933.6909731543,2774478.322208054,17.45377491511205
296392.0104362416,2774478.322208054,17.16739696543254
296850.3298993288,2774478.322208054,16.878347067508223
297308.64936241606,2774478.322208054,16.594401175027386
297766.96882550337,2774478.322208054,16.33105943398328
298225.2882885906,2774478.322208054,16.119550463751747
298683.60775167786,2774478.322208054,16.003556665696347
299141.9272147651,2774478.322208054,15.996659057551852
299600.24667785235,2774478.322208054,16.079146298340508
300058.5661409396,2774478.322208054,16.26033723175449
300516.88560402684,2774478.322208054,16.519217911742754
300975.2050671141,2774478.322208054,16.80451527897839
301433.52453020134,2774478.322208054,17.10052828706416
301891.8439932886,2774478.322208054,17.403913164493478
302350.1634563758,2774478.322208054,17.700832281840523
302808.4829194631,2774478.322208054,17.961077112119614
303266.8023825503,2774478.322208054,18.153109509509562
303725.12184563756,2774478.322208054,18.26407559564818
304183.4413087248,2774478.322208054,18.304115846032914
304641.76077181206,2774478.322208054,18.294277965938157
305100.0802348993,2774478.322208054,18.25453463402672
305558.39969798655,2774478.322208054,18.199620663507307
306016.7191610738,2774478.322208054,18.139433730576673
306475.03862416104,2774478.322208054,18.080463470523938
306933.3580872483,2774478.322208054,18.026995383462552
307391.67755033553,2774478.322208054,17.98189782383822
307849.9970134228,2774478.322208054,17.947056841377115
308308.31647651,2774478.322208054,17.923560534481695
308766.63593959727,2774478.322208054,17.91175437049253
309224.9554026845,2774478.322208054,17.911299082053898
309683.27486577176,2774478.322208054,17.92131431197038
310141.594328859,2774478.322208054,17.940594754418274
310599.9137919463,2774478.322208054,17.967823326351677
311058.23325503356,2774478.322208054,18.00171942538469
311516.5527181208,2774478.322208054,18.041107129647386
311974.87218120805,2774478.322208054,18.08491733724591
312433.1916442953,2774478.322208054,18.132138165490574
312891.51110738254,2774478.322208054,18.18170834132088
313349.8305704698,2774478.322208054,18.232310874486096
313808.15003355703,2774478.322208054,18.28196471579609
314266.4694966443,2774478.322208054,18.32732617125873
314724.7889597315,2774478.322208054,18.363412411311256
315183.10842281877,2774478.322208054,18.386470822045204
315641.427885906,2774478.322208054,18.398199732642947
316099.74734899326,2774478.322208054,18.4031900558792
316558.0668120805,2774478.322208054,18.40481571390741
317016.38627516775,2774478.322208054,18.404814886101512
317474.705738255,2774478.322208054,18.40400074440767
317933.02520134224,2774478.322208054,18.40274323031414
318391.3446644295,2774478.322208054,18.401203653086636
318849.66412751673,2774478.322208054,18.399444883471997
271642.7594295302,2774715.9360201345,20.109441037631427
272101.0788926174,2774715.9360201345,20.091163953773393
272559.3983557047,2774715.9360201345,20.069065295672623
273017.7178187919,2774715.9360201345,20.0452194716198
273476.03728187917,2774715.9360201345,20.021150324734123
273934.3567449664,2774715.9360201345,19.99793148541603
274392.67620805366,2774715.9360201345,19.976303377317258
274850.9956711409,2774715.9360201345,19.956769233238234
275309.3151342282,2774715.9360201345,19.939665020618587
275767.63459731545,2774715.9360201345,19.92520809698116
276225.9540604027,2774715.9360201345,19.91353066172154
276684.27352348994,2774715.9360201345,19.904702906347524
277142.5929865772,2774715.9360201345,19.898749337856703
277600.91244966444,2774715.9360201345,19.895660612671108
278059.2319127517,2774715.9360201345,19.895402418512244
278517.5513758389,2774715.9360201345,19.89792240347118
278975.8708389262,2774715.9360201345,19.90315579309058
279434.1903020134,2774715.9360201345,19.91103009488544
279892.50976510067,2774715.9360201345,19.92146912307625
280350.8292281879,2774715.9360201345,19.934396457637867
280809.14869127516,2774715.9360201345,19.949738365083295
281267.4681543624,2774715.9360201345,19.9674261446366
281725.78761744965,2774715.9360201345,19.987397817401984
282184.1070805369,2774715.9360201345,20.009599043799014
282642.42654362414,2774715.9360201345,20.033983130456477
283100.7460067114,2774715.9360201345,20.060509961946096
283559.06546979863,2774715.9360201345,20.089143645801222
284017.3849328859,2774715.9360201345,20.119848552036867
284475.7043959731,2774715.9360201345,20.152583174779416
284934.02385906037,2774715.9360201345,20.187290631061234
285392.3433221476,2774715.9360201345,20.223883043894514
285850.66278523486,2774715.9360201345,20.262212613169936
286308.9822483221,2774715.9360201345,20.302007585950257
286767.30171140935,2774715.9360201345,20.34269252992847
287225.6211744966,2774715.9360201345,20.382693704389624
287683.9406375839,2774715.9360201345,20.41515826429356
288142.26010067115,2774715.9360201345,20.39739016237199
288600.5795637584,2774715.9360201345,20.298887443607413
289058.89902684564,2774715.9360201345,20.179905307794588
289517.2184899329,2774715.9360201345,20.055452521800905
289975.53795302013,2774715.9360201345,19.926953397826555
290433.8574161074,2774715.9360201345,19.79374108833105
290892.1768791946,2774715.9360201345,19.654533972540296
291350.49634228187,2774715.9360201345,19.507769285368408
291808.8158053691,2774715.9360201345,19.35175232397337
292267.13526845636,2774715.9360201345,19.1847883936747
292725.4547315436,2774715.9360201345,19.00533572984942
293183.77419463085,2774715.9360201345,18.81217805148096
293642.0936577181,2774715.9360201345,18.6045933557595
294100.41312080534,2774715.9360201345,18.382485205081096
294558.7325838926,2774715.9360201345,18.146449991093345
295017.05204697984,2774715.9360201345,17.89778084847864
295475.3715100671,2774715.9360201345,17.638450200494155
295933.6909731543,2774715.9360201345,17.37116175827483
296392.0104362416,2774715.9360201345,17.099627823748317
296850.3298993288,2774715.9360201345,16.829346553928172
297308.64936241606,2774715.9360201345,16.56937198982121
297766.96882550337,2774715.9360201345,16.335656456982
298225.2882885906,2774715.9360201345,16.154486600309173
298683.60775167786,2774715.9360201345,16.056081150264653
299141.9272147651,2774715.9360201345,16.05231992306385
299600.24667785235,2774715.9360201345,16.136879743962087
300058.5661409396,2774715.9360201345,16.308534321102858
300516.88560402684,2774715.9360201345,16.548122986296235
300975.2050671141,2774715.9360201345,16.820076937477594
301433.52453020134,2774715.9360201345,17.10434732290377
301891.8439932886,2774715.9360201345,17.390191940743804
302350.1634563758,2774715.9360201345,17.662342165916694
302808.4829194631,2774715.9360201345,17.89749990309247
303266.8023825503,2774715.9360201345,18.07340241718591
303725.12184563756,2774715.9360201345,18.180824226037792
304183.4413087248,2774715.9360201345,18.226529811957054
304641.76077181206,2774715.9360201345,18.226266464905432
305100.0802348993,2774715.9360201345,18.19653702730429
305558.39969798655,2774715.9360201345,18.150631297539483
306016.7191610738,2774715.9360201345,18.098097215591412
306475.03862416104,2774715.9360201345,18.045489270898084
306933.3580872483,2774715.9360201345,17.99724785880148
307391.67755033553,2774715.9360201345,17.95636317160117
307849.9970134228,2774715.9360201345,17.924786646098568
308308.31647651,2774715.9360201345,17.903645205831058
308766.63593959727,2774715.9360201345,17.893346622459784
309224.9554026845,2774715.9360201345,17.893670111559114
309683.27486577176,2774715.9360201345,17.903901578197168
310141.594328859,2774715.9360201345,17.923010785193796
310599.9137919463,2774715.9360201345,17.949825102105855
311058.23325503356,2774715.9360201345,17.983156905299087
311516.5527181208,2774715.9360201345,18.021868540247105
311974.87218120805,2774715.9360201345,18.06487905040194
312433.1916442953,2774715.9360201345,18.111119139432212
312891.51110738254,2774715.9360201345,18.15942817844301
313349.8305704698,2774715.9360201345,18.20836513978826
313808.15003355703,2774715.9360201345,18.255893875123444
314266.4694966443,2774715.9360201345,18.299019515815733
314724.7889597315,2774715.9360201345,18.334024007387985
315183.10842281877,2774715.9360201345,18.358443150819294
315641.427885906,2774715.9360201345,18.3732051118825
316099.74734899326,2774715.9360201345,18.381373760967456
316558.0668120805,2774715.9360201345,18.385692404718046
317016.38627516775,2774715.9360201345,18.387856160178128
317474.705738255,2774715.9360201345,18.388780399031365
317933.02520134224,2774715.9360201345,18.38893665961975
318391.3446644295,2774715.9360201345,18.38856165494322
318849.66412751673,2774715.9360201345,18.387770557516692
272101.0788926174,2774953.549832215,20.058335594007954
272559.3983557047,2774953.549832215,20.038757183269386
273017.7178187919,2774953.549832215,20.017122360949287
273476.03728187917,2774953.549832215,19.994880302392733
273934.3567449664,2774953.549832215,19.97309802220437
274392.67620805366,2774953.549832215,19.952539323039407
274850.9956711409,2774953.549832215,19.933740651559305
275309.3151342282,2774953.549832215,19.917071733060915
275767.63459731545,2774953.549832215,19.90278056473299
276225.9540604027,2774953.549832215,19.89102583923921
276684.27352348994,2774953.549832215,19.881900177171413
277142.5929865772,2774953.549832215,19.87544691963295
277600.91244966444,2774953.549832215,19.871672494819133
278059.2319127517,2774953.549832215,19.870555762521935
278517.5513758389,2774953.549832215,19.872055289038087
278975.8708389262,2774953.549832215,19.876115184114933
279434.1903020134,2774953.549832215,19.882669905239474
279892.50976510067,2774953.549832215,19.89164827298444
280350.8292281879,2774953.549832215,19.902976823017177
280809.14869127516,2774953.549832215,19.91658253159107
281267.4681543624,2774953.549832215,19.932394882502393
281725.78761744965,2774953.549832215,19.950347187516527
282184.1070805369,2774953.549832215,19.97037702153039
282642.42654362414,2774953.549832215,19.99242557643946
283100.7460067114,2774953.549832215,20.016435651937257
283559.06546979863,2774953.549832215,20.042347843661297
284017.3849328859,2774953.549832215,20.070094166766697
284475.7043959731,2774953.549832215,20.09958765507716
284934.02385906037,2774953.549832215,20.130704876305863
285392.3433221476,2774953.549832215,20.163254356367077
285850.66278523486,2774953.549832215,20.196913170332195
286308.9822483221,2774953.549832215,20.231080905142274
286767.30171140935,2774953.549832215,20.26448147380808
287225.6211744966,2774953.549832215,20.293835738387827
287683.9406375839,2774953.549832215,20.308646679716848
288142.26010067115,2774953.549832215,20.279387893222324
288600.5795637584,2774953.549832215,20.19228951567066
289058.89902684564,2774953.549832215,20.07820333412195
289517.2184899329,2774953.549832215,19.953919576474338
289975.53795302013,2774953.549832215,19.823518033901383
290433.8574161074,2774953.549832215,19.68746520041295
290892.1768791946,2774953.549832215,19.545068072929887
291350.49634228187,2774953.549832215,19.39516680099644
291808.8158053691,2774953.549832215,19.236410605277367
292267.13526845636,2774953.549832215,19.067432911949105
292725.4547315436,2774953.549832215,18.887010034122508
293183.77419463085,2774953.549832215,18.69422023128894
293642.0936577181,2774953.549832215,18.48859274992236
294100.41312080534,2774953.549832215,18.27022664710622
294558.7325838926,2774953.549832215,18.039865255806234
295017.05204697984,2774953.549832215,17.79893383970449
295475.3715100671,2774953.549832215,17.54958139300902
295933.6909731543,2774953.549832215,17.294808913046474
296392.0104362416,2774953.549832215,17.038819732171273
296850.3298993288,2774953.549832215,16.787801872818406
297308.64936241606,2774953.549832215,16.551407202552504
297766.96882550337,2774953.549832215,16.344877415249343
298225.2882885906,2774953.549832215,16.189875139289498
298683.60775167786,2774953.549832215,16.108574864035173
299141.9272147651,2774953.549832215,16.111551336511063
299600.24667785235,2774953.549832215,16.197428677593685
300058.5661409396,2774953.549832215,16.361172008808886
300516.88560402684,2774953.549832215,16.585575237936776
300975.2050671141,2774953.549832215,16.843541483867767
301433.52453020134,2774953.549832215,17.114074744174268
301891.8439932886,2774953.549832215,17.382166757319084
302350.1634563758,2774953.549832215,17.63188171881572
302808.4829194631,2774953.549832215,17.844664169097808
303266.8023825503,2774953.549832215,18.004717285957987
303725.12184563756,2774953.549832215,18.10588414116482
304183.4413087248,2774953.549832215,18.153320656420505
304641.76077181206,2774953.549832215,18.159207875611685
305100.0802348993,2774953.549832215,18.13715132081042
305558.39969798655,2774953.549832215,18.098860472619002
306016.7191610738,2774953.549832215,18.053233082014454
306475.03862416104,2774953.549832215,18.00663690514477
306933.3580872483,2774953.549832215,17.963501776678783
307391.67755033553,2774953.549832215,17.926847303369982
307849.9970134228,2774953.549832215,17.898649208017353
308308.31647651,2774953.549832215,17.880059319340322
308766.63593959727,2774953.549832215,17.871536857679725
309224.9554026845,2774953.549832215,17.87295664120777
309683.27486577176,2774953.549832215,17.883736901240802
310141.594328859,2774953.549832215,17.90298891369048
310599.9137919463,2774953.549832215,17.929661162580192
311058.23325503356,2774953.549832215,17.962648461409806
311516.5527181208,2774953.549832215,18.000851480399703
311974.87218120805,2774953.549832215,18.04318580886643
312433.1916442953,2774953.549832215,18.088542782165447
312891.51110738254,2774953.549832215,18.135698061670794
313349.8305704698,2774953.549832215,18.183156587241555
313808.15003355703,2774953.549832215,18.228940902811182
314266.4694966443,2774953.549832215,18.27045656252597
314724.7889597315,2774953.549832215,18.304881276852743
315183.10842281877,2774953.549832215,18.330478595149746
315641.427885906,2774953.549832215,18.34774953126312
316099.74734899326,2774953.549832215,18.358768798835573
316558.0668120805,2774953.549832215,18.365693825989094
317016.38627516775,2774953.549832215,18.37006455851469
317474.705738255,2774953.549832215,18.372819112928592
317933.02520134224,2774953.549832215,18.374492355671986
318391.3446644295,2774953.549832215,18.375380433881226
318849.66412751673,2774953.549832215,18.375644963017724
319307.983590604,2774953.549832215,18.375374422411006
272559.3983557047,2775191.1636442957,20.007801887913548
273017.7178187919,2775191.1636442957,19.98821087710374
273476.03728187917,2775191.1636442957,19.967703122477335
273934.3567449664,2775191.1636442957,19.947316198929865
274392.67620805366,2775191.1636442957,19.927818872069388
274850.9956711409,2775191.1636442957,19.90976773875183
275309.3151342282,2775191.1636442957,19.89355756471253
275767.63459731545,2775191.1636442957,19.87946132741091
276225.9540604027,2775191.1636442957,19.86766055486092
276684.27352348994,2775191.1636442957,19.858267887769603
277142.5929865772,2775191.1636442957,19.851343837092944
277600.91244966444,2775191.1636442957,19.846909354584046
278059.2319127517,2775191.1636442957,19.84495542773097
278517.5513758389,2775191.1636442957,19.8454505630269
278975.8708389262,2775191.1636442957,19.848346751967647
279434.1903020134,2775191.1636442957,19.853584312125424
279892.50976510067,2775191.1636442957,19.86109584460606
280350.8292281879,2775191.1636442957,19.87080943429052
280809.14869127516,2775191.1636442957,19.882651128802394
281267.4681543624,2775191.1636442957,19.896546656768777
281725.78761744965,2775191.1636442957,19.912422276617274
282184.1070805369,2775191.1636442957,19.93020457207784
282642.42654362414,2775191.1636442957,19.949818910177257
283100.7460067114,2775191.1636442957,19.971186115275685
283559.06546979863,2775191.1636442957,19.99421661571477
284017.3849328859,2775191.1636442957,20.01880073403365
284475.7043959731,2775191.1636442957,20.044792571193792
284934.02385906037,2775191.1636442957,20.071982243522406
285392.3433221476,2775191.1636442957,20.100044886436184
285850.66278523486,2775191.1636442957,20.128438660109513
286308.9822483221,2775191.1636442957,20.156178946105605
286767.30171140935,2775191.1636442957,20.181279855239538
287225.6211744966,2775191.1636442957,20.19924226247288
287683.9406375839,2775191.1636442957,20.199281142769987
288142.26010067115,2775191.1636442957,20.162126749026317
288600.5795637584,2775191.1636442957,20.080701806372737
289058.89902684564,2775191.1636442957,19.971614607453013
289517.2184899329,2775191.1636442957,19.848807020099994
289975.53795302013,2775191.1636442957,19.717718102485627
290433.8574161074,2775191.1636442957,19.579850979791043
290892.1768791946,2775191.1636442957,19.4351529706896
291350.49634228187,2775191.1636442957,19.282913583390837
291808.8158053691,2775191.1636442957,19.122150861679128
292267.13526845636,2775191.1636442957,18.951833148783777
292725.4547315436,2775191.1636442957,18.771050283940333
293183.77419463085,2775191.1636442957,18.579167393813364
293642.0936577181,2775191.1636442957,18.37596279335588
294100.41312080534,2775191.1636442957,18.161740858971903
294558.7325838926,2775191.1636442957,17.937414941504272
295017.05204697984,2775191.1636442957,17.70457230901352
295475.3715100671,2775191.1636442957,17.46555939671751
295933.6909731543,2775191.1636442957,17.223657759398517
296392.0104362416,2775191.1636442957,16.983456810238202
296850.3298993288,2775191.1636442957,16.751556615691104
297308.64936241606,2775191.1636442957,16.537675727791804
297766.96882550337,2775191.1636442957,16.355809632527407
298225.2882885906,2775191.1636442957,16.223809388779173
298683.60775167786,2775191.1636442957,16.158728935413972
299141.9272147651,2775191.1636442957,16.169759263001662
299600.24667785235,2775191.1636442957,16.257139246770933
300058.5661409396,2775191.1636442957,16.414779882466675
300516.88560402684,2775191.1636442957,16.627309591979955
300975.2050671141,2775191.1636442957,16.872328610342784
301433.52453020134,2775191.1636442957,17.128990811556353
301891.8439932886,2775191.1636442957,17.37994578174119
302350.1634563758,2775191.1636442957,17.60903928611321
302808.4829194631,2775191.1636442957,17.80117175207014
303266.8023825503,2775191.1636442957,17.94537274064779
303725.12184563756,2775191.1636442957,18.03820952723906
304183.4413087248,2775191.1636442957,18.08428364407912
304641.76077181206,2775191.1636442957,18.093412385257427
305100.0802348993,2775191.1636442957,18.076859209219037
305558.39969798655,2775191.1636442957,18.04477491849604
306016.7191610738,2775191.1636442957,18.005227469483167
306475.03862416104,2775191.1636442957,17.96420638344266
306933.3580872483,2775191.1636442957,17.925988134420273
307391.67755033553,2775191.1636442957,17.893532879996265
307849.9970134228,2775191.1636442957,17.86879336081257
308308.31647651,2775191.1636442957,17.85292284109684
308766.63593959727,2775191.1636442957,17.846414508561985
309224.9554026845,2775191.1636442957,17.849216011498463
309683.27486577176,2775191.1636442957,17.860849211450155
310141.594328859,2775191.1636442957,17.88053902026928
310599.9137919463,2775191.1636442957,17.90733478581418
311058.23325503356,2775191.1636442957,17.94020384806738
311516.5527181208,2775191.1636442957,17.978085093865293
311974.87218120805,2775191.1636442957,18.01989951150279
312433.1916442953,2775191.1636442957,18.06451832997107
312891.51110738254,2775191.1636442957,18.11068827386191
313349.8305704698,2775191.1636442957,18.156916395313974
313808.15003355703,2775191.1636442957,18.201346787600606
314266.4694966443,2775191.1636442957,18.241759486707696
314724.7889597315,2775191.1636442957,18.275959787149596
315183.10842281877,2775191.1636442957,18.302646891749525
315641.427885906,2775191.1636442957,18.322067967665806
316099.74734899326,2775191.1636442957,18.335644715525643
316558.0668120805,2775191.1636442957,18.345046028737233
317016.38627516775,2775191.1636442957,18.351610884717367
317474.705738255,2775191.1636442957,18.356242917792592
317933.02520134224,2775191.1636442957,18.35950425689459
318391.3446644295,2775191.1636442957,18.361731762793006
318849.66412751673,2775191.1636442957,18.36312464949337
319307.983590604,2775191.1636442957,18.363802019227144
319766.3030536912,2775191.1636442957,18.36383907561651
273476.03728187917,2775428.7774563762,19.9397789312703
273934.3567449664,2775428.7774563762,19.92072570648848
274392.67620805366,2775428.7774563762,19.90226244131586
274850.9956711409,2775428.7774563762,19.88495414571823
275309.3151342282,2775428.7774563762,19.869212165248694
275767.63459731545,2775428.7774563762,19.855328591266023
276225.9540604027,2775428.7774563762,19.843503769317067
276684.27352348994,2775428.7774563762,19.833867581463128
277142.5929865772,2775428.7774563762,19.82649572226069
277600.91244966444,2775428.7774563762,19.821422162304586
278059.2319127517,2775428.7774563762,19.818648782064475
278517.5513758389,2775428.7774563762,19.818152920600316
278975.8708389262,2775428.7774563762,19.81989337320815
279434.1903020134,2775428.7774563762,19.82381520071097
279892.50976510067,2775428.7774563762,19.829853576978234
280350.8292281879,2775428.7774563762,19.837936791985708
280809.14869127516,2775428.7774563762,19.84798843642477
281267.4681543624,2775428.7774563762,19.859928711470225
281725.78761744965,2775428.7774563762,19.873674723001848
282184.1070805369,2775428.7774563762,19.8891395174109
282642.42654362414,2775428.7774563762,19.90622946880272
283100.7460067114,2775428.7774563762,19.92483938411228
283559.06546979863,2775428.7774563762,19.944844253582865
284017.3849328859,2775428.7774563762,19.966085733432376
284475.7043959731,2775428.7774563762,19.98834975863954
284934.02385906037,2775428.7774563762,20.011328123707003
285392.3433221476,2775428.7774563762,20.03454897035762
285850.66278523486,2775428.7774563762,20.057242673978767
286308.9822483221,2775428.7774563762,20.078064906131793
286767.30171140935,2775428.7774563762,20.09449296958993
287225.6211744966,2775428.7774563762,20.10153106305762
287683.9406375839,2775428.7774563762,20.08969716608527
288142.26010067115,2775428.7774563762,20.046310640338742
288600.5795637584,2775428.7774563762,19.9672613142912
289058.89902684564,2775428.7774563762,19.86202994460453
289517.2184899329,2775428.7774563762,19.74111257810612
289975.53795302013,2775428.7774563762,19.61011165825064
290433.8574161074,2775428.7774563762,19.471225159487016
290892.1768791946,2775428.7774563762,19.324973227062642
291350.49634228187,2775428.7774563762,19.17108978513614
291808.8158053691,2775428.7774563762,19.008964316201737
292267.13526845636,2775428.7774563762,18.837897859043142
292725.4547315436,2775428.7774563762,18.657286567027032
293183.77419463085,2775428.7774563762,18.466774353209665
293642.0936577181,2775428.7774563762,18.266384874702315
294100.41312080534,2775428.7774563762,18.056632071810437
294558.7325838926,2775428.7774563762,17.83861084175128
295017.05204697984,2775428.7774563762,17.61408212842591
295475.3715100671,2775428.7774563762,17.385586364833774
295933.6909731543,2775428.7774563762,17.156641461719005
296392.0104362416,2775428.7774563762,16.932099169232053
296850.3298993288,2775428.7774563762,16.718723943464884
297308.64936241606,2775428.7774563762,16.525946057005577
297766.96882550337,2775428.7774563762,16.36635519283721
298225.2882885906,2775428.7774563762,16.254780231932703
298683.60775167786,2775428.7774563762,16.20478341281066
299141.9272147651,2775428.7774563762,16.22417763318258
299600.24667785235,2775428.7774563762,16.313581145803578
300058.5661409396,2775428.7774563762,16.466902772355674
300516.88560402684,2775428.7774563762,16.670369896240484
300975.2050671141,2775428.7774563762,16.904333109649617
301433.52453020134,2775428.7774563762,17.14823417605295
301891.8439932886,2775428.7774563762,17.3832733930253
302350.1634563758,2775428.7774563762,17.593219617720358
302808.4829194631,2775428.7774563762,17.76571321097431
303266.8023825503,2775428.7774563762,17.89378525255697
303725.12184563756,2775428.7774563762,17.976601809443842
304183.4413087248,2775428.7774563762,18.018861590574797
304641.76077181206,2775428.7774563762,18.02882145500134
305100.0802348993,2775428.7774563762,18.015858840655092
305558.39969798655,2775428.7774563762,17.988656034944974
306016.7191610738,2775428.7774563762,17.95435779923295
306475.03862416104,2775428.7774563762,17.918440041401617
306933.3580872483,2775428.7774563762,17.884910898022476
307391.67755033553,2775428.7774563762,17.85659201447467
307849.9970134228,2775428.7774563762,17.835365560558884
308308.31647651,2775428.7774563762,17.82235833335781
308766.63593959727,2775428.7774563762,17.818076599131963
309224.9554026845,2775428.7774563762,17.822518616613447
309683.27486577176,2775428.7774563762,17.8352850625402
310141.594328859,2775428.7774563762,17.855691027311853
310599.9137919463,2775428.7774563762,17.88286931055288
311058.23325503356,2775428.7774563762,17.91585087299537
311516.5527181208,2775428.7774563762,17.953612727577923
311974.87218120805,2775428.7774563762,17.995089844800553
312433.1916442953,2775428.7774563762,18.039151547645307
312891.51110738254,2775428.7774563762,18.084545395874716
313349.8305704698,2775428.7774563762,18.129819999098675
313808.15003355703,2775428.7774563762,18.173267629635003
314266.4694966443,2775428.7774563762,18.21299046544819
314724.7889597315,2775428.7774563762,18.247236702390083
315183.10842281877,2775428.7774563762,18.274979827285282
315641.427885906,2775428.7774563762,18.29630755306987
316099.74734899326,2775428.7774563762,18.312199923305048
316558.0668120805,2775428.7774563762,18.32393668445572
317016.38627516775,2775428.7774563762,18.332649722928878
317474.705738255,2775428.7774563762,18.339173062788323
317933.02520134224,2775428.7774563762,18.344066728773452
318391.3446644295,2775428.7774563762,18.34768997177212
318849.66412751673,2775428.7774563762,18.350269435506995
319307.983590604,2775428.7774563762,18.351949564173076
319766.3030536912,2775428.7774563762,18.35282697876495
273934.3567449664,2775666.3912684564,19.893455929140394
274392.67620805366,2775666.3912684564,19.8759841820688
274850.9956711409,2775666.3912684564,19.85939996028775
275309.3151342282,2775666.3912684564,19.844123381340264
275767.63459731545,2775666.3912684564,19.83045989476497
276225.9540604027,2775666.3912684564,19.818624513622588
276684.27352348994,2775666.3912684564,19.80876136761199
277142.5929865772,2775666.3912684564,19.800959129422388
277600.91244966444,2775666.3912684564,19.795263095100214
278059.2319127517,2775666.3912684564,19.791684658275496
278517.5513758389,2775666.3912684564,19.79020878448177
278975.8708389262,2775666.3912684564,19.790799942310446
279434.1903020134,2775666.3912684564,19.793406810984965
279892.50976510067,2775666.3912684564,19.797965965730175
280350.8292281879,2775666.3912684564,19.804404640729345
280809.14869127516,2775666.3912684564,19.812642578457865
281267.4681543624,2775666.3912684564,19.822592885242095
281725.78761744965,2775666.3912684564,19.834161713819473
282184.1070805369,2775666.3912684564,19.847246465069706
282642.42654362414,2775666.3912684564,19.861732009293902
283100.7460067114,2775666.3912684564,19.877484110713468
283559.06546979863,2775666.3912684564,19.894338679240327
284017.3849328859,2775666.3912684564,19.91208443677407
284475.7043959731,2775666.3912684564,19.93043458916688
284934.02385906037,2775666.3912684564,19.948979116233104
285392.3433221476,2775666.3912684564,19.967101125287925
285850.66278523486,2775666.3912684564,19.983823735747155
286308.9822483221,2775666.3912684564,19.997520038669588
286767.30171140935,2775666.3912684564,20.005365201600046
287225.6211744966,2775666.3912684564,20.002423582514734
287683.9406375839,2775666.3912684564,19.980888934429547
288142.26010067115,2775666.3912684564,19.932167911489504
288600.5795637584,2775666.3912684564,19.853618899731888
289058.89902684564,2775666.3912684564,19.75094284588304
289517.2184899329,2775666.3912684564,19.631793320594493
289975.53795302013,2775666.3912684564,19.50128307958664
290433.8574161074,2775666.3912684564,19.36194208653897
290892.1768791946,2775666.3912684564,19.214731399960446
291350.49634228187,2775666.3912684564,19.059784971462065
291808.8158053691,2775666.3912684564,18.896846013560552
292267.13526845636,2775666.3912684564,18.72553648780514
292725.4547315436,2775666.3912684564,18.545547694585988
293183.77419463085,2775666.3912684564,18.356792406924665
293642.0936577181,2775666.3912684564,18.159533353451483
294100.41312080534,2775666.3912684564,17.954492798313183
294558.7325838926,2775666.3912684564,17.742948956248934
295017.05204697984,2775666.3912684564,17.526834032420982
295475.3715100671,2775666.3912684564,17.308862317275306
295933.6909731543,2775666.3912684564,17.092729832086672
296392.0104362416,2775666.3912684564,16.88342966896846
296850.3298993288,2775666.3912684564,16.687695123515194
297308.64936241606,2775666.3912684564,16.514460055243877
297766.96882550337,2775666.3912684564,16.374938608790742
298225.2882885906,2775666.3912684564,16.281577121655786
298683.60775167786,2775666.3912684564,16.245418722451397
299141.9272147651,2775666.3912684564,16.273030062141267
299600.24667785235,2775666.3912684564,16.365006137652824
300058.5661409396,2775666.3912684564,16.51564562268728
300516.88560402684,2775666.3912684564,16.712552682438393
300975.2050671141,2775666.3912684564,16.937802532251773
301433.52453020134,2775666.3912684564,17.170894116851045
301891.8439932886,2775666.3912684564,17.3916977333582
302350.1634563758,2775666.3912684564,17.5837141188419
302808.4829194631,2775666.3912684564,17.73700030230439
303266.8023825503,2775666.3912684564,17.848395726756678
303725.12184563756,2775666.3912684564,17.919746081868592
304183.4413087248,2775666.3912684564,17.956248509202755
304641.76077181206,2775666.3912684564,17.965097542290756
305100.0802348993,2775666.3912684564,17.954115236191797
305558.39969798655,2775666.3912684564,17.93062027057875
306016.7191610738,2775666.3912684564,17.90079682469441
306475.03862416104,2775666.3912684564,17.869519334958262
306933.3580872483,2775666.3912684564,17.840441455070305
307391.67755033553,2775666.3912684564,17.81618091356056
307849.9970134228,2775666.3912684564,17.798505755685248
308308.31647651,2775666.3912684564,17.788487886188175
308766.63593959727,2775666.3912684564,17.78662487986811
309224.9554026845,2775666.3912684564,17.79294455533274
309683.27486577176,2775666.3912684564,17.807104762515856
310141.594328859,2775666.3912684564,17.828490880696286
310599.9137919463,2775666.3912684564,17.856304268795206
311058.23325503356,2775666.3912684564,17.889631689150583
311516.5527181208,2775666.3912684564,17.927488180094926
311974.87218120805,2775666.3912684564,17.968830387278487
312433.1916442953,2775666.3912684564,18.012541410511425
312891.51110738254,2775666.3912684564,18.057392751662917
313349.8305704698,2775666.3912684564,18.101999142634604
313808.15003355703,2775666.3912684564,18.144805668698357
314266.4694966443,2775666.3912684564,18.184181390970927
314724.7889597315,2775666.3912684564,18.21869191341834
315183.10842281877,2775666.3912684564,18.24749127261211
315641.427885906,2775666.3912684564,18.270562571435054
316099.74734899326,2775666.3912684564,18.28857972295999
316558.0668120805,2775666.3912684564,18.302518304117758
317016.38627516775,2775666.3912684564,18.31331707226393
317474.705738255,2775666.3912684564,18.32172270773187
317933.02520134224,2775666.3912684564,18.328271757079563
318391.3446644295,2775666.3912684564,18.333329863305618
318849.66412751673,2775666.3912684564,18.33714093048357
319307.983590604,2775666.3912684564,18.339868765509635
319766.3030536912,2775666.3912684564,18.341628052882932
320224.6225167785,2775666.3912684564,18.342506260358473
274392.67620805366,2775904.005080537,19.849091206126747
274850.9956711409,2775904.005080537,19.83320085966254
275309.3151342282,2775904.005080537,19.81837646595015
275767.63459731545,2775904.005080537,19.80493142148631
276225.9540604027,2775904.005080537,19.793091311565338
276684.27352348994,2775904.005080537,19.783011442050665
277142.5929865772,2775904.005080537,19.774791135662205
277600.91244966444,2775904.005080537,19.76848519862243
278059.2319127517,2775904.005080537,19.764113058975127
278517.5513758389,2775904.005080537,19.761666036712747
278975.8708389262,2775904.005080537,19.761113114664997
279434.1903020134,2775904.005080537,19.762405476853115
279892.50976510067,2775904.005080537,19.765479982352957
280350.8292281879,2775904.005080537,19.770261650399778
280809.14869127516,2775904.005080537,19.776665143124653
281267.4681543624,2775904.005080537,19.784595138203382
281725.78761744965,2775904.005080537,19.79394537185465
282184.1070805369,2775904.005080537,19.804595981380896
282642.42654362414,2775904.005080537,19.816408548288525
283100.7460067114,2775904.005080537,19.82921787079696
283559.06546979863,2775904.005080537,19.842818854652577
284017.3849328859,2775904.005080537,19.856945770866147
284475.7043959731,2775904.005080537,19.871239043542474
284934.02385906037,2775904.005080537,19.885190854176322
285392.3433221476,2775904.005080537,19.898053653877977
285850.66278523486,2775904.005080537,19.908682937356144
286308.9822483221,2775904.005080537,19.915267065000254
286767.30171140935,2775904.005080537,19.91489096415742
287225.6211744966,2775904.005080537,19.90299251080788
287683.9406375839,2775904.005080537,19.87330789202347
288142.26010067115,2775904.005080537,19.81980895062908
288600.5795637584,2775904.005080537,19.740656086302355
289058.89902684564,2775904.005080537,19.639427124317148
289517.2184899329,2775904.005080537,19.52167526760923
289975.53795302013,2775904.005080537,19.39178924040099
290433.8574161074,2775904.005080537,19.25235692070663
290892.1768791946,2775904.005080537,19.104635692397363
291350.49634228187,2775904.005080537,18.94909322375023
291808.8158053691,2775904.005080537,18.7857937975782
292267.13526845636,2775904.005080537,18.61466021754927
292725.4547315436,2775904.005080537,18.435663578149267
293183.77419463085,2775904.005080537,18.248973101947122
293642.0936577181,2775904.005080537,18.055081424961784
294100.41312080534,2775904.005080537,17.854912965986586
294558.7325838926,2775904.005080537,17.649923277467487
295017.05204697984,2775904.005080537,17.442203326211892
295475.3715100671,2775904.005080537,17.234611141639306
295933.6909731543,2775904.005080537,17.030958721664827
296392.0104362416,2775904.005080537,16.836274307089866
296850.3298993288,2775904.005080537,16.657118670378775
297308.64936241606,2775904.005080537,16.50182533273707
297766.96882550337,2775904.005080537,16.380344198497383
298225.2882885906,2775904.005080537,16.303230424811513
298683.60775167786,2775904.005080537,16.27963801216844
299141.9272147651,2775904.005080537,16.315084860224804
299600.24667785235,2775904.005080537,16.41006758848696
300058.5661409396,2775904.005080537,16.559438374807684
300516.88560402684,2775904.005080537,16.75204470248136
300975.2050671141,2775904.005080537,16.971173990800775
301433.52453020134,2775904.005080537,17.196035799883592
301891.8439932886,2775904.005080537,17.40468126882704
302350.1634563758,2775904.005080537,17.579740988112007
302808.4829194631,2775904.005080537,17.713695018533596
303266.8023825503,2775904.005080537,17.807591407524708
303725.12184563756,2775904.005080537,17.866212179702597
304183.4413087248,2775904.005080537,17.895452936698447
304641.76077181206,2775904.005080537,17.901694562826265
305100.0802348993,2775904.005080537,17.891409415882677
305558.39969798655,2775904.005080537,17.870645362730105
306016.7191610738,2775904.005080537,17.84462339559516
306475.03862416104,2775904.005080537,17.817567135309183
306933.3580872483,2775904.005080537,17.79271708546743
307391.67755033553,2775904.005080537,17.772437219757627
307849.9970134228,2775904.005080537,17.758344878269835
308308.31647651,2775904.005080537,17.751430963301267
308766.63593959727,2775904.005080537,17.752163627912193
309224.9554026845,2775904.005080537,17.760580989623975
309683.27486577176,2775904.005080537,17.7763792594593
310141.594328859,2775904.005080537,17.798997211818854
310599.9137919463,2775904.005080537,17.827692078735282
311058.23325503356,2775904.005080537,17.861599627783477
311516.5527181208,2775904.005080537,17.899772706816197
311974.87218120805,2775904.005080537,17.941196027068194
312433.1916442953,2775904.005080537,17.984778958705252
312891.51110738254,2775904.005080537,18.029333385509116
313349.8305704698,2775904.005080537,18.073553302556903
313808.15003355703,2775904.005080537,18.11602951389112
314266.4694966443,2775904.005080537,18.15534877693974
314724.7889597315,2775904.005080537,18.190308559366372
315183.10842281877,2775904.005080537,18.22018665066582
315641.427885906,2775904.005080537,18.244895243620434
316099.74734899326,2775904.005080537,18.264891168336028
316558.0668120805,2775904.005080537,18.280913654491712
317016.38627516775,2775904.005080537,18.293730490643608
317474.705738255,2775904.005080537,18.303995250740684
317933.02520134224,2775904.005080537,18.312207039670042
318391.3446644295,2775904.005080537,18.31872508574297
318849.66412751673,2775904.005080537,18.32380127880827
319307.983590604,2775904.005080537,18.32761273099893
319766.3030536912,2775904.005080537,18.330288440673957
320224.6225167785,2775904.005080537,18.33192945047122
320682.9419798658,2775904.005080537,18.332623627896247
275309.3151342282,2776141.6188926175,19.792053476157072
275767.63459731545,2776141.6188926175,19.778817437629726
276225.9540604027,2776141.6188926175,19.766971681734297
276684.27352348994,2776141.6188926175,19.756679656098203
277142.5929865772,2776141.6188926175,19.748048968842454
277600.91244966444,2776141.6188926175,19.74114206167985
278059.2319127517,2776141.6188926175,19.735984864171716
278517.5513758389,2776141.6188926175,19.73257374509538
278975.8708389262,2776141.6188926175,19.730881037772544
279434.1903020134,2776141.6188926175,19.73085934731243
279892.50976510067,2776141.6188926175,19.732444768971913
280350.8292281879,2776141.6188926175,19.73555906488496
280809.14869127516,2776141.6188926175,19.74011076021386
281267.4681543624,2776141.6188926175,19.745995022589316
281725.78761744965,2776141.6188926175,19.753092067529785
282184.1070805369,2776141.6188926175,19.76126366497261
282642.42654362414,2776141.6188926175,19.77034706983003
283100.7460067114,2776141.6188926175,19.780145296393087
283559.06546979863,2776141.6188926175,19.79041198670672
284017.3849328859,2776141.6188926175,19.800827984129057
284475.7043959731,2776141.6188926175,19.810964767651452
284934.02385906037,2776141.6188926175,19.820226577073715
285392.3433221476,2776141.6188926175,19.827757683875628
285850.66278523486,2776141.6188926175,19.832293918959756
286308.9822483221,2776141.6188926175,19.83193336780338
286767.30171140935,2776141.6188926175,19.823825439034877
287225.6211744966,2776141.6188926175,19.803910154982745
287683.9406375839,2776141.6188926175,19.76719306387337
288142.26010067115,2776141.6188926175,19.70930049896715
288600.5795637584,2776141.6188926175,19.628870126833156
289058.89902684564,2776141.6188926175,19.528226236028846
289517.2184899329,2776141.6188926175,19.411426846215136
289975.53795302013,2776141.6188926175,19.282126878788436
290433.8574161074,2776141.6188926175,19.14280484463391
290892.1768791946,2776141.6188926175,18.994888866891955
291350.49634228187,2776141.6188926175,18.839108089381767
291808.8158053691,2776141.6188926175,18.675806781908637
292267.13526845636,2776141.6188926175,18.50518252042874
292725.4547315436,2776141.6188926175,18.327467225783266
293183.77419463085,2776141.6188926175,18.14307167121456
293642.0936577181,2776141.6188926175,17.952706487450058
294100.41312080534,2776141.6188926175,17.757488007582864
294558.7325838926,2776141.6188926175,17.559037419890497
295017.05204697984,2776141.6188926175,17.359585439274586
295475.3715100671,2776141.6188926175,17.16209909001963
295933.6909731543,2776141.6188926175,16.97044701553833
296392.0104362416,2776141.6188926175,16.789606012719958
296850.3298993288,2776141.6188926175,16.625869612168096
297308.64936241606,2776141.6188926175,16.48693387198704
297766.96882550337,2776141.6188926175,16.381620491816964
298225.2882885906,2776141.6188926175,16.31896674853726
298683.60775167786,2776141.6188926175,16.306674546920515
299141.9272147651,2776141.6188926175,16.34942248412976
299600.24667785235,2776141.6188926175,16.447656899222938
300058.5661409396,2776141.6188926175,16.5968836785521
300516.88560402684,2776141.6188926175,16.787179496924114
300975.2050671141,2776141.6188926175,17.0028965662429
301433.52453020134,2776141.6188926175,17.22266285729794
301891.8439932886,2776141.6188926175,17.421667554896974
302350.1634563758,2776141.6188926175,17.580449593918722
302808.4829194631,2776141.6188926175,17.694313337381548
303266.8023825503,2776141.6188926175,17.769618469000495
303725.12184563756,2776141.6188926175,17.814439963570074
304183.4413087248,2776141.6188926175,17.835339979974155
304641.76077181206,2776141.6188926175,17.837915004677672
305100.0802348993,2776141.6188926175,17.827384519470044
305558.39969798655,2776141.6188926175,17.80859932180482
306016.7191610738,2776141.6188926175,17.78583761641809
306475.03862416104,2776141.6188926175,17.762654130512065
306933.3580872483,2776141.6188926175,17.741842656369702
307391.67755033553,2776141.6188926175,17.72547962521505
307849.9970134228,2776141.6188926175,17.71500377996189
308308.31647651,2776141.6188926175,17.711303128159898
308766.63593959727,2776141.6188926175,17.714798086949067
309224.9554026845,2776141.6188926175,17.725520125163698
309683.27486577176,2776141.6188926175,17.743187673674917
310141.594328859,2776141.6188926175,17.76727861512139
310599.9137919463,2776141.6188926175,17.797095297904125
311058.23325503356,2776141.6188926175,17.831816603466546
311516.5527181208,2776141.6188926175,17.870532758406885
311974.87218120805,2776141.6188926175,17.912261441842272
312433.1916442953,2776141.6188926175,17.955947520500267
312891.51110738254,2776141.6188926175,18.000453909067705
313349.8305704698,2776141.6188926175,18.044559046796685
313808.15003355703,2776141.6188926175,18.08698706698227
314266.4694966443,2776141.6188926175,18.126501673266084
314724.7889597315,2776141.6188926175,18.16207327901028
315183.10842281877,2776141.6188926175,18.193067772344254
315641.427885906,2776141.6188926175,18.21934818062762
316099.74734899326,2776141.6188926175,18.241214265670774
316558.0668120805,2776141.6188926175,18.25922149370472
317016.38627516775,2776141.6188926175,18.273990645898774
317474.705738255,2776141.6188926175,18.286083861854785
317933.02520134224,2776141.6188926175,18.295954860643093
318391.3446644295,2776141.6188926175,18.303946960260024
318849.66412751673,2776141.6188926175,18.310312151309947
319307.983590604,2776141.6188926175,18.315235164115474
319766.3030536912,2776141.6188926175,18.318855482644434
320224.6225167785,2776141.6188926175,18.32128523365834
320682.9419798658,2776141.6188926175,18.322623025142793
321141.261442953,2776141.6188926175,18.32296451111685
275767.63459731545,2776379.232704698,19.752189849004964
276225.9540604027,2776379.232704698,19.740331719923237
276684.27352348994,2776379.232704698,19.729827137566843
277142.5929865772,2776379.232704698,19.720789667373936
277600.91244966444,2776379.232704698,19.713287508273343
278059.2319127517,2776379.232704698,19.707351545810074
278517.5513758389,2776379.232704698,19.7029818887967
278975.8708389262,2776379.232704698,19.7001530752864
279434.1903020134,2776379.232704698,19.698818094877012
279892.50976510067,2776379.232704698,19.698911314824635
280350.8292281879,2776379.232704698,19.700350326470698
280809.14869127516,2776379.232704698,19.70303664693684
281267.4681543624,2776379.232704698,19.706855113368455
281725.78761744965,2776379.232704698,19.711671680947273
282184.1070805369,2776379.232704698,19.71732915996667
282642.42654362414,2776379.232704698,19.72364016558494
283100.7460067114,2776379.232704698,19.73037614723342
283559.06546979863,2776379.232704698,19.73725071668379
284017.3849328859,2776379.232704698,19.74389445305526
284475.7043959731,2776379.232704698,19.749816713450915
284934.02385906037,2776379.232704698,19.754347494146806
285392.3433221476,2776379.232704698,19.75654916684728
285850.66278523486,2776379.232704698,19.75508566812293
286308.9822483221,2776379.232704698,19.74804282605003
286767.30171140935,2776379.232704698,19.732730512420847
287225.6211744966,2776379.232704698,19.705610286653418
287683.9406375839,2776379.232704698,19.662686850971753
288142.26010067115,2776379.232704698,19.600688192507654
288600.5795637584,2776379.232704698,19.518558166998485
289058.89902684564,2776379.232704698,19.417850239782183
289517.2184899329,2776379.232704698,19.301568564540286
289975.53795302013,2776379.232704698,19.172718843744814
290433.8574161074,2776379.232704698,19.03358777097812
290892.1768791946,2776379.232704698,18.8856797461629
291350.49634228187,2776379.232704698,18.729918201841393
291808.8158053691,2776379.232704698,18.566883791129598
292267.13526845636,2776379.232704698,18.397019464789512
292725.4547315436,2776379.232704698,18.22079643797628
293183.77419463085,2776379.232704698,18.038850086800128
293642.0936577181,2776379.232704698,17.852094862670967
294100.41312080534,2776379.232704698,17.66182572177119
294558.7325838926,2776379.232704698,17.46981396726627
295017.05204697984,2776379.232704698,17.278407504219956
295475.3715100671,2776379.232704698,17.090646873900567
295933.6909731543,2776379.232704698,16.91040458658198
296392.0104362416,2776379.232704698,16.742539204046942
296850.3298993288,2776379.232704698,16.59301838928082
297308.64936241606,2776379.232704698,16.468902912365937
297766.96882550337,2776379.232704698,16.378020294460832
298225.2882885906,2776379.232704698,16.328173887630516
298683.60775167786,2776379.232704698,16.325929545742977
299141.9272147651,2776379.232704698,16.375315469176563
299600.24667785235,2776379.232704698,16.47680995335103
300058.5661409396,2776379.232704698,16.62665741821934
300516.88560402684,2776379.232704698,16.81626268090068
300975.2050671141,2776379.232704698,17.031231112873222
301433.52453020134,2776379.232704698,17.249602442312565
301891.8439932886,2776379.232704698,17.442115748478695
302350.1634563758,2776379.232704698,17.584871903548382
302808.4829194631,2776379.232704698,17.67707346832419
303266.8023825503,2776379.232704698,17.732482924165637
303725.12184563756,2776379.232704698,17.76272428259442
304183.4413087248,2776379.232704698,17.77466712265155
304641.76077181206,2776379.232704698,17.77296020555345
305100.0802348993,2776379.232704698,17.761589194420687
305558.39969798655,2776379.232704698,17.744270323302594
306016.7191610738,2776379.232704698,17.72437856991906
306475.03862416104,2776379.232704698,17.70480804105625
306933.3580872483,2776379.232704698,17.68789473127551
307391.67755033553,2776379.232704698,17.675409293421783
307849.9970134228,2776379.232704698,17.668593389782647
308308.31647651,2776379.232704698,17.668215567341086
308766.63593959727,2776379.232704698,17.674633498717416
309224.9554026845,2776379.232704698,17.68785774212921
309683.27486577176,2776379.232704698,17.70761539051816
310141.594328859,2776379.232704698,17.73341147722928
310599.9137919463,2776379.232704698,17.76458440683428
311058.23325503356,2776379.232704698,17.80035106732249
311516.5527181208,2776379.232704698,17.839838362641842
311974.87218120805,2776379.232704698,17.88210035978413
312433.1916442953,2776379.232704698,17.926123675524334
312891.51110738254,2776379.232704698,17.97082830842685
313349.8305704698,2776379.232704698,18.015077192887112
313808.15003355703,2776379.232704698,18.05771377331635
314266.4694966443,2776379.232704698,18.097646069736662
314724.7889597315,2776379.232704698,18.13397631986956
315183.10842281877,2776379.232704698,18.166135457692558
315641.427885906,2776379.232704698,18.19395199135402
316099.74734899326,2776379.232704698,18.217610077663775
316558.0668120805,2776379.232704698,18.237521757845908
317016.38627516775,2776379.232704698,18.254183492597157
317474.705738255,2776379.232704698,18.268071813013698
317933.02520134224,2776379.232704698,18.27959158320834
318391.3446644295,2776379.232704698,18.289063713682992
318849.66412751673,2776379.232704698,18.29673398155975
319307.983590604,2776379.232704698,18.30278969968966
319766.3030536912,2776379.232704698,18.307377172359658
320224.6225167785,2776379.232704698,18.31061705804422
320682.9419798658,2776379.232704698,18.312616948184374
321141.261442953,2776379.232704698,18.31348141743209
276225.9540604027,2776616.8465167787,19.71323575924922
276684.27352348994,2776616.8465167787,19.702513964625822
277142.5929865772,2776616.8465167787,19.693069774334376
277600.91244966444,2776616.8465167787,19.68497531038168
278059.2319127517,2776616.8465167787,19.678264893038534
278517.5513758389,2776616.8465167787,19.672941087144398
278975.8708389262,2776616.8465167787,19.668979528354097
279434.1903020134,2776616.8465167787,19.666332616418842
279892.50976510067,2776616.8465167787,19.664932120812068
280350.8292281879,2776616.8465167787,19.66469068420756
280809.14869127516,2776616.8465167787,19.665502133856773
281267.4681543624,2776616.8465167787,19.66724041558031
281725.78761744965,2776616.8465167787,19.66975683909336
282184.1070805369,2776616.8465167787,19.672875147665575
282642.42654362414,2776616.8465167787,19.67638366892358
283100.7460067114,2776616.8465167787,19.680023419483046
283559.06546979863,2776616.8465167787,19.683470454725914
284017.3849328859,2776616.8465167787,19.686309886591296
284475.7043959731,2776616.8465167787,19.68799775778744
284934.02385906037,2776616.8465167787,19.68780542708576
285392.3433221476,2776616.8465167787,19.684739944183065
285850.66278523486,2776616.8465167787,19.677435571738922
286308.9822483221,2776616.8465167787,19.664023344632994
286767.30171140935,2776616.8465167787,19.64202305722481
287225.6211744966,2776616.8465167787,19.608383054882644
287683.9406375839,2776616.8465167787,19.55988202849487
288142.26010067115,2776616.8465167787,19.49400539855724
288600.5795637584,2776616.8465167787,19.409906830292087
289058.89902684564,2776616.8465167787,19.308650549657656
289517.2184899329,2776616.8465167787,19.192496906633842
289975.53795302013,2776616.8465167787,19.06391337304799
290433.8574161074,2776616.8465167787,18.924967948132235
290892.1768791946,2776616.8465167787,18.777177758934318
291350.49634228187,2776616.8465167787,18.62160405846362
291808.8158053691,2776616.8465167787,18.459022114240202
292267.13526845636,2776616.8465167787,18.290089972907403
292725.4547315436,2776616.8465167787,18.11549527757277
293183.77419463085,2776616.8465167787,17.936079708856546
293642.0936577181,2776616.8465167787,17.7529457945604
294100.41312080534,2776616.8465167787,17.56755184028437
294558.7325838926,2776616.8465167787,17.381801606928217
295017.05204697984,2776616.8465167787,17.198136408607407
295475.3715100671,2776616.8465167787,17.01963667102017
295933.6909731543,2776616.8465167787,16.85013413615147
296392.0104362416,2776616.8465167787,16.694319928013783
296850.3298993288,2776616.8465167787,16.557803160755267
297308.64936241606,2776616.8465167787,16.447032343874586
297766.96882550337,2776616.8465167787,16.368961248364688
298225.2882885906,2776616.8465167787,16.330375298003677
298683.60775167786,2776616.8465167787,16.336935594752795
299141.9272147651,2776616.8465167787,16.392171252418073
299600.24667785235,2776616.8465167787,16.4966636763473
300058.5661409396,2776616.8465167787,16.647458295901455
300516.88560402684,2776616.8465167787,16.837451310797025
300975.2050671141,2776616.8465167787,17.054010375427296
301433.52453020134,2776616.8465167787,17.275252495126946
301891.8439932886,2776616.8465167787,17.46550824408103
302350.1634563758,2776616.8465167787,17.59176825151571
302808.4829194631,2776616.8465167787,17.65964582611321
303266.8023825503,2776616.8465167787,17.693849549773
303725.12184563756,2776616.8465167787,17.70921762739458
304183.4413087248,2776616.8465167787,17.712126313355746
304641.76077181206,2776616.8465167787,17.705979382209353
305100.0802348993,2776616.8465167787,17.6935191051233
305558.39969798655,2776616.8465167787,17.67739639249263
306016.7191610738,2776616.8465167787,17.660143180784928
306475.03862416104,2776616.8465167787,17.64402450904684
306933.3580872483,2776616.8465167787,17.63092731957203
307391.67755033553,2776616.8465167787,17.62231261745542
307849.9970134228,2776616.8465167787,17.61921584251685
308308.31647651,2776616.8465167787,17.622275293083874
308766.63593959727,2776616.8465167787,17.631774658048887
309224.9554026845,2776616.8465167787,17.647692207623372
309683.27486577176,2776616.8465167787,17.66975263955535
310141.594328859,2776616.8465167787,17.697478293829036
310599.9137919463,2776616.8465167787,17.73023607461933
311058.23325503356,2776616.8465167787,17.767276452109773
311516.5527181208,2776616.8465167787,17.807762032570952
311974.87218120805,2776616.8465167787,17.850785348846525
312433.1916442953,2776616.8465167787,17.895378528925665
312891.51110738254,2776616.8465167787,17.940521299977547
313349.8305704698,2776616.8465167787,17.985158090731762
313808.15003355703,2776616.8465167787,18.028237926020285
314266.4694966443,2776616.8465167787,18.068787431970136
314724.7889597315,2776616.8465167787,18.10601156077746
315183.10842281877,2776616.8465167787,18.139391016258976
315641.427885906,2776616.8465167787,18.168730032650938
316099.74734899326,2776616.8465167787,18.194126487895115
316558.0668120805,2776616.8465167787,18.215879904799976
317016.38627516775,2776616.8465167787,18.234382589013872
317474.705738255,2776616.8465167787,18.250033271962167
317933.02520134224,2776616.8465167787,18.263187592336617
318391.3446644295,2776616.8465167787,18.27414004729611
318849.66412751673,2776616.8465167787,18.283125425276932
319307.983590604,2776616.8465167787,18.290329377292675
319766.3030536912,2776616.8465167787,18.295901691029112
320224.6225167785,2776616.8465167787,18.299969083091966
320682.9419798658,2776616.8465167787,18.302646328382824
321141.261442953,2776616.8465167787,18.304045583227012
321599.58090604027,2776616.8465167787,18.304284217956067
277142.5929865772,2776854.4603288593,19.66494506695251
277600.91244966444,2776854.4603288593,19.656258923740722
278059.2319127517,2776854.4603288593,19.64877675118037
278517.5513758389,2776854.4603288593,19.64250233515309
278975.8708389262,2776854.4603288593,19.63741135841115
279434.1903020134,2776854.4603288593,19.63345473142891
279892.50976510067,2776854.4603288593,19.630560858423195
280350.8292281879,2776854.4603288593,19.62863679456564
280809.14869127516,2776854.4603288593,19.62756818232263
281267.4681543624,2776854.4603288593,19.62721776468377
281725.78761744965,2776854.4603288593,19.62742215205366
282184.1070805369,2776854.4603288593,19.62798635233683
282642.42654362414,2776854.4603288593,19.628675336610577
283100.7460067114,2776854.4603288593,19.629201572929382
283559.06546979863,2776854.4603288593,19.62920697912756
284017.3849328859,2776854.4603288593,19.628237093554155
284475.7043959731,2776854.4603288593,19.625704481345085
284934.02385906037,2776854.4603288593,19.620837762919088
285392.3433221476,2776854.4603288593,19.61261312400464
285850.66278523486,2776854.4603288593,19.59966932003436
286308.9822483221,2776854.4603288593,19.580220710259617
286767.30171140935,2776854.4603288593,19.552014527562473
287225.6211744966,2776854.4603288593,19.512429754547227
287683.9406375839,2776854.4603288593,19.458843308192456
288142.26010067115,2776854.4603288593,19.389277481288016
288600.5795637584,2776854.4603288593,19.303038138080787
289058.89902684564,2776854.4603288593,19.200871635844308
289517.2184899329,2776854.4603288593,19.0845103334673
289975.53795302013,2776854.4603288593,18.955990687126317
290433.8574161074,2776854.4603288593,18.81716685863381
290892.1768791946,2776854.4603288593,18.66953035540801
291350.49634228187,2776854.4603288593,18.51423613329948
291808.8158053691,2776854.4603288593,18.352216770563267
292267.13526845636,2776854.4603288593,18.184316167921754
292725.4547315436,2776854.4603288593,18.011415377743486
293183.77419463085,2776854.4603288593,17.834543535938327
293642.0936577181,2776854.4603288593,17.654974711006595
294100.41312080534,2776854.4603288593,17.474314333925395
294558.7325838926,2776854.4603288593,17.294580248750577
295017.05204697984,2776854.4603288593,17.118283889022045
295475.3715100671,2776854.4603288593,16.948515306881955
295933.6909731543,2776854.4603288593,16.78902917629257
296392.0104362416,2776854.4603288593,16.644314424738194
296850.3298993288,2776854.4603288593,16.51960648589927
297308.64936241606,2776854.4603288593,16.420773830341584
297766.96882550337,2776854.4603288593,16.353999168300206
298225.2882885906,2776854.4603288593,16.325213168258877
298683.60775167786,2776854.4603288593,16.339338913597736
299141.9272147651,2776854.4603288593,16.3995126727472
299600.24667785235,2776854.4603288593,16.506452449815875
300058.5661409396,2776854.4603288593,16.658012066807622
300516.88560402684,2776854.4603288593,16.848706886792762
300975.2050671141,2776854.4603288593,17.068368056140983
301433.52453020134,2776854.4603288593,17.297031670008817
301891.8439932886,2776854.4603288593,17.49132037226233
302350.1634563758,2776854.4603288593,17.59920144924796
302808.4829194631,2776854.4603288593,17.638760900563913
303266.8023825503,2776854.4603288593,17.650978215892692
303725.12184563756,2776854.4603288593,17.651973988016387
304183.4413087248,2776854.4603288593,17.64640212629816
304641.76077181206,2776854.4603288593,17.636120994157547
305100.0802348993,2776854.4603288593,17.622657037197204
305558.39969798655,2776854.4603288593,17.60769401585651
306016.7191610738,2776854.4603288593,17.593005066927592
306475.03862416104,2776854.4603288593,17.580278676930927
306933.3580872483,2776854.4603288593,17.570978559972225
307391.67755033553,2776854.4603288593,17.56626486106728
307849.9970134228,2776854.4603288593,17.56696631624274
308308.31647651,2776854.4603288593,17.573585885871857
308766.63593959727,2776854.4603288593,17.586325908535088
309224.9554026845,2776854.4603288593,17.60512389997819
309683.27486577176,2776854.4603288593,17.62969349105466
310141.594328859,2776854.4603288593,17.659566410384617
310599.9137919463,2776854.4603288593,17.69413184724707
311058.23325503356,2776854.4603288593,17.732670037430236
311516.5527181208,2776854.4603288593,17.77437808234512
311974.87218120805,2776854.4603288593,17.818387934009227
312433.1916442953,2776854.4603288593,17.86377903527236
312891.51110738254,2776854.4603288593,17.909591106719436
313349.8305704698,2776854.4603288593,17.95484544477512
313808.15003355703,2776854.4603288593,17.998584103723584
314266.4694966443,2776854.4603288593,18.039932191047516
314724.7889597315,2776854.4603288593,18.078176475524334
315183.10842281877,2776854.4603288593,18.112837100207162
315641.427885906,2776854.4603288593,18.14370143485096
316099.74734899326,2776854.4603288593,18.170802277298446
316558.0668120805,2776854.4603288593,18.19435040132778
317016.38627516775,2776854.4603288593,18.214651287798027
317474.705738255,2776854.4603288593,18.232034318229992
317933.02520134224,2776854.4603288593,18.246807537281917
318391.3446644295,2776854.4603288593,18.259236965500026
318849.66412751673,2776854.4603288593,18.269543010174417
319307.983590604,2776854.4603288593,18.277906241476785
319766.3030536912,2776854.4603288593,18.284477019967348
320224.6225167785,2776854.4603288593,18.289385829650964
320682.9419798658,2776854.4603288593,18.292752876131825
321141.261442953,2776854.4603288593,18.2946965309719
321599.58090604027,2776854.4603288593,18.2953407440389
322057.9003691275,2776854.4603288593,18.29482179171527
277600.91244966444,2777092.07414094,19.62719124789687
278059.2319127517,2777092.07414094,19.61893877667815
278517.5513758389,2777092.07414094,19.611716748809307
278975.8708389262,2777092.07414094,19.60549991520934
279434.1903020134,2777092.07414094,19.600236882415956
279892.50976510067,2777092.07414094,19.595852029058296
280350.8292281879,2777092.07414094,19.59224632232016
280809.14869127516,2777092.07414094,19.58929690420325
281267.4681543624,2777092.07414094,19.586855234955856
281725.78761744965,2777092.07414094,19.584743469550638
282184.1070805369,2777092.07414094,19.58274859151283
282642.42654362414,2777092.07414094,19.580613621259083
283100.7460067114,2777092.07414094,19.57802493608433
283559.06546979863,2777092.07414094,19.5745943760774
284017.3849328859,2777092.07414094,19.569834389040775
284475.7043959731,2777092.07414094,19.56312411726577
284934.02385906037,2777092.07414094,19.553664450185888
285392.3433221476,2777092.07414094,19.540421678088983
285850.66278523486,2777092.07414094,19.522064692620837
286308.9822483221,2777092.07414094,19.496913485466763
286767.30171140935,2777092.07414094,19.462940499454437
287225.6211744966,2777092.07414094,19.41789495098129
287683.9406375839,2777092.07414094,19.359618315094526
288142.26010067115,2777092.07414094,19.286524270779974
288600.5795637584,2777092.07414094,19.198034514701902
289058.89902684564,2777092.07414094,19.09468556391744
289517.2184899329,2777092.07414094,18.97783233637673
289975.53795302013,2777092.07414094,18.84917275565332
290433.8574161074,2777092.07414094,18.710367630866497
290892.1768791946,2777092.07414094,18.562862768852558
291350.49634228187,2777092.07414094,18.407874272024245
291808.8158053691,2777092.07414094,18.246460364188074
292267.13526845636,2777092.07414094,18.07962389149084
292725.4547315436,2777092.07414094,17.908417139320278
293183.77419463085,2777092.07414094,17.734038082260177
293642.0936577181,2777092.07414094,17.55791578046836
294100.41312080534,2777092.07414094,17.381786556584842
294558.7325838926,2777092.07414094,17.207764396081735
295017.05204697984,2777092.07414094,17.038409253952928
295475.3715100671,2777092.07414094,16.876794690760878
295933.6909731543,2777092.07414094,16.726569749487425
296392.0104362416,2777092.07414094,16.591997635358997
296850.3298993288,2777092.07414094,16.4779361458615
297308.64936241606,2777092.07414094,16.38970814590745
297766.96882550337,2777092.07414094,16.332809729525387
298225.2882885906,2777092.07414094,16.312438243137873
298683.60775167786,2777092.07414094,16.33289423122072
299141.9272147651,2777092.07414094,16.396981493477714
299600.24667785235,2777092.07414094,16.505536195730542
300058.5661409396,2777092.07414094,16.657136539949665
300516.88560402684,2777092.07414094,16.84787267387573
300975.2050671141,2777092.07414094,17.0705509222552
301433.52453020134,2777092.07414094,17.310187659454783
301891.8439932886,2777092.07414094,17.51886528545889
302350.1634563758,2777092.07414094,17.603278065394232
302808.4829194631,2777092.07414094,17.60972363494576
303266.8023825503,2777092.07414094,17.600788646965277
303725.12184563756,2777092.07414094,17.589058765205635
304183.4413087248,2777092.07414094,17.57625062691588
304641.76077181206,2777092.07414094,17.562587026511085
305100.0802348993,2777092.07414094,17.548511105896
305558.39969798655,2777092.07414094,17.534884751051557
306016.7191610738,2777092.07414094,17.522832386966243
306475.03862416104,2777092.07414094,17.513536615031608
306933.3580872483,2777092.07414094,17.508077715364617
307391.67755033553,2777092.07414094,17.507334265792544
307849.9970134228,2777092.07414094,17.511935324021422
308308.31647651,2777092.07414094,17.52224862976924
308766.63593959727,2777092.07414094,17.538391487595167
309224.9554026845,2777092.07414094,17.56025497381404
309683.27486577176,2777092.07414094,17.58753520378427
310141.594328859,2777092.07414094,17.619767123602795
310599.9137919463,2777092.07414094,17.65635719560688
311058.23325503356,2777092.07414094,17.696612159913673
311516.5527181208,2777092.07414094,17.739762244598964
311974.87218120805,2777092.07414094,17.78497889706847
312433.1916442953,2777092.07414094,17.831389230955768
312891.51110738254,2777092.07414094,17.8780916668393
313349.8305704698,2777092.07414094,17.924179046240987
313808.15003355703,2777092.07414094,17.968775411042785
314266.4694966443,2777092.07414094,18.01108861920378
314724.7889597315,2777092.07414094,18.05047205298028
315183.10842281877,2777092.07414094,18.086478191877887
315641.427885906,2777092.07414094,18.118883058707112
316099.74734899326,2777092.07414094,18.147670005037423
316558.0668120805,2777092.07414094,18.172979453058844
317016.38627516775,2777092.07414094,18.195044676330856
317474.705738255,2777092.07414094,18.214134020017738
317933.02520134224,2777092.07414094,18.230510753342802
318391.3446644295,2777092.07414094,18.24441179242493
318849.66412751673,2777092.07414094,18.256040939301798
319307.983590604,2777092.07414094,18.265571052376373
319766.3030536912,2777092.07414094,18.273150624847435
320224.6225167785,2777092.07414094,18.27891187082412
320682.9419798658,2777092.07414094,18.282978793964418
321141.261442953,2777092.07414094,18.285474653827688
321599.58090604027,2777092.07414094,18.28652881770749
322057.9003691275,2777092.07414094,18.286283303502433
278059.2319127517,2777329.6879530204,19.58880220963193
278517.5513758389,2777329.6879530204,19.5806353226295
278975.8708389262,2777329.6879530204,19.573296673434317
279434.1903020134,2777329.6879530204,19.56673184175867
279892.50976510067,2777329.6879530204,19.560860629317325
280350.8292281879,2777329.6879530204,19.55557754896459
280809.14869127516,2777329.6879530204,19.550751093658796
281267.4681543624,2777329.6879530204,19.546221569108084
281725.78761744965,2777329.6879530204,19.541797175682866
282184.1070805369,2777329.6879530204,19.53724789484243
282642.42654362414,2777329.6879530204,19.53229656576177
283100.7460067114,2777329.6879530204,19.526606326344837
283559.06546979863,2777329.6879530204,19.51976335433024
284017.3849328859,2777329.6879530204,19.511253642731415
284475.7043959731,2777329.6879530204,19.500432561432913
284934.02385906037,2777329.6879530204,19.486486630982352
285392.3433221476,2777329.6879530204,19.46838918862435
285850.66278523486,2777329.6879530204,19.44485710672858
286308.9822483221,2777329.6879530204,19.414326524203048
286767.30171140935,2777329.6879530204,19.37498186807814
287225.6211744966,2777329.6879530204,19.32488587295037
287683.9406375839,2777329.6879530204,19.26224371067575
288142.26010067115,2777329.6879530204,19.185761725849588
288600.5795637584,2777329.6879530204,19.094953252231054
289058.89902684564,2777329.6879530204,18.990215003113512
289517.2184899329,2777329.6879530204,18.87263019219633
289975.53795302013,2777329.6879530204,18.74363373568194
290433.8574161074,2777329.6879530204,18.60471945566833
290892.1768791946,2777329.6879530204,18.45727948865554
291350.49634228187,2777329.6879530204,18.302568178023762
291808.8158053691,2777329.6879530204,18.14174351109268
292267.13526845636,2777329.6879530204,17.975943426685653
292725.4547315436,2777329.6879530204,17.80637085632229
293183.77419463085,2777329.6879530204,17.634374921047865
293642.0936577181,2777329.6879530204,17.461523827387424
294100.41312080534,2777329.6879530204,17.28966936637253
294558.7325838926,2777329.6879530204,17.12100506018157
295017.05204697984,2777329.6879530204,16.958120275935357
295475.3715100671,2777329.6879530204,16.804050362325366
295933.6909731543,2777329.6879530204,16.66231694500559
296392.0104362416,2777329.6879530204,16.53694236472934
296850.3298993288,2777329.6879530204,16.432409444613942
297308.64936241606,2777329.6879530204,16.353528194151643
297766.96882550337,2777329.6879530204,16.305175592982692
298225.2882885906,2777329.6879530204,16.29190412772643
298683.60775167786,2777329.6879530204,16.317466777384354
299141.9272147651,2777329.6879530204,16.38435424394319
299600.24667785235,2777329.6879530204,16.493449232508315
300058.5661409396,2777329.6879530204,16.64386215994383
300516.88560402684,2777329.6879530204,16.8329303173794
300975.2050671141,2777329.6879530204,17.056160836461306
301433.52453020134,2777329.6879530204,17.305719654480573
301891.8439932886,2777329.6879530204,17.546219891461945
302350.1634563758,2777329.6879530204,17.594264373633848
302808.4829194631,2777329.6879530204,17.566299981445034
303266.8023825503,2777329.6879530204,17.540186571661156
303725.12184563756,2777329.6879530204,17.518734733677235
304183.4413087248,2777329.6879530204,17.50059451048762
304641.76077181206,2777329.6879530204,17.484687131130727
305100.0802348993,2777329.6879530204,17.47064942414663
305558.39969798655,2777329.6879530204,17.458718726457835
306016.7191610738,2777329.6879530204,17.44950379827842
306475.03862416104,2777329.6879530204,17.443765891377335
306933.3580872483,2777329.6879530204,17.442251951154535
307391.67755033553,2777329.6879530204,17.445586258805257
307849.9970134228,2777329.6879530204,17.454211225065084
308308.31647651,2777329.6879530204,17.46836389626698
308766.63593959727,2777329.6879530204,17.488076127927936
309224.9554026845,2777329.6879530204,17.513189395094923
309683.27486577176,2777329.6879530204,17.543377860811418
310141.594328859,2777329.6879530204,17.57817508268451
310599.9137919463,2777329.6879530204,17.617000860798782
311058.23325503356,2777329.6879530204,17.659185697216387
311516.5527181208,2777329.6879530204,17.70399150154934
311974.87218120805,2777329.6879530204,17.750628660371195
312433.1916442953,2777329.6879530204,17.798271311023438
312891.51110738254,2777329.6879530204,17.84607434454825
313349.8305704698,2777329.6879530204,17.893196708484652
313808.15003355703,2777329.6879530204,17.93883493867857
314266.4694966443,2777329.6879530204,17.982267330145117
314724.7889597315,2777329.6879530204,18.022902683246482
315183.10842281877,2777329.6879530204,18.060320866694724
315641.427885906,2777329.6879530204,18.094290771736965
316099.74734899326,2777329.6879530204,18.124758045815867
316558.0668120805,2777329.6879530204,18.151807108009297
317016.38627516775,2777329.6879530204,18.175611226645373
317474.705738255,2777329.6879530204,18.196385473363733
317933.02520134224,2777329.6879530204,18.21435177270324
318391.3446644295,2777329.6879530204,18.229718314500612
318849.66412751673,2777329.6879530204,18.242671011454714
319307.983590604,2777329.6879530204,18.25337308761612
319766.3030536912,2777329.6879530204,18.261969202769013
320224.6225167785,2777329.6879530204,18.268591559652865
320682.9419798658,2777329.6879530204,18.27336650400369
321141.261442953,2777329.6879530204,18.27642095530893
321599.58090604027,2777329.6879530204,18.277888576725736
322057.9003691275,2777329.6879530204,18.277915960232527
322516.21983221476,2777329.6879530204,18.27666932007172
278975.8708389262,2777567.301765101,19.54085298080077
279434.1903020134,2777567.301765101,19.532992428837527
279892.50976510067,2777567.301765101,19.52564182721604
280350.8292281879,2777567.301765101,19.51868899508492
280809.14869127516,2777567.301765101,19.511993779322808
281267.4681543624,2777567.301765101,19.50538564000562
281725.78761744965,2777567.301765101,19.49865953582074
282184.1070805369,2777567.301765101,19.491569708702496
282642.42654362414,2777567.301765101,19.48382083903152
283100.7460067114,2777567.301765101,19.475055901948306
283559.06546979863,2777567.301765101,19.46483993542903
284017.3849328859,2777567.301765101,19.45263892027934
284475.7043959731,2777567.301765101,19.437793272964655
284934.02385906037,2777567.301765101,19.41948647683515
285392.3433221476,2777567.301765101,19.396711867324196
285850.66278523486,2777567.301765101,19.368245612057414
286308.9822483221,2777567.301765101,19.33264230872171
286767.30171140935,2777567.301765101,19.28827985991357
287225.6211744966,2777567.301765101,19.23348451354072
287683.9406375839,2777567.301765101,19.166748901838687
288142.26010067115,2777567.301765101,19.087003187561464
288600.5795637584,2777567.301765101,18.993835377219487
289058.89902684564,2777567.301765101,18.887548743574264
289517.2184899329,2777567.301765101,18.769029630888756
289975.53795302013,2777567.301765101,18.63950979358641
290433.8574161074,2777567.301765101,18.50034291062538
290892.1768791946,2777567.301765101,18.352866849061673
291350.49634228187,2777567.301765101,18.198358741055852
291808.8158053691,2777567.301765101,18.038055765935233
292267.13526845636,2777567.301765101,17.873210426623725
292725.4547315436,2777567.301765101,17.70515779815069
293183.77419463085,2777567.301765101,17.53538194159271
293642.0936577181,2777567.301765101,17.365575690056698
294100.41312080534,2777567.301765101,17.197692381330608
294558.7325838926,2777567.301765101,17.03399050282642
295017.05204697984,2777567.301765101,16.877072716855192
295475.3715100671,2777567.301765101,16.729918792072787
295933.6909731543,2777567.301765101,16.595906876576624
296392.0104362416,2777567.301765101,16.478809354666666
296850.3298993288,2777567.301765101,16.382740250364908
297308.64936241606,2777567.301765101,16.312025873631036
297766.96882550337,2777567.301765101,16.270976852334435
298225.2882885906,2777567.301765101,16.263563791979205
298683.60775167786,2777567.301765101,16.293036593559815
299141.9272147651,2777567.301765101,16.361560995731192
299600.24667785235,2777567.301765101,16.469954169749677
300058.5661409396,2777567.301765101,16.617579341995658
300516.88560402684,2777567.301765101,16.80242046373557
300975.2050671141,2777567.301765101,17.021315522645544
301433.52453020134,2777567.301765101,17.27028816442266
301891.8439932886,2777567.301765101,17.544631523685513
302350.1634563758,2777567.301765101,17.549698736584567
302808.4829194631,2777567.301765101,17.502205813374864
303266.8023825503,2777567.301765101,17.46670628069619
303725.12184563756,2777567.301765101,17.439694249301102
304183.4413087248,2777567.301765101,17.41861849374442
304641.76077181206,2777567.301765101,17.401886243047798
305100.0802348993,2777567.301765101,17.388728697915628
305558.39969798655,2777567.301765101,17.378993814254194
306016.7191610738,2777567.301765101,17.372921755303015
306475.03862416104,2777567.301765101,17.370944715504464
306933.3580872483,2777567.301765101,17.37353247227067
307391.67755033553,2777567.301765101,17.381087458531887
307849.9970134228,2777567.301765101,17.393882751711686
308308.31647651,2777567.301765101,17.412032644480025
308766.63593959727,2777567.301765101,17.435485826437507
309224.9554026845,2777567.301765101,17.464033178307705
309683.27486577176,2777567.301765101,17.497324233541992
310141.594328859,2777567.301765101,17.5348879329347
310599.9137919463,2777567.301765101,17.576154438230276
311058.23325503356,2777567.301765101,17.620475762529303
311516.5527181208,2777567.301765101,17.667144060800627
311974.87218120805,2777567.301765101,17.715407691722547
312433.1916442953,2777567.301765101,17.764486531702662
312891.51110738254,2777567.301765101,17.813589228856774
313349.8305704698,2777567.301765101,17.86193562470603
313808.15003355703,2777567.301765101,17.908786705998523
314266.4694966443,2777567.301765101,17.95348154125464
314724.7889597315,2777567.301765101,17.995476016262916
315183.10842281877,2777567.301765101,18.034373911032255
315641.427885906,2777567.301765101,18.0699402789877
316099.74734899326,2777567.301765101,18.10209202948782
316558.0668120805,2777567.301765101,18.130868858912244
317016.38627516775,2777567.301765101,18.156394159593376
317474.705738255,2777567.301765101,18.17883674923488
317933.02520134224,2777567.301765101,18.19838086113186
318391.3446644295,2777567.301765101,18.215206998990396
318849.66412751673,2777567.301765101,18.229482625710524
319307.983590604,2777567.301765101,18.24136001624208
319766.3030536912,2777567.301765101,18.250978481794064
320224.6225167785,2777567.301765101,18.258468788230488
320682.9419798658,2777567.301765101,18.26395838635415
321141.261442953,2777567.301765101,18.267576780202603
321599.58090604027,2777567.301765101,18.269460907843133
322057.9003691275,2777567.301765101,18.269760809754157
322516.21983221476,2777567.301765101,18.268646144713646
322974.539295302,2777567.301765101,18.266314293988916
279434.1903020134,2777804.9155771816,19.499071240720312
279892.50976510067,2777804.9155771816,19.490250653584525
280350.8292281879,2777804.9155771816,19.481639062117953
280809.14869127516,2777804.9155771816,19.473087803715483
281267.4681543624,2777804.9155771816,19.464415952890633
281725.78761744965,2777804.9155771816,19.455406105561387
282184.1070805369,2777804.9155771816,19.445798197141123
282642.42654362414,2777804.9155771816,19.435280921630376
283100.7460067114,2777804.9155771816,19.423480245564516
283559.06546979863,2777804.9155771816,19.409944495355276
284017.3849328859,2777804.9155771816,19.39412563836198
284475.7043959731,2777804.9155771816,19.375356872903083
284934.02385906037,2777804.9155771816,19.3528278402088
285392.3433221476,2777804.9155771816,19.3255612061285
285850.66278523486,2777804.9155771816,19.29239861376461
286308.9822483221,2777804.9155771816,19.252010078972614
286767.30171140935,2777804.9155771816,19.202946666386417
287225.6211744966,2777804.9155771816,19.143755440438902
287683.9406375839,2777804.9155771816,19.07315845953287
288142.26010067115,2777804.9155771816,18.990260396368814
288600.5795637584,2777804.9155771816,18.894711389121355
289058.89902684564,2777804.9155771816,18.78675236968816
289517.2184899329,2777804.9155771816,18.667126118892163
289975.53795302013,2777804.9155771816,18.53690777445072
290433.8574161074,2777804.9155771816,18.397335479551497
290892.1768791946,2777804.9155771816,18.249696247535226
291350.49634228187,2777804.9155771816,18.09527995840832
291808.8158053691,2777804.9155771816,17.935386948875177
292267.13526845636,2777804.9155771816,17.771367028792287
292725.4547315436,2777804.9155771816,17.604671269933004
293183.77419463085,2777804.9155771816,17.436904372453508
293642.0936577181,2777804.9155771816,17.269871114556683
294100.41312080534,2777804.9155771816,17.105614530023832
294558.7325838926,2777804.9155771816,16.94644606667098
295017.05204697984,2777804.9155771816,16.794968865552452
295475.3715100671,2777804.9155771816,16.65409389990704
295933.6909731543,2777804.9155771816,16.5270445170145
296392.0104362416,2777804.9155771816,16.417338288402693
296850.3298993288,2777804.9155771816,16.328728104855415
297308.64936241606,2777804.9155771816,16.26508145337924
297766.96882550337,2777804.9155771816,16.2301832252209
298225.2882885906,2777804.9155771816,16.227466292047815
298683.60775167786,2777804.9155771816,16.259701207237022
299141.9272147651,2777804.9155771816,16.328698793372496
299600.24667785235,2777804.9155771816,16.43508217625265
300058.5661409396,2777804.9155771816,16.57815953603992
300516.88560402684,2777804.9155771816,16.755862287332008
300975.2050671141,2777804.9155771816,16.964498651619003
301433.52453020134,2777804.9155771816,17.196689493674644
301891.8439932886,2777804.9155771816,17.415272691586328
302350.1634563758,2777804.9155771816,17.452753168721607
302808.4829194631,2777804.9155771816,17.414633090522184
303266.8023825503,2777804.9155771816,17.379232120116537
303725.12184563756,2777804.9155771816,17.351257945693053
304183.4413087248,2777804.9155771816,17.32984043856311
304641.76077181206,2777804.9155771816,17.313837770369208
305100.0802348993,2777804.9155771816,17.302514025707342
305558.39969798655,2777804.9155771816,17.295569376632855
306016.7191610738,2777804.9155771816,17.29302255308374
306475.03862416104,2777804.9155771816,17.29506924211671
306933.3580872483,2777804.9155771816,17.301959704922318
307391.67755033553,2777804.9155771816,17.313909244719838
307849.9970134228,2777804.9155771816,17.3310413871073
308308.31647651,2777804.9155771816,17.353357924395578
308766.63593959727,2777804.9155771816,17.38072870065151
309224.9554026845,2777804.9155771816,17.412894763344326
309683.27486577176,2777804.9155771816,17.44947981900647
310141.594328859,2777804.9155771816,17.490006149075956
310599.9137919463,2777804.9155771816,17.53391214770265
311058.23325503356,2777804.9155771816,17.58056955562135
311516.5527181208,2777804.9155771816,17.62929942362805
311974.87218120805,2777804.9155771816,17.679386893021295
312433.1916442953,2777804.9155771816,17.730095944021866
312891.51110738254,2777804.9155771816,17.7806861020508
313349.8305704698,2777804.9155771816,17.830433307694
313808.15003355703,2777804.9155771816,17.878656254427995
314266.4694966443,2777804.9155771816,17.924747179646815
314724.7889597315,2777804.9155771816,17.96820279744681
315183.10842281877,2777804.9155771816,18.00864834199798
315641.427885906,2777804.9155771816,18.045847654013855
316099.74734899326,2777804.9155771816,18.07969585330926
316558.0668120805,2777804.9155771816,18.11019685132851
317016.38627516775,2777804.9155771816,18.13743254894594
317474.705738255,2777804.9155771816,18.161531723380236
317933.02520134224,2777804.9155771816,18.182644538941453
318391.3446644295,2777804.9155771816,18.200925250353176
318849.66412751673,2777804.9155771816,18.216522842158952
319307.983590604,2777804.9155771816,18.229577826758995
319766.3030536912,2777804.9155771816,18.240223062463947
320224.6225167785,2777804.9155771816,18.248586772339277
320682.9419798658,2777804.9155771816,18.254796524627544
321141.261442953,2777804.9155771816,18.258983532839004
321599.58090604027,2777804.9155771816,18.26128715029362
322057.9003691275,2777804.9155771816,18.261859854819438
322516.21983221476,2777804.9155771816,18.260873363769562
322974.539295302,2777804.9155771816,18.258526806230563
279892.50976510067,2778042.5293892617,19.45474171213272
280350.8292281879,2778042.5293892617,19.44448569782627
280809.14869127516,2778042.5293892617,19.434095435082828
281267.4681543624,2778042.5293892617,19.42338019401342
281725.78761744965,2778042.5293892617,19.41211120777094
282184.1070805369,2778042.5293892617,19.400015643753708
282642.42654362414,2778042.5293892617,19.38676844090424
283100.7460067114,2778042.5293892617,19.371981666692633
283559.06546979863,2778042.5293892617,19.35519111780216
284017.3849328859,2778042.5293892617,19.335840140893897
284475.7043959731,2778042.5293892617,19.31326125714121
284934.02385906037,2778042.5293892617,19.286657407148937
285392.3433221476,2778042.5293892617,19.255086832104134
285850.66278523486,2778042.5293892617,19.217458990966108
286308.9822483221,2778042.5293892617,19.17255302875822
286767.30171140935,2778042.5293892617,19.11907303014241
287225.6211744966,2778042.5293892617,19.05575100420742
287683.9406375839,2778042.5293892617,18.981493799380637
288142.26010067115,2778042.5293892617,18.89554435266089
288600.5795637584,2778042.5293892617,18.797605162181714
289058.89902684564,2778042.5293892617,18.68787577073487
289517.2184899329,2778042.5293892617,18.566993503984783
289975.53795302013,2778042.5293892617,18.435912591807007
290433.8574161074,2778042.5293892617,18.295776850979863
290892.1768791946,2778042.5293892617,18.147827633348157
291350.49634228187,2778042.5293892617,17.993361229345453
291808.8158053691,2778042.5293892617,17.83372876889811
292267.13526845636,2778042.5293892617,17.670363126249043
292725.4547315436,2778042.5293892617,17.50481766926257
293183.77419463085,2778042.5293892617,17.338805625970757
293642.0936577181,2778042.5293892617,17.174233281557992
294100.41312080534,2778042.5293892617,17.013224050290326
294558.7325838926,2778042.5293892617,16.858133319518554
295017.05204697984,2778042.5293892617,16.711555386967046
295475.3715100671,2778042.5293892617,16.57632311734357
295933.6909731543,2778042.5293892617,16.455497613052668
296392.0104362416,2778042.5293892617,16.352339643624813
296850.3298993288,2778042.5293892617,16.270248850250802
297308.64936241606,2778042.5293892617,16.2126545080814
297766.96882550337,2778042.5293892617,16.1828468678968
298225.2882885906,2778042.5293892617,16.18375224831666
298683.60775167786,2778042.5293892617,16.217673888462187
299141.9272147651,2778042.5293892617,16.286033687667004
299600.24667785235,2778042.5293892617,16.389143883349345
300058.5661409396,2778042.5293892617,16.525995055020786
300516.88560402684,2778042.5293892617,16.69391467858543
300975.2050671141,2778042.5293892617,16.887458894695715
301433.52453020134,2778042.5293892617,17.093393903515953
301891.8439932886,2778042.5293892617,17.266492576730872
302350.1634563758,2778042.5293892617,17.322874806063055
302808.4829194631,2778042.5293892617,17.30625802366888
303266.8023825503,2778042.5293892617,17.278297054312574
303725.12184563756,2778042.5293892617,17.253445847302167
304183.4413087248,2778042.5293892617,17.234135512979567
304641.76077181206,2778042.5293892617,17.220395936048195
305100.0802348993,2778042.5293892617,17.21188791434011
305558.39969798655,2778042.5293892617,17.20837388463253
306016.7191610738,2778042.5293892617,17.209782776124293
306475.03862416104,2778042.5293892617,17.2161587944837
306933.3580872483,2778042.5293892617,17.22758732572173
307391.67755033553,2778042.5293892617,17.244130733239036
307849.9970134228,2778042.5293892617,17.265783471510396
308308.31647651,2778042.5293892617,17.292446293202172
308766.63593959727,2778042.5293892617,17.32391586511151
309224.9554026845,2778042.5293892617,17.359885477271593
309683.27486577176,2778042.5293892617,17.39995300133642
310141.594328859,2778042.5293892617,17.443633011300378
310599.9137919463,2778042.5293892617,17.49037074329953
311058.23325503356,2778042.5293892617,17.539556325775234
311516.5527181208,2778042.5293892617,17.590538507266327
311974.87218120805,2778042.5293892617,17.642637952025304
312433.1916442953,2778042.5293892617,17.695160975052204
312891.51110738254,2778042.5293892617,17.747415148186015
313349.8305704698,2778042.5293892617,17.798728226379776
313808.15003355703,2778042.5293892617,17.84847100115423
314266.4694966443,2778042.5293892617,17.896082882613776
314724.7889597315,2778042.5293892617,17.94109668371932
315183.10842281877,2778042.5293892617,17.983157357864837
315641.427885906,2778042.5293892617,18.022029662601458
316099.74734899326,2778042.5293892617,18.057592384854495
316558.0668120805,2778042.5293892617,18.089820783814456
317016.38627516775,2778042.5293892617,18.11876219861765
317474.705738255,2778042.5293892617,18.144510781826146
317933.02520134224,2778042.5293892617,18.16718606082833
318391.3446644295,2778042.5293892617,18.186917676799624
318849.66412751673,2778042.5293892617,18.203836476373347
319307.983590604,2778042.5293892617,18.21807079368395
319766.3030536912,2778042.5293892617,18.22974629157897
320224.6225167785,2778042.5293892617,18.238987855930375
320682.9419798658,2778042.5293892617,18.245922455025312
321141.261442953,2778042.5293892617,18.25068237926827
321599.58090604027,2778042.5293892617,18.25340875964112
322057.9003691275,2778042.5293892617,18.254255694945478
322516.21983221476,2778042.5293892617,18.25339571100587
322974.539295302,2778042.5293892617,18.251027663505603
323432.85875838925,2778042.5293892617,18.247388596906525
280809.14869127516,2778280.1432013423,19.3950780152539
281267.4681543624,2778280.1432013423,19.382344829214848
281725.78761744965,2778280.1432013423,19.368847480268414
282184.1070805369,2778280.1432013423,19.354301954084274
282642.42654362414,2778280.1432013423,19.33837164836931
283100.7460067114,2778280.1432013423,19.32065770156792
283559.06546979863,2778280.1432013423,19.30068721138382
284017.3849328859,2778280.1432013423,19.277899603546132
284475.7043959731,2778280.1432013423,19.25163206342055
284934.02385906037,2778280.1432013423,19.221106114952992
285392.3433221476,2778280.1432013423,19.185419304833268
285850.66278523486,2778280.1432013423,19.143548502950175
286308.9822483221,2778280.1432013423,19.094373918692398
286767.30171140935,2778280.1432013423,19.036733714722462
287225.6211744966,2778280.1432013423,18.96951491792395
287683.9406375839,2778280.1432013423,18.891774410523123
288142.26010067115,2778280.1432013423,18.802866058624275
288600.5795637584,2778280.1432013423,18.702536714949964
289058.89902684564,2778280.1432013423,18.59095854954928
289517.2184899329,2778280.1432013423,18.468690656573784
289975.53795302013,2778280.1432013423,18.336593406273792
290433.8574161074,2778280.1432013423,18.1957337824004
290892.1768791946,2778280.1432013423,18.04731302153364
291350.49634228187,2778280.1432013423,17.892629848135762
291808.8158053691,2778280.1432013423,17.733076650701314
292267.13526845636,2778280.1432013423,17.570157767166958
292725.4547315436,2778280.1432013423,17.405517557913026
293183.77419463085,2778280.1432013423,17.24096802118623
293642.0936577181,2778280.1432013423,17.078509062019556
294100.41312080534,2778280.1432013423,16.920338077331085
294558.7325838926,2778280.1432013423,16.768848703592315
295017.05204697984,2778280.1432013423,16.62662071331597
295475.3715100671,2778280.1432013423,16.4964032170603
295933.6909731543,2778280.1432013423,16.381090800413943
296392.0104362416,2778280.1432013423,16.283687283798237
296850.3298993288,2778280.1432013423,16.207246362133233
297308.64936241606,2778280.1432013423,16.15477578079648
297766.96882550337,2778280.1432013423,16.129095120567136
298225.2882885906,2778280.1432013423,16.13264728120142
298683.60775167786,2778280.1432013423,16.167276192472293
299141.9272147651,2778280.1432013423,16.233988852397943
299600.24667785235,2778280.1432013423,16.332704722758784
300058.5661409396,2778280.1432013423,16.461935339092093
300516.88560402684,2778280.1432013423,16.618158803625693
300975.2050671141,2778280.1432013423,16.794083932586002
301433.52453020134,2778280.1432013423,16.973171026692125
301891.8439932886,2778280.1432013423,17.11693346707113
302350.1634563758,2778280.1432013423,17.18030987139432
302808.4829194631,2778280.1432013423,17.18277290997325
303266.8023825503,2778280.1432013423,17.16570029594472
303725.12184563756,2778280.1432013423,17.14688161122311
304183.4413087248,2778280.1432013423,17.131704983272787
304641.76077181206,2778280.1432013423,17.121605206139535
305100.0802348993,2778280.1432013423,17.116848050489164
305558.39969798655,2778280.1432013423,17.11740634087938
306016.7191610738,2778280.1432013423,17.123222130122496
306475.03862416104,2778280.1432013423,17.13425895382035
306933.3580872483,2778280.1432013423,17.15048505794349
307391.67755033553,2778280.1432013423,17.171841069415237
307849.9970134228,2778280.1432013423,17.19821195948875
308308.31647651,2778280.1432013423,17.22940908029255
308766.63593959727,2778280.1432013423,17.265162274827823
309224.9554026845,2778280.1432013423,17.305120035277795
309683.27486577176,2778280.1432013423,17.348855295184915
310141.594328859,2778280.1432013423,17.395874683320073
310599.9137919463,2778280.1432013423,17.44562952371316
311058.23325503356,2778280.1432013423,17.497527410515673
311516.5527181208,2778280.1432013423,17.550943793412827
311974.87218120805,2778280.1432013423,17.60523364725512
312433.1916442953,2778280.1432013423,17.65974387694665
312891.51110738254,2778280.1432013423,17.71382745882591
313349.8305704698,2778280.1432013423,17.76686022124205
313808.15003355703,2778280.1432013423,17.818260425477344
314266.4694966443,2778280.1432013423,17.86750992449796
314724.7889597315,2778280.1432013423,17.9141740424093
315183.10842281877,2778280.1432013423,17.95791623730858
315641.427885906,2778280.1432013423,17.998503939227025
316099.74734899326,2778280.1432013423,18.035803937720633
316558.0668120805,2778280.1432013423,18.069768567614393
317016.38627516775,2778280.1432013423,18.100416326619527
317474.705738255,2778280.1432013423,18.127811405236805
317933.02520134224,2778280.1432013423,18.152045840729766
318391.3446644295,2778280.1432013423,18.173226348067608
318849.66412751673,2778280.1432013423,18.19146621044218
319307.983590604,2778280.1432013423,18.206881469809193
319766.3030536912,2778280.1432013423,18.219590159893507
320224.6225167785,2778280.1432013423,18.22971333056561
320682.9419798658,2778280.1432013423,18.237376916191895
321141.261442953,2778280.1432013423,18.242713931020344
321599.58090604027,2778280.1432013423,18.245866927881902
322057.9003691275,2778280.1432013423,18.246991091050102
322516.21983221476,2778280.1432013423,18.246258761162906
322974.539295302,2778280.1432013423,18.243866663918684
323432.85875838925,2778280.1432013423,18.24004771238314
323891.1782214765,2778280.1432013423,18.23509000406834
281267.4681543624,2778517.757013423,19.34137475389526
281725.78761744965,2778517.757013423,19.32568549377549
282184.1070805369,2778517.757013423,19.30873425423478
282642.42654362414,2778517.757013423,19.290175027318718
283100.7460067114,2778517.757013423,19.26960078454771
283559.06546979863,2778517.757013423,19.246533341223678
284017.3849328859,2778517.757013423,19.220412181383377
284475.7043959731,2778517.757013423,19.190583362170962
284934.02385906037,2778517.757013423,19.15629066857247
285392.3433221476,2778517.757013423,19.116672711520103
285850.66278523486,2778517.757013423,19.07077149374995
286308.9822483221,2778517.757013423,19.017559435570824
286767.30171140935,2778517.757013423,18.955991494556496
287225.6211744966,2778517.757013423,18.88508478363615
287683.9406375839,2778517.757013423,18.804018787450303
288142.26010067115,2778517.757013423,18.71223715929788
288600.5795637584,2778517.757013423,18.609524245462037
289058.89902684564,2778517.757013423,18.496034001508242
289517.2184899329,2778517.757013423,18.37226660188072
289975.53795302013,2778517.757013423,18.239008737751927
290433.8574161074,2778517.757013423,18.097264443978833
290892.1768791946,2778517.757013423,17.948199878294634
291350.49634228187,2778517.757013423,17.793113566819564
291808.8158053691,2778517.757013423,17.63343169019323
292267.13526845636,2778517.757013423,17.47072066053161
292725.4547315436,2778517.757013423,17.306706770483554
293183.77419463085,2778517.757013423,17.14329344446951
293642.0936577181,2778517.757013423,16.982569095508754
294100.41312080534,2778517.757013423,16.826801948757634
294558.7325838926,2778517.757013423,16.67842184836022
295017.05204697984,2778517.757013423,16.539992152075445
295475.3715100671,2778517.757013423,16.414176062244316
295933.6909731543,2778517.757013423,16.303699982551553
296392.0104362416,2778517.757013423,16.211311690536135
296850.3298993288,2778517.757013423,16.13972511341465
297308.64936241606,2778517.757013423,16.091539609097445
297766.96882550337,2778517.757013423,16.06912288470389
298225.2882885906,2778517.757013423,16.07445328869394
298683.60775167786,2778517.757013423,16.108925035478748
299141.9272147651,2778517.757013423,16.173120219164254
299600.24667785235,2778517.757013423,16.266530635037803
300058.5661409396,2778517.757013423,16.38714564575272
300516.88560402684,2778517.757013423,16.530649258470287
300975.2050671141,2778517.757013423,16.68855412113642
301433.52453020134,2778517.757013423,16.844042476045146
301891.8439932886,2778517.757013423,16.967663546832178
302350.1634563758,2778517.757013423,17.03305829575595
302808.4829194631,2778517.757013423,17.04949382286332
303266.8023825503,2778517.757013423,17.04376205372616
303725.12184563756,2778517.757013423,17.032579088501542
304183.4413087248,2778517.757013423,17.0230007435529
304641.76077181206,2778517.757013423,17.017670215708446
305100.0802348993,2778517.757013423,17.017495194733463
305558.39969798655,2778517.757013423,17.022732151590947
306016.7191610738,2778517.757013423,17.033402966238537
306475.03862416104,2778517.757013423,17.049442642678372
306933.3580872483,2778517.757013423,17.070740264951937
307391.67755033553,2778517.757013423,17.097141022781976
307849.9970134228,2778517.757013423,17.1284377930017
308308.31647651,2778517.757013423,17.164363462243685
308766.63593959727,2778517.757013423,17.20458749831554
309224.9554026845,2778517.757013423,17.248717044941202
309683.27486577176,2778517.757013423,17.29630163610587
310141.594328859,2778517.757013423,17.346840358066878
310599.9137919463,2778517.757013423,17.39979041022477
311058.23325503356,2778517.757013423,17.454576321444954
311516.5527181208,2778517.757013423,17.51059948314633
311974.87218120805,2778517.757013423,17.567248102347307
312433.1916442953,2778517.757013423,17.62390806367628
312891.51110738254,2778517.757013423,17.679975381089875
313349.8305704698,2778517.757013423,17.734870757111295
313808.15003355703,2778517.757013423,17.788056136257428
314266.4694966443,2778517.757013423,17.83905209076151
314724.7889597315,2778517.757013423,17.887453734871475
315183.10842281877,2778517.757013423,17.932942199219454
315641.427885906,2778517.757013423,17.97528905588589
316099.74734899326,2778517.757013423,18.01435257751837
316558.0668120805,2778517.757013423,18.050066797705682
317016.38627516775,2778517.757013423,18.082426086404762
317474.705738255,2778517.757013423,18.111468640678208
317933.02520134224,2778517.757013423,18.13726181561528
318391.3446644295,2778517.757013423,18.159891032208478
318849.66412751673,2778517.757013423,18.17945270807622
319307.983590604,2778517.757013423,18.196050694241304
319766.3030536912,2778517.757013423,18.20979521709208
320224.6225167785,2778517.757013423,18.22080326614591
320682.9419798658,2778517.757013423,18.229199598299598
321141.261442953,2778517.757013423,18.235117909871317
321599.58090604027,2778517.757013423,18.238702158302427
322057.9003691275,2778517.757013423,18.24010844686684
322516.21983221476,2778517.757013423,18.239508327802152
322974.539295302,2778517.757013423,18.23709490729268
323432.85875838925,2778517.757013423,18.23309389590344
323891.1782214765,2778517.757013423,18.227782936643415
281725.78761744965,2778755.3708255035,19.282693437427792
282184.1070805369,2778755.3708255035,19.263386578550225
282642.42654362414,2778755.3708255035,19.24225901572369
283100.7460067114,2778755.3708255035,19.218898063203255
283559.06546979863,2778755.3708255035,19.192823227634662
284017.3849328859,2778755.3708255035,19.163477326258498
284475.7043959731,2778755.3708255035,19.13021847091504
284934.02385906037,2778755.3708255035,19.09231504559354
285392.3433221476,2778755.3708255035,19.048946991807266
285850.66278523486,2778755.3708255035,18.99921796019369
286308.9822483221,2778755.3708255035,18.942183575081682
286767.30171140935,2778755.3708255035,18.876900098231417
287225.6211744966,2778755.3708255035,18.802493914271007
287683.9406375839,2778755.3708255035,18.718245151345897
288142.26010067115,2778755.3708255035,18.623670490608244
288600.5795637584,2778755.3708255035,18.51858566413187
289058.89902684564,2778755.3708255035,18.403132093959062
289517.2184899329,2778755.3708255035,18.27776451165236
289975.53795302013,2778755.3708255035,18.143210670958844
290433.8574161074,2778755.3708255035,18.000422228284336
290892.1768791946,2778755.3708255035,17.850534289893492
291350.49634228187,2778755.3708255035,17.694843139291578
291808.8158053691,2778755.3708255035,17.534802683813815
292267.13526845636,2778755.3708255035,17.372033775504743
292725.4547315436,2778755.3708255035,17.208337587672137
293183.77419463085,2778755.3708255035,17.045704010468185
293642.0936577181,2778755.3708255035,16.886307782992745
294100.41312080534,2778755.3708255035,16.732488341826453
294558.7325838926,2778755.3708255035,16.586713677645033
295017.05204697984,2778755.3708255035,16.45153284225679
295475.3715100671,2778755.3708255035,16.329524380087005
295933.6909731543,2778755.3708255035,16.22324700965724
296392.0104362416,2778755.3708255035,16.135193772233592
296850.3298993288,2778755.3708255035,16.067743417054373
297308.64936241606,2778755.3708255035,16.02309677039914
297766.96882550337,2778755.3708255035,16.003184665083207
298225.2882885906,2778755.3708255035,16.009538029779552
298683.60775167786,2778755.3708255035,16.043115800801605
299141.9272147651,2778755.3708255035,16.104084115249474
299600.24667785235,2778755.3708255035,16.19151867360754
300058.5661409396,2778755.3708255035,16.302942746273406
300516.88560402684,2778755.3708255035,16.43348813123735
300975.2050671141,2778755.3708255035,16.57428940875046
301433.52453020134,2778755.3708255035,16.710013038103703
301891.8439932886,2778755.3708255035,16.81878355862375
302350.1634563758,2778755.3708255035,16.883963026635236
302808.4829194631,2778755.3708255035,16.910129051286734
303266.8023825503,2778755.3708255035,16.914705072411586
303725.12184563756,2778755.3708255035,16.911707200134373
304183.4413087248,2778755.3708255035,16.90862976356939
304641.76077181206,2778755.3708255035,16.908913765153486
305100.0802348993,2778755.3708255035,16.91401406167034
305558.39969798655,2778755.3708255035,16.924474702216152
306016.7191610738,2778755.3708255035,16.940427093790415
306475.03862416104,2778755.3708255035,16.96180948645642
306933.3580872483,2778755.3708255035,16.988458465621896
307391.67755033553,2778755.3708255035,17.02014392644553
307849.9970134228,2778755.3708255035,17.056580893732583
308308.31647651,2778755.3708255035,17.09743333308104
308766.63593959727,2778755.3708255035,17.142316397729815
309224.9554026845,2778755.3708255035,17.190799487816143
309683.27486577176,2778755.3708255035,17.242410690161986
310141.594328859,2778755.3708255035,17.29664244290013
310599.9137919463,2778755.3708255035,17.352958065598603
311058.23325503356,2778755.3708255035,17.410798854702122
311516.5527181208,2778755.3708255035,17.469591644276992
311974.87218120805,2778755.3708255035,17.52875698964954
312433.1916442953,2778755.3708255035,17.58771835324909
312891.51110738254,2778755.3708255035,17.645912742760828
313349.8305704698,2778755.3708255035,17.702803055170286
313808.15003355703,2778755.3708255035,17.757891853308845
314266.4694966443,2778755.3708255035,17.810735512966136
314724.7889597315,2778755.3708255035,17.86095688615173
315183.10842281877,2778755.3708255035,17.908254230866802
315641.427885906,2778755.3708255035,17.95240450990158
316099.74734899326,2778755.3708255035,17.993260298662648
316558.0668120805,2778755.3708255035,18.03074107457135
317016.38627516775,2778755.3708255035,18.064820952022636
317474.705738255,2778755.3708255035,18.095515471488774
317933.02520134224,2778755.3708255035,18.12286974708763
318391.3446644295,2778755.3708255035,18.146949404222166
318849.66412751673,2778755.3708255035,18.16783472525603
319307.983590604,2778755.3708255035,18.185617609003906
319766.3030536912,2778755.3708255035,18.200400499246573
320224.6225167785,2778755.3708255035,18.212296350685502
320682.9419798658,2778755.3708255035,18.221428891381297
321141.261442953,2778755.3708255035,18.227932795283454
321599.58090604027,2778755.3708255035,18.231953797160354
322057.9003691275,2778755.3708255035,18.233649206611094
322516.21983221476,2778755.3708255035,18.233189713018056
322974.539295302,2778755.3708255035,18.230763910545953
323432.85875838925,2778755.3708255035,18.22658782058522
323891.1782214765,2778755.3708255035,18.220923223350866
324349.49768456374,2778755.3708255035,18.214111384860782
282642.42654362414,2778992.984637584,19.194699828188867
283100.7460067114,2778992.984637584,19.16863132981653
283559.06546979863,2778992.984637584,19.139643869392888
284017.3849328859,2778992.984637584,19.107186213834744
284475.7043959731,2778992.984637584,19.070630818641337
284934.02385906037,2778992.984637584,19.02927192176584
285392.3433221476,2778992.984637584,18.982329971515476
285850.66278523486,2778992.984637584,18.928966067442484
286308.9822483221,2778992.984637584,18.868310268053385
286767.30171140935,2778992.984637584,18.79950639975457
287225.6211744966,2778992.984637584,18.721772667150493
287683.9406375839,2778992.984637584,18.63447201056345
288142.26010067115,2778992.984637584,18.537180536886975
288600.5795637584,2778992.984637584,18.42973976302855
289058.89902684564,2778992.984637584,18.3122817241934
289517.2184899329,2778992.984637584,18.18522482376372
289975.53795302013,2778992.984637584,18.049248301308086
290433.8574161074,2778992.984637584,17.9052590496537
290892.1768791946,2778992.984637584,17.754363871166305
291350.49634228187,2778992.984637584,17.597854790296093
291808.8158053691,2778992.984637584,17.43720819574062
292267.13526845636,2778992.984637584,17.27409303288966
292725.4547315436,2778992.984637584,17.110380009358785
293183.77419463085,2778992.984637584,16.948142791118997
293642.0936577181,2778992.984637584,16.789643286144397
294100.41312080534,2778992.984637584,16.63729634878025
294558.7325838926,2778992.984637584,16.49361441965457
295017.05204697984,2778992.984637584,16.361138657866274
295475.3715100671,2778992.984637584,16.242367632232348
295933.6909731543,2778992.984637584,16.139694685464562
296392.0104362416,2778992.984637584,16.055359223041272
296850.3298993288,2778992.984637584,15.991407298852415
297308.64936241606,2778992.984637584,15.949647770637936
297766.96882550337,2778992.984637584,15.931586550111177
298225.2882885906,2778992.984637584,15.93832385906975
298683.60775167786,2778992.984637584,15.970403660689133
299141.9272147651,2778992.984637584,16.02760262071191
299600.24667785235,2778992.984637584,16.108628515965904
300058.5661409396,2778992.984637584,16.21065598215597
300516.88560402684,2778992.984637584,16.328565271713106
300975.2050671141,2778992.984637584,16.453764724557676
301433.52453020134,2778992.984637584,16.573063180000858
301891.8439932886,2778992.984637584,16.67023698354885
302350.1634563758,2778992.984637584,16.7341187259598
302808.4829194631,2778992.984637584,16.76698002392915
303266.8023825503,2778992.984637584,16.78035716441164
303725.12184563756,2778992.984637584,16.785407876823072
304183.4413087248,2778992.984637584,16.789263117600775
304641.76077181206,2778992.984637584,16.79573173164807
305100.0802348993,2778992.984637584,16.806650756210242
305558.39969798655,2778992.984637584,16.822804246418272
306016.7191610738,2778992.984637584,16.84443066650383
306475.03862416104,2778992.984637584,16.871483848910472
306933.3580872483,2778992.984637584,16.903762968428946
307391.67755033553,2778992.984637584,16.9409760521544
307849.9970134228,2778992.984637584,16.982770809877447
308308.31647651,2778992.984637584,17.0287499759439
308766.63593959727,2778992.984637584,17.0784797071791
309224.9554026845,2778992.984637584,17.13149516152142
309683.27486577176,2778992.984637584,17.187305161868455
310141.594328859,2778992.984637584,17.24539676193715
310599.9137919463,2778992.984637584,17.305240032497572
311058.23325503356,2778992.984637584,17.36629320861813
311516.5527181208,2778992.984637584,17.428008341294117
311974.87218120805,2778992.984637584,17.48983768457405
312433.1916442953,2778992.984637584,17.551241130437358
312891.51110738254,2778992.984637584,17.61169498087701
313349.8305704698,2778992.984637584,17.670702134042635
313808.15003355703,2778992.984637584,17.727803325263622
314266.4694966443,2778992.984637584,17.782588473859274
314724.7889597315,2778992.984637584,17.83470664165227
315183.10842281877,2778992.984637584,17.883872889630435
315641.427885906,2778992.984637584,17.929870648817197
316099.74734899326,2778992.984637584,17.972549100662167
316558.0668120805,2778992.984637584,18.01181620637241
317016.38627516775,2778992.984637584,18.047628988998614
317474.705738255,2778992.984637584,18.07998309624015
317933.02520134224,2778992.984637584,18.108903462592416
318391.3446644295,2778992.984637584,18.134437222972583
318849.66412751673,2778992.984637584,18.15664921105249
319307.983590604,2778992.984637584,18.17561967940933
319766.3030536912,2778992.984637584,18.19144346574324
320224.6225167785,2778992.984637584,18.204229738387458
320682.9419798658,2778992.984637584,18.21410163461286
321141.261442953,2778992.984637584,18.221195458726832
321599.58090604027,2778992.984637584,18.225659528597145
322057.9003691275,2778992.984637584,18.227653175787456
322516.21983221476,2778992.984637584,18.227346810490477
322974.539295302,2778992.984637584,18.224924454772705
323432.85875838925,2778992.984637584,18.22059097695332
323891.1782214765,2778992.984637584,18.214587944870743
324349.49768456374,2778992.984637584,18.20722558715121
324807.817147651,2778992.984637584,18.198945641640368
283100.7460067114,2779230.5984496647,19.11887704392193
283559.06546979863,2779230.5984496647,19.08707575511779
284017.3849328859,2779230.5984496647,19.05162223295437
284475.7043959731,2779230.5984496647,19.011904808613895
284934.02385906037,2779230.5984496647,18.967243978988847
285392.3433221476,2779230.5984496647,18.916899111567396
285850.66278523486,2779230.5984496647,18.86008419667952
286308.9822483221,2779230.5984496647,18.795995420337665
286767.30171140935,2779230.5984496647,18.72385205962239
287225.6211744966,2779230.5984496647,18.642949426027595
287683.9406375839,2779230.5984496647,18.552718589172144
288142.26010067115,2779230.5984496647,18.45278379752028
288600.5795637584,2779230.5984496647,18.343007105908033
289058.89902684564,2779230.5984496647,18.22351243744606
289517.2184899329,2779230.5984496647,18.094687682186464
289975.53795302013,2779230.5984496647,17.957170544745715
290433.8574161074,2779230.5984496647,17.81182817170298
290892.1768791946,2779230.5984496647,17.659740396600004
291350.49634228187,2779230.5984496647,17.502192575831327
291808.8158053691,2779230.5984496647,17.34067864246795
292267.13526845636,2779230.5984496647,17.176910097588642
292725.4547315436,2779230.5984496647,17.01282317130844
293183.77419463085,2779230.5984496647,16.850574687943148
293642.0936577181,2779230.5984496647,16.692517628867492
294100.41312080534,2779230.5984496647,16.541150591441035
294558.7325838926,2779230.5984496647,16.399041612512832
295017.05204697984,2779230.5984496647,16.268735133401176
295475.3715100671,2779230.5984496647,16.15265803454549
295933.6909731543,2779230.5984496647,16.05304213003946
296392.0104362416,2779230.5984496647,15.97187344419792
296850.3298993288,2779230.5984496647,15.91086503237132
297308.64936241606,2779230.5984496647,15.87143671554175
297766.96882550337,2779230.5984496647,15.85467854022924
298225.2882885906,2779230.5984496647,15.861276601938343
298683.60775167786,2779230.5984496647,15.891385359262596
299141.9272147651,2779230.5984496647,15.944431750296303
299600.24667785235,2779230.5984496647,16.018826419469956
300058.5661409396,2779230.5984496647,16.111536027243353
300516.88560402684,2779230.5984496647,16.217462532136135
300975.2050671141,2779230.5984496647,16.328692395991972
301433.52453020134,2779230.5984496647,16.434228180455886
301891.8439932886,2779230.5984496647,16.521937616873682
302350.1634563758,2779230.5984496647,16.583970285936104
302808.4829194631,2779230.5984496647,16.62141976593509
303266.8023825503,2779230.5984496647,16.642098815978247
303725.12184563756,2779230.5984496647,16.65469120251462
304183.4413087248,2779230.5984496647,16.665565307347862
304641.76077181206,2779230.5984496647,16.678552219542983
305100.0802348993,2779230.5984496647,16.695690156869
305558.39969798655,2779230.5984496647,16.717925763175884
306016.7191610738,2779230.5984496647,16.745577994376337
306475.03862416104,2779230.5984496647,16.778611994449932
306933.3580872483,2779230.5984496647,16.816793865196637
307391.67755033553,2779230.5984496647,16.85977654529751
307849.9970134228,2779230.5984496647,16.907147076401834
308308.31647651,2779230.5984496647,16.95845255878711
308766.63593959727,2779230.5984496647,17.01321451160902
309224.9554026845,2779230.5984496647,17.070937073484902
309683.27486577176,2779230.5984496647,17.131112085633724
310141.594328859,2779230.5984496647,17.193222758195436
310599.9137919463,2779230.5984496647,17.256746874583936
311058.23325503356,2779230.5984496647,17.321160095156724
311516.5527181208,2779230.5984496647,17.385939740982685
311974.87218120805,2779230.5984496647,17.450569372896794
312433.1916442953,2779230.5984496647,17.514544442249154
312891.51110738254,2779230.5984496647,17.577379193709326
313349.8305704698,2779230.5984496647,17.638614781400808
313808.15003355703,2779230.5984496647,17.697828199503718
314266.4694966443,2779230.5984496647,17.75464118882204
314724.7889597315,2779230.5984496647,17.808727911472356
315183.10842281877,2779230.5984496647,17.859820081823997
315641.427885906,2779230.5984496647,17.907708544791355
316099.74734899326,2779230.5984496647,17.952240984291073
316558.0668120805,2779230.5984496647,17.993316313693068
317016.38627516775,2779230.5984496647,18.03087702859579
317474.705738255,2779230.5984496647,18.064901126965218
317933.02520134224,2779230.5984496647,18.095395039516262
318391.3446644295,2779230.5984496647,18.12238847522471
318849.66412751673,2779230.5984496647,18.145931395675536
319307.983590604,2779230.5984496647,18.16609271543703
319766.3030536912,2779230.5984496647,18.182959944277172
320224.6225167785,2779230.5984496647,18.196638906670835
320682.9419798658,2779230.5984496647,18.20725286985362
321141.261442953,2779230.5984496647,18.214940791634536
321599.58090604027,2779230.5984496647,18.21985484389278
322057.9003691275,2779230.5984496647,18.222157780915936
322516.21983221476,2779230.5984496647,18.222021079533523
322974.539295302,2779230.5984496647,18.219625170459256
323432.85875838925,2779230.5984496647,18.215163768152884
323891.1782214765,2779230.5984496647,18.208855871048044
324349.49768456374,2779230.5984496647,18.200972782167415
324807.817147651,2779230.5984496647,18.19189672541319
283559.06546979863,2779468.2122617452,19.03519313260238
284017.3849328859,2779468.2122617452,18.99686150157164
284475.7043959731,2779468.2122617452,18.954116645398354
284934.02385906037,2779468.2122617452,18.906305077987373
285392.3433221476,2779468.2122617452,18.852722992415366
285850.66278523486,2779468.2122617452,18.792632601996637
286308.9822483221,2779468.2122617452,18.725288495806318
286767.30171140935,2779468.2122617452,18.649974755106268
287225.6211744966,2779468.2122617452,18.5660513201526
287683.9406375839,2779468.2122617452,18.473005140640907
288142.26010067115,2779468.2122617452,18.370499060860997
288600.5795637584,2779468.2122617452,18.25841069083217
289058.89902684564,2779468.2122617452,18.136855724048054
289517.2184899329,2779468.2122617452,18.006194833658775
289975.53795302013,2779468.2122617452,17.867028409540254
290433.8574161074,2779468.2122617452,17.72018660318988
290892.1768791946,2779468.2122617452,17.566722150678945
291350.49634228187,2779468.2122617452,17.40791061566461
291808.8158053691,2779468.2122617452,17.24525838502429
292267.13526845636,2779468.2122617452,17.08051428964581
292725.4547315436,2779468.2122617452,16.915676958548787
293183.77419463085,2779468.2122617452,16.752987533258395
293642.0936577181,2779468.2122617452,16.59489700529441
294100.41312080534,2779468.2122617452,16.444000477376296
294558.7325838926,2779468.2122617452,16.302938188053542
295017.05204697984,2779468.2122617452,16.17427446880079
295475.3715100671,2779468.2122617452,16.060376765178674
295933.6909731543,2779468.2122617452,15.963320532310886
296392.0104362416,2779468.2122617452,15.884837073653214
296850.3298993288,2779468.2122617452,15.826302426859892
297308.64936241606,2779468.2122617452,15.788745968911657
297766.96882550337,2779468.2122617452,15.772847671075976
298225.2882885906,2779468.2122617452,15.778895490617671
298683.60775167786,2779468.2122617452,15.806683270660251
299141.9272147651,2779468.2122617452,15.855335819318386
299600.24667785235,2779468.2122617452,15.923046559952926
300058.5661409396,2779468.2122617452,16.00671009200931
300516.88560402684,2779468.2122617452,16.101458461852076
300975.2050671141,2779468.2122617452,16.200254069557737
301433.52453020134,2779468.2122617452,16.294089138335483
301891.8439932886,2779468.2122617452,16.373801177789616
302350.1634563758,2779468.2122617452,16.433693608725555
302808.4829194631,2779468.2122617452,16.47425981081696
303266.8023825503,2779468.2122617452,16.50092390041586
303725.12184563756,2779468.2122617452,16.520395206011855
304183.4413087248,2779468.2122617452,16.538148652231644
304641.76077181206,2779468.2122617452,16.557803275971068
305100.0802348993,2779468.2122617452,16.581435812424633
305558.39969798655,2779468.2122617452,16.610067213753783
306016.7191610738,2779468.2122617452,16.644055083669063
306475.03862416104,2779468.2122617452,16.683358832018865
306933.3580872483,2779468.2122617452,16.727706641611984
307391.67755033553,2779468.2122617452,16.776697061770793
307849.9970134228,2779468.2122617452,16.829859362905594
308308.31647651,2779468.2122617452,16.886688488377764
308766.63593959727,2779468.2122617452,16.946664637203696
309224.9554026845,2779468.2122617452,17.009263783860593
309683.27486577176,2779468.2122617452,17.073963090870546
310141.594328859,2779468.2122617452,17.140243682483433
310599.9137919463,2779468.2122617452,17.20759230720852
311058.23325503356,2779468.2122617452,17.275502834850258
311516.5527181208,2779468.2122617452,17.34347818877705
311974.87218120805,2779468.2122617452,17.411033113272342
312433.1916442953,2779468.2122617452,17.477698035857667
312891.51110738254,2779468.2122617452,17.543024131022893
313349.8305704698,2779468.2122617452,17.606589471523108
313808.15003355703,2779468.2122617452,17.66800585509405
314266.4694966443,2779468.2122617452,17.726925568018927
314724.7889597315,2779468.2122617452,17.78304710292757
315183.10842281877,2779468.2122617452,17.836118821019333
315641.427885906,2779468.2122617452,17.88593982706784
316099.74734899326,2779468.2122617452,17.93235788210006
316558.0668120805,2779468.2122617452,17.97526485323567
317016.38627516775,2779468.2122617452,18.014590759270625
317474.705738255,2779468.2122617452,18.050297715426048
317933.02520134224,2779468.2122617452,18.08237493592787
318391.3446644295,2779468.2122617452,18.110835487116407
318849.66412751673,2779468.2122617452,18.135714864556263
319307.983590604,2779468.2122617452,18.157070892971056
319766.3030536912,2779468.2122617452,18.17498408384811
320224.6225167785,2779468.2122617452,18.189557523946362
320682.9419798658,2779468.2122617452,18.200915604056945
321141.261442953,2779468.2122617452,18.209201335928864
321599.58090604027,2779468.2122617452,18.21457250062913
322057.9003691275,2779468.2122617452,18.217197293329875
322516.21983221476,2779468.2122617452,18.217250427093294
322974.539295302,2779468.2122617452,18.214910905182677
323432.85875838925,2779468.2122617452,18.210363108014725
323891.1782214765,2779468.2122617452,18.20380400795685
324349.49768456374,2779468.2122617452,18.195462552556748
324807.817147651,2779468.2122617452,18.18564633463355
325266.13661073823,2779468.2122617452,18.174857468410757
284475.7043959731,2779705.826073826,18.897335104917
284934.02385906037,2779705.826073826,18.846521291089402
285392.3433221476,2779705.826073826,18.78986256040183
285850.66278523486,2779705.826073826,18.726664742998913
286308.9822483221,2779705.826073826,18.65623374042096
286767.30171140935,2779705.826073826,18.577909097128735
287225.6211744966,2779705.826073826,18.491104738764786
287683.9406375839,2779705.826073826,18.395353156831188
288142.26010067115,2779705.826073826,18.29034758280193
288600.5795637584,2779705.826073826,18.17597641722164
289058.89902684564,2779705.826073826,18.052345973978145
289517.2184899329,2779705.826073826,17.9197910762093
289975.53795302013,2779705.826073826,17.77887680385342
290433.8574161074,2779705.826073826,17.630397096598937
290892.1768791946,2779705.826073826,17.47537599840305
291350.49634228187,2779705.826073826,17.315075184948594
291808.8158053691,2779705.826073826,17.15100782444041
292267.13526845636,2779705.826073826,16.984954637255058
292725.4547315436,2779705.826073826,16.8189738777185
293183.77419463085,2779705.826073826,16.655393519783612
293642.0936577181,2779705.826073826,16.49677241353456
294100.41312080534,2779705.826073826,16.345819708801457
294558.7325838926,2779705.826073826,16.205270713475088
295017.05204697984,2779705.826073826,16.07773265886373
295475.3715100671,2779705.826073826,15.965530390737367
295933.6909731543,2779705.826073826,15.870589334285254
296392.0104362416,2779705.826073826,15.794382200010665
296850.3298993288,2779705.826073826,15.737938999925989
297308.64936241606,2779705.826073826,15.701891826716839
297766.96882550337,2779705.826073826,15.686512337098192
298225.2882885906,2779705.826073826,15.691704868220137
298683.60775167786,2779705.826073826,15.716932866713384
299141.9272147651,2779705.826073826,15.761069368684131
299600.24667785235,2779705.826073826,15.822169282368275
300058.5661409396,2779705.826073826,15.897170923793455
300516.88560402684,2779705.826073826,15.981575684624348
300975.2050671141,2779705.826073826,16.069282774569615
301433.52453020134,2779705.826073826,16.152998686277915
301891.8439932886,2779705.826073826,16.225754882293778
302350.1634563758,2779705.826073826,16.283344673868122
302808.4829194631,2779705.826073826,16.32597857143555
303266.8023825503,2779705.826073826,16.357528362654364
303725.12184563756,2779705.826073826,16.383186011342197
304183.4413087248,2779705.826073826,16.407549874880097
304641.76077181206,2779705.826073826,16.43389049760526
305100.0802348993,2779705.826073826,16.464193838685212
305558.39969798655,2779705.826073826,16.499469245141402
306016.7191610738,2779705.826073826,16.540063571935033
306475.03862416104,2779705.826073826,16.5859046519325
306933.3580872483,2779705.826073826,16.636670652714454
307391.67755033553,2779705.826073826,16.691901251963163
307849.9970134228,2779705.826073826,16.751067489860198
308308.31647651,2779705.826073826,16.813613663410962
308766.63593959727,2779705.826073826,16.87898096978618
309224.9554026845,2779705.826073826,16.946619699650267
309683.27486577176,2779705.826073826,17.01599463474614
310141.594328859,2779705.826073826,17.086586759307735
310599.9137919463,2779705.826073826,17.157893307522663
311058.23325503356,2779705.826073826,17.229427427287337
311516.5527181208,2779705.826073826,17.30071825225709
311974.87218120805,2779705.826073826,17.3713118570104
312433.1916442953,2779705.826073826,17.440773346558906
312891.51110738254,2779705.826073826,17.50869013374614
313349.8305704698,2779705.826073826,17.57467623998388
313808.15003355703,2779705.826073826,17.638377206500778
314266.4694966443,2779705.826073826,17.69947496236299
314724.7889597315,2779705.826073826,17.757691841681197
315183.10842281877,2779705.826073826,17.812792967557808
315641.427885906,2779705.826073826,17.8645864784414
316099.74734899326,2779705.826073826,17.91292153344334
316558.0668120805,2779705.826073826,17.957684572329914
317016.38627516775,2779705.826073826,17.99879474573611
317474.705738255,2779705.826073826,18.03619961446751
317933.02520134224,2779705.826073826,18.069872071478642
318391.3446644295,2779705.826073826,18.09980900410483
318849.66412751673,2779705.826073826,18.12603161842689
319307.983590604,2779705.826073826,18.148586774941887
319766.3030536912,2779705.826073826,18.167548316689505
320224.6225167785,2779705.826073826,18.183017330708815
320682.9419798658,2779705.826073826,18.195120585939264
321141.261442953,2779705.826073826,18.20400692747902
321599.58090604027,2779705.826073826,18.209841990776614
322057.9003691275,2779705.826073826,18.212802050590007
322516.21983221476,2779705.826073826,18.213068054346326
322974.539295302,2779705.826073826,18.210820963037992
323432.85875838925,2779705.826073826,18.20623964005843
323891.1782214765,2779705.826073826,18.199503109812152
324349.49768456374,2779705.826073826,18.19080105280663
324807.817147651,2779705.826073826,18.180363004451046
325266.13661073823,2779705.826073826,18.168539626435635
325724.4560738255,2779705.826073826,18.156061144960344
284934.02385906037,2779943.4398859064,18.78795179864795
285392.3433221476,2779943.4398859064,18.72837216399353
285850.66278523486,2779943.4398859064,18.66222834891962
286308.9822483221,2779943.4398859064,18.58887112148488
286767.30171140935,2779943.4398859064,18.50768730265456
287225.6211744966,2779943.4398859064,18.41813568040926
287683.9406375839,2779943.4398859064,18.319785478507224
288142.26010067115,2779943.4398859064,18.212353167214417
288600.5795637584,2779943.4398859064,18.095733376715096
289058.89902684564,2779943.4398859064,17.97002113986896
289517.2184899329,2779943.4398859064,17.83552532451646
289975.53795302013,2779943.4398859064,17.69277593154372
290433.8574161074,2779943.4398859064,17.542529773908193
290892.1768791946,2779943.4398859064,17.385779174064762
291350.49634228187,2779943.4398859064,17.223766651063535
291808.8158053691,2779943.4398859064,17.05800549532565
292267.13526845636,2779943.4398859064,16.890302096699546
292725.4547315436,2779943.4398859064,16.722771259020373
293183.77419463085,2779943.4398859064,16.557831075819735
293642.0936577181,2779943.4398859064,16.398160757956596
294100.41312080534,2779943.4398859064,16.24660617437147
294558.7325838926,2779943.4398859064,16.10602787504829
295017.05204697984,2779943.4398859064,15.979106783712838
295475.3715100671,2779943.4398859064,15.868147533658073
295933.6909731543,2779943.4398859064,15.774932899666263
296392.0104362416,2779943.4398859064,15.700669366182666
296850.3298993288,2779943.4398859064,15.646025196466002
297308.64936241606,2779943.4398859064,15.611221432372142
297766.96882550337,2779943.4398859064,15.596118132156146
298225.2882885906,2779943.4398859064,15.600248090884701
298683.60775167786,2779943.4398859064,15.622774034275997
299141.9272147651,2779943.4398859064,15.662366441362847
299600.24667785235,2779943.4398859064,15.717012861007678
300058.5661409396,2779943.4398859064,15.783785705340275
300516.88560402684,2779943.4398859064,15.858637444538141
300975.2050671141,2779943.4398859064,15.936387346601583
301433.52453020134,2779943.4398859064,16.011190417705794
301891.8439932886,2779943.4398859064,16.077740473157014
302350.1634563758,2779943.4398859064,16.132924348927656
302808.4829194631,2779943.4398859064,16.176855626013037
303266.8023825503,2779943.4398859064,16.212390685716475
303725.12184563756,2779943.4398859064,16.2435774945842
304183.4413087248,2779943.4398859064,16.27422281816931
304641.76077181206,2779943.4398859064,16.30718373655732
305100.0802348993,2779943.4398859064,16.344261309406193
305558.39969798655,2779943.4398859064,16.38637695864146
306016.7191610738,2779943.4398859064,16.433815545201842
306475.03862416104,2779943.4398859064,16.486442193541027
306933.3580872483,2779943.4398859064,16.54386768358959
307391.67755033553,2779943.4398859064,16.605564228388975
307849.9970134228,2779943.4398859064,16.670941392986805
308308.31647651,2779943.4398859064,16.73939266932097
308766.63593959727,2779943.4398859064,16.810321720203547
309224.9554026845,2779943.4398859064,16.883155324643724
309683.27486577176,2779943.4398859064,16.957348199043803
310141.594328859,2779943.4398859064,17.032383322449434
310599.9137919463,2779943.4398859064,17.107770196008172
311058.23325503356,2779943.4398859064,17.183042590904147
311516.5527181208,2779943.4398859064,17.25775672905226
311974.87218120805,2779943.4398859064,17.331490426799697
312433.1916442953,2779943.4398859064,17.403843441582072
312891.51110738254,2779943.4398859064,17.474439031364366
313349.8305704698,2779943.4398859064,17.542926523681732
313808.15003355703,2779943.4398859064,17.608984483781384
314266.4694966443,2779943.4398859064,17.672323895670367
314724.7889597315,2779943.4398859064,17.732690681961333
315183.10842281877,2779943.4398859064,17.78986695050503
315641.427885906,2779943.4398859064,17.843670599821543
316099.74734899326,2779943.4398859064,17.89395331106801
316558.0668120805,2779943.4398859064,17.94059740256429
317016.38627516775,2779943.4398859064,17.98351238303848
317474.705738255,2779943.4398859064,18.02263217959262
317933.02520134224,2779943.4398859064,18.057913861216704
318391.3446644295,2779943.4398859064,18.089338240554458
318849.66412751673,2779943.4398859064,18.11691212000918
319307.983590604,2779943.4398859064,18.14067133320898
319766.3030536912,2779943.4398859064,18.160683330687746
320224.6225167785,2779943.4398859064,18.17704803680858
320682.9419798658,2779943.4398859064,18.189896102344743
321141.261442953,2779943.4398859064,18.199384363120966
321599.58090604027,2779943.4398859064,18.205689038348904
322057.9003691275,2779943.4398859064,18.208997714688856
322516.21983221476,2779943.4398859064,18.209501340672556
322974.539295302,2779943.4398859064,18.207387348405998
323432.85875838925,2779943.4398859064,18.20283480964539
323891.1782214765,2779943.4398859064,18.196012509254988
324349.49768456374,2779943.4398859064,18.187081502024213
324807.817147651,2779943.4398859064,18.17620663878681
325266.13661073823,2779943.4398859064,18.16359317739376
325724.4560738255,2779943.4398859064,18.149621648682288
285392.3433221476,2780181.053697987,18.668300406872945
285850.66278523486,2780181.053697987,18.59936626032659
286308.9822483221,2780181.053697987,18.523237038412233
286767.30171140935,2780181.053697987,18.439339672192627
287225.6211744966,2780181.053697987,18.347169964409346
287683.9406375839,2780181.053697987,18.246326311433457
288142.26010067115,2780181.053697987,18.1365421456899
288600.5795637584,2780181.053697987,18.01771397943049
289058.89902684564,2780181.053697987,17.889923141301406
289517.2184899329,2780181.053697987,17.753451334994313
289975.53795302013,2780181.053697987,17.608792310389575
290433.8574161074,2780181.053697987,17.456663392066844
290892.1768791946,2780181.053697987,17.298020778380153
291350.49634228187,2780181.053697987,17.1340812343599
291808.8158053691,2780181.053697987,16.96635014474688
292267.13526845636,2780181.053697987,16.79665195989012
292725.4547315436,2780181.053697987,16.627153864360668
293183.77419463085,2780181.053697987,16.4603673249264
293642.0936577181,2780181.053697987,16.299106597384572
294100.41312080534,2780181.053697987,16.146382386986513
294558.7325838926,2780181.053697987,16.00521930269906
295017.05204697984,2780181.053697987,15.878412491992101
295475.3715100671,2780181.053697987,15.76827579887626
295933.6909731543,2780181.053697987,15.67645773501599
296392.0104362416,2780181.053697987,15.603885502514315
296850.3298993288,2780181.053697987,15.550840842828935
297308.64936241606,2780181.053697987,15.517111141381658
297766.96882550337,2780181.053697987,15.502135415378067
298225.2882885906,2780181.053697987,15.505083786418384
298683.60775167786,2780181.053697987,15.524846125279286
299141.9272147651,2780181.053697987,15.559936058273623
299600.24667785235,2780181.053697987,15.608334587767237
300058.5661409396,2780181.053697987,15.667314287364215
300516.88560402684,2780181.053697987,15.73331883530308
300975.2050671141,2780181.053697987,15.802033696944246
301433.52453020134,2780181.053697987,15.868835243272507
301891.8439932886,2780181.053697987,15.929715031775732
302350.1634563758,2780181.053697987,15.982408959676455
302808.4829194631,2780181.053697987,16.027050192942426
303266.8023825503,2780181.053697987,16.065834510746484
303725.12184563756,2780181.053697987,16.101957202872732
304183.4413087248,2780181.053697987,16.1385411772661
304641.76077181206,2780181.053697987,16.178011062965872
305100.0802348993,2780181.053697987,16.221918920436043
305558.39969798655,2780181.053697987,16.271033984799935
306016.7191610738,2780181.053697987,16.325529540425066
306475.03862416104,2780181.053697987,16.38517429489795
306933.3580872483,2780181.053697987,16.44949077570726
307391.67755033553,2780181.053697987,16.517872135897502
307849.9970134228,2780181.053697987,16.589661108284773
308308.31647651,2780181.053697987,16.664198954847656
308766.63593959727,2780181.053697987,16.74085265533819
309224.9554026845,2780181.053697987,16.819027470484787
309683.27486577176,2780181.053697987,16.898170448827962
310141.594328859,2780181.053697987,16.97776891432514
310599.9137919463,2780181.053697987,17.057346682875252
311058.23325503356,2780181.053697987,17.136459766982608
311516.5527181208,2780181.053697987,17.21469261693434
311974.87218120805,2780181.053697987,17.29165545566612
312433.1916442953,2780181.053697987,17.366982924199704
312891.51110738254,2780181.053697987,17.440334003305118
313349.8305704698,2780181.053697987,17.511392972352063
313808.15003355703,2780181.053697987,17.57987099357809
314266.4694966443,2780181.053697987,17.645507784999786
314724.7889597315,2780181.053697987,17.708072806496475
315183.10842281877,2780181.053697987,17.767365473117614
315641.427885906,2780181.053697987,17.823214145770784
316099.74734899326,2780181.053697987,17.875474004008016
316558.0668120805,2780181.053697987,17.924024297999285
317016.38627516775,2780181.053697987,17.968765790357228
317474.705738255,2780181.053697987,18.00961931385374
317933.02520134224,2780181.053697987,18.0465262038819
318391.3446644295,2780181.053697987,18.079450899753958
318849.66412751673,2780181.053697987,18.108385328120942
319307.983590604,2780181.053697987,18.133353972441576
319766.3030536912,2780181.053697987,18.154418054091526
320224.6225167785,2780181.053697987,18.171677237517205
320682.9419798658,2780181.053697987,18.185267798909887
321141.261442953,2780181.053697987,18.195357100668705
321599.58090604027,2780181.053697987,18.202135146377252
322057.9003691275,2780181.053697987,18.205804607355198
322516.21983221476,2780181.053697987,18.20657084580325
322974.539295302,2780181.053697987,18.204633176509038
323432.85875838925,2780181.053697987,18.200178120820148
323891.1782214765,2780181.053697987,18.19337494334869
324349.49768456374,2780181.053697987,18.184373508452428
324807.817147651,2780181.053697987,18.173304680320996
325266.13661073823,2780181.053697987,18.160284985247884
325724.4560738255,2780181.053697987,18.145435732313864
326182.7755369127,2780181.053697987,18.129007736518528
286308.9822483221,2780418.667510067,18.4593648482386
286767.30171140935,2780418.667510067,18.372894908847005
287225.6211744966,2780418.667510067,18.27823332417818
287683.9406375839,2780418.667510067,18.17500115119007
288142.26010067115,2780418.667510067,18.062943254653412
288600.5795637584,2780418.667510067,17.941953922552955
289058.89902684564,2780418.667510067,17.81209803108545
289517.2184899329,2780418.667510067,17.673628117448803
289975.53795302013,2780418.667510067,17.526999431720498
290433.8574161074,2780418.667510067,17.37288624807884
290892.1768791946,2780418.667510067,17.212202962250377
291350.49634228187,2780418.667510067,17.046132557823654
291808.8158053691,2780418.667510067,16.87616276796456
292267.13526845636,2780418.667510067,16.70412645760157
292725.4547315436,2780418.667510067,16.532236979253213
293183.77419463085,2780418.667510067,16.363101294269363
293642.0936577181,2780418.667510067,16.1996847656601
294100.41312080534,2780418.667510067,16.045196683711534
294558.7325838926,2780418.667510067,15.902874863236956
295017.05204697984,2780418.667510067,15.775681707390438
295475.3715100671,2780418.667510067,15.665978974444213
295933.6909731543,2780418.667510067,15.575290356051571
296392.0104362416,2780418.667510067,15.50424297710063
296850.3298993288,2780418.667510067,15.45269506036605
297308.64936241606,2780418.667510067,15.419966524874106
297766.96882550337,2780418.667510067,15.405058704614772
298225.2882885906,2780418.667510067,15.406784402039456
298683.60775167786,2780418.667510067,15.423786257839474
299141.9272147651,2780418.667510067,15.454462372559908
299600.24667785235,2780418.667510067,15.496837473588165
300058.5661409396,2780418.667510067,15.54843019916813
300516.88560402684,2780418.667510067,15.606188515275262
300975.2050671141,2780418.667510067,15.666597537261113
301433.52453020134,2780418.667510067,15.726072192758393
301891.8439932886,2780418.667510067,15.781651034180637
302350.1634563758,2780418.667510067,15.831765620718501
302808.4829194631,2780418.667510067,15.876647560981214
303266.8023825503,2780418.667510067,15.918074214504419
303725.12184563756,2780418.667510067,15.958611694449644
304183.4413087248,2780418.667510067,16.000806486189564
304641.76077181206,2780418.667510067,16.046657919081305
305100.0802348993,2780418.667510067,16.097427309032934
305558.39969798655,2780418.667510067,16.153678829149257
306016.7191610738,2780418.667510067,16.215427877382027
306475.03862416104,2780418.667510067,16.28231229036523
306933.3580872483,2780418.667510067,16.353743454769123
307391.67755033553,2780418.667510067,16.42902192026133
307849.9970134228,2780418.667510067,16.507416838270395
308308.31647651,2780418.667510067,16.588215024353833
308766.63593959727,2780418.667510067,16.67074731052045
309224.9554026845,2780418.667510067,16.754399433120724
309683.27486577176,2780418.667510067,16.838613350623017
310141.594328859,2780418.667510067,16.92288334385928
310599.9137919463,2780418.667510067,17.00674987360864
311058.23325503356,2780418.667510067,17.089793083465356
311516.5527181208,2780418.667510067,17.17162704415155
311974.87218120805,2780418.667510067,17.251895287070845
312433.1916442953,2780418.667510067,17.33026780153233
312891.51110738254,2780418.667510067,17.406439409120175
313349.8305704698,2780418.667510067,17.48012923632763
313808.15003355703,2780418.667510067,17.551080864429164
314266.4694966443,2780418.667510067,17.619062651076646
314724.7889597315,2780418.667510067,17.683867717092056
315183.10842281877,2780418.667510067,17.74531320292245
315641.427885906,2780418.667510067,17.80323863312842
316099.74734899326,2780418.667510067,17.857503559838296
316558.0668120805,2780418.667510067,17.907985021103034
317016.38627516775,2780418.667510067,17.954575646764713
317474.705738255,2780418.667510067,17.99718335697281
317933.02520134224,2780418.667510067,18.035733424672184
318391.3446644295,2780418.667510067,18.070173164309075
318849.66412751673,2780418.667510067,18.100478719810845
319307.983590604,2780418.667510067,18.1266625573505
319766.3030536912,2780418.667510067,18.14877965419063
320224.6225167785,2780418.667510067,18.166930350181882
320682.9419798658,2780418.667510067,18.181258527827453
321141.261442953,2780418.667510067,18.19194499848939
321599.58090604027,2780418.667510067,18.199197209106945
322057.9003691275,2780418.667510067,18.20323715818806
322516.21983221476,2780418.667510067,18.204289507093552
322974.539295302,2780418.667510067,18.20257141732826
323432.85875838925,2780418.667510067,18.198284953744416
323891.1782214765,2780418.667510067,18.1916122780168
324349.49768456374,2780418.667510067,18.1827135278577
324807.817147651,2780418.667510067,18.171727448971353
325266.13661073823,2780418.667510067,18.158776344038166
325724.4560738255,2780418.667510067,18.143985288504158
326182.7755369127,2780418.667510067,18.127605353567848
286767.30171140935,2780656.2813221477,18.3083803064139
287225.6211744966,2780656.2813221477,18.211351397297765
287683.9406375839,2780656.2813221477,18.10583661973967
288142.26010067115,2780656.2813221477,17.991587408948295
288600.5795637584,2780656.2813221477,17.868492005702965
289058.89902684564,2780656.2813221477,17.73659593643437
289517.2184899329,2780656.2813221477,17.59612004880774
289975.53795302013,2780656.2813221477,17.447478068247754
290433.8574161074,2780656.2813221477,17.29129671122572
290892.1768791946,2780656.2813221477,17.128441760929373
291350.49634228187,2780656.2813221477,16.96005293116612
291808.8158053691,2780656.2813221477,16.78758854763258
292267.13526845636,2780656.2813221477,16.612877542312773
292725.4547315436,2780656.2813221477,16.438170057808062
293183.77419463085,2780656.2813221477,16.266168062624992
293642.0936577181,2780656.2813221477,16.10000415872061
294100.41312080534,2780656.2813221477,15.943125486355116
294558.7325838926,2780656.2813221477,15.79904460092987
295017.05204697984,2780656.2813221477,15.67096059303095
295475.3715100671,2780656.2813221477,15.561334519652966
295933.6909731543,2780656.2813221477,15.471575932834
296392.0104362416,2780656.2813221477,15.401980024928761
296850.3298993288,2780656.2813221477,15.351927915911606
297308.64936241606,2780656.2813221477,15.320224189574578
297766.96882550337,2780656.2813221477,15.305407906853555
298225.2882885906,2780656.2813221477,15.305936807003619
298683.60775167786,2780656.2813221477,15.320230198146493
299141.9272147651,2780656.2813221477,15.346607995713939
299600.24667785235,2780656.2813221477,15.383179768389594
300058.5661409396,2780656.2813221477,15.427740973139702
300516.88560402684,2780656.2813221477,15.477741111774895
300975.2050671141,2780656.2813221477,15.53039901378664
301433.52453020134,2780656.2813221477,15.583026281509397
301891.8439932886,2780656.2813221477,15.633536227619716
302350.1634563758,2780656.2813221477,15.680960291005402
302808.4829194631,2780656.2813221477,15.725687066217224
303266.8023825503,2780656.2813221477,15.769247067451724
303725.12184563756,2780656.2813221477,15.813748483636054
304183.4413087248,2780656.2813221477,15.861258196937854
304641.76077181206,2780656.2813221477,15.913369650540446
305100.0802348993,2780656.2813221477,15.971026276419257
305558.39969798655,2780656.2813221477,16.03454328831756
306016.7191610738,2780656.2813221477,16.103735345868337
306475.03862416104,2780656.2813221477,16.178075248523328
306933.3580872483,2780656.2813221477,16.256839452254415
307391.67755033553,2780656.2813221477,16.339221365259625
307849.9970134228,2780656.2813221477,16.42440914486597
308308.31647651,2780656.2813221477,16.511632671055608
308766.63593959727,2780656.2813221477,16.600187194130406
309224.9554026845,2780656.2813221477,16.689441136323957
309683.27486577176,2780656.2813221477,16.77883424677173
310141.594328859,2780656.2813221477,16.86787069745981
310599.9137919463,2780656.2813221477,16.956110228247905
311058.23325503356,2780656.2813221477,17.04315927455659
311516.5527181208,2780656.2813221477,17.128663158162567
311974.87218120805,2780656.2813221477,17.212299836721613
312433.1916442953,2780656.2813221477,17.29377531866707
312891.51110738254,2780656.2813221477,17.372820591260258
313349.8305704698,2780656.2813221477,17.44918973443134
313808.15003355703,2780656.2813221477,17.522658779496194
314266.4694966443,2780656.2813221477,17.59302482083808
314724.7889597315,2780656.2813221477,17.66010491720495
315183.10842281877,2780656.2813221477,17.723734447760023
315641.427885906,2780656.2813221477,17.78376482445627
316099.74734899326,2780656.2813221477,17.840060788153508
316558.0668120805,2780656.2813221477,17.89249787764057
317016.38627516775,2780656.2813221477,17.940960968848163
317474.705738255,2780656.2813221477,17.985344917235594
317933.02520134224,2780656.2813221477,18.02555817047759
318391.3446644295,2780656.2813221477,18.06152965555269
318849.66412751673,2780656.2813221477,18.09321830056084
319307.983590604,2780656.2813221477,18.120623444442266
319766.3030536912,2780656.2813221477,18.143793551199252
320224.6225167785,2780656.2813221477,18.162830571878157
320682.9419798658,2780656.2813221477,18.177888222711733
321141.261442953,2780656.2813221477,18.18916409668601
321599.58090604027,2780656.2813221477,18.196887198493414
322057.9003691275,2780656.2813221477,18.20130349079408
322516.21983221476,2780656.2813221477,18.202662091560693
322974.539295302,2780656.2813221477,18.20120411046398
323432.85875838925,2780656.2813221477,18.197155275347114
323891.1782214765,2780656.2813221477,18.190723013858644
324349.49768456374,2780656.2813221477,18.18209911756529
324807.817147651,2780656.2813221477,18.1714720018698
325266.13661073823,2780656.2813221477,18.15906424095253
325724.4560738255,2780656.2813221477,18.14526801871788
326182.7755369127,2780656.2813221477,18.131354696633373
287225.6211744966,2780893.8951342283,18.14654962448086
287683.9406375839,2780893.8951342283,18.038860217313538
288142.26010067115,2780893.8951342283,17.92250737244451
288600.5795637584,2780893.8951342283,17.797369796758122
289058.89902684564,2780893.8951342283,17.66347078346043
289517.2184899329,2780893.8951342283,17.520996696995155
289975.53795302013,2780893.8951342283,17.370316227766725
290433.8574161074,2780893.8951342283,17.212003358815718
290892.1768791946,2780893.8951342283,17.04686752641948
291350.49634228187,2780893.8951342283,16.875994289999237
291808.8158053691,2780893.8951342283,16.70079860740301
292267.13526845636,2780893.8951342283,16.52308979422819
292725.4547315436,2780893.8951342283,16.345140965616853
293183.77419463085,2780893.8951342283,16.16974406252694
293642.0936577181,2780893.8951342283,16.000213073165398
294100.41312080534,2780893.8951342283,15.840277048017231
294558.7325838926,2780893.8951342283,15.693799590623245
295017.05204697984,2780893.8951342283,15.56430781996395
295475.3715100671,2780893.8951342283,15.454431357021784
295933.6909731543,2780893.8951342283,15.365477918458076
296392.0104362416,2780893.8951342283,15.297362935277949
296850.3298993288,2780893.8951342283,15.248914168843056
297308.64936241606,2780893.8951342283,15.218355588473724
297766.96882550337,2780893.8951342283,15.203731313689419
298225.2882885906,2780893.8951342283,15.203144599353664
298683.60775167786,2780893.8951342283,15.214815089354772
299141.9272147651,2780893.8951342283,15.23701919370264
299600.24667785235,2780893.8951342283,15.267985415343672
300058.5661409396,2780893.8951342283,15.30580626715387
300516.88560402684,2780893.8951342283,15.348421944174977
300975.2050671141,2780893.8951342283,15.393726020974347
301433.52453020134,2780893.8951342283,15.439819573315752
301891.8439932886,2780893.8951342283,15.485373596985248
302350.1634563758,2780893.8951342283,15.529962187746499
302808.4829194631,2780893.8951342283,15.574179271334161
303266.8023825503,2780893.8951342283,15.619435606009814
303725.12184563756,2780893.8951342283,15.6675138979356
304183.4413087248,2780893.8951342283,15.720084007191357
304641.76077181206,2780893.8951342283,15.778356036141233
305100.0802348993,2780893.8951342283,15.842936202882544
305558.39969798655,2780893.8951342283,15.91385266836671
306016.7191610738,2780893.8951342283,15.990679199915782
306475.03862416104,2780893.8951342283,16.07269008614051
306933.3580872483,2780893.8951342283,16.159002973816335
307391.67755033553,2780893.8951342283,16.248689442373028
307849.9970134228,2780893.8951342283,16.340849297374454
308308.31647651,2780893.8951342283,16.43465326546039
308766.63593959727,2780893.8951342283,16.529361988507723
309224.9554026845,2780893.8951342283,16.62432924016182
309683.27486577176,2780893.8951342283,16.718995880721657
310141.594328859,2780893.8951342283,16.812879296954307
310599.9137919463,2780893.8951342283,16.90556146888606
311058.23325503356,2780893.8951342283,16.99667755218599
311516.5527181208,2780893.8951342283,17.085905970939283
311974.87218120805,2780893.8951342283,17.172960416409843
312433.1916442953,2780893.8951342283,17.25758376117158
312891.51110738254,2780893.8951342283,17.339543653584922
313349.8305704698,2780893.8951342283,17.41862940538346
313808.15003355703,2780893.8951342283,17.49464969969443
314266.4694966443,2780893.8951342283,17.567430624473467
314724.7889597315,2780893.8951342283,17.636813588470094
315183.10842281877,2780893.8951342283,17.702652819631755
315641.427885906,2780893.8951342283,17.764812388039932
316099.74734899326,2780893.8951342283,17.82316302638741
316558.0668120805,2780893.8951342283,17.87757940018327
317016.38627516775,2780893.8951342283,17.927938827836705
317474.705738255,2780893.8951342283,17.974122642073034
317933.02520134224,2780893.8951342283,18.01602125308216
318391.3446644295,2780893.8951342283,18.053543358782164
318849.66412751673,2780893.8951342283,18.08662860165215
319307.983590604,2780893.8951342283,18.115261519061708
319766.3030536912,2780893.8951342283,18.139483447870845
320224.6225167785,2780893.8951342283,18.159398856547643
320682.9419798658,2780893.8951342283,18.17517379681109
321141.261442953,2780893.8951342283,18.18702643588655
321599.58090604027,2780893.8951342283,18.195211924719782
322057.9003691275,2780893.8951342283,18.20000515652243
322516.21983221476,2780893.8951342283,18.201684933227945
322974.539295302,2780893.8951342283,18.200522128235626
323432.85875838925,2780893.8951342283,18.196773439849814
323891.1782214765,2780893.8951342283,18.19068212610652
324349.49768456374,2780893.8951342283,18.18248880895038
324807.817147651,2780893.8951342283,18.17246201659928
325266.13661073823,2780893.8951342283,18.16098116531647
325724.4560738255,2780893.8951342283,18.148796566195795
288142.26010067115,2781131.508946309,17.85573732809794
288600.5795637584,2781131.508946309,17.728631152403157
289058.89902684564,2781131.508946309,17.592779811631626
289517.2184899329,2781131.508946309,17.448332359053083
289975.53795302013,2781131.508946309,17.29560874460717
290433.8574161074,2781131.508946309,17.135124682984397
290892.1768791946,2781131.508946309,16.967624890061828
291350.49634228187,2781131.508946309,16.79412868171076
291808.8158053691,2781131.508946309,16.615991443406692
292267.13526845636,2781131.508946309,16.43498333193837
292725.4547315436,2781131.508946309,16.25338081368243
293183.77419463085,2781131.508946309,16.074053760848383
293642.0936577181,2781131.508946309,15.900506598545567
294100.41312080534,2781131.508946309,15.736797305066265
294558.7325838926,2781131.508946309,15.587234114955907
295017.05204697984,2781131.508946309,15.455793210809672
295475.3715100671,2781131.508946309,15.345367994235367
295933.6909731543,2781131.508946309,15.257178988970228
296392.0104362416,2781131.508946309,15.190690565471787
296850.3298993288,2781131.508946309,15.144069594569048
297308.64936241606,2781131.508946309,15.114872995375121
297766.96882550337,2781131.508946309,15.100610208238216
298225.2882885906,2781131.508946309,15.0990316787087
298683.60775167786,2781131.508946309,15.108183298563688
299141.9272147651,2781131.508946309,15.126331907951066
299600.24667785235,2781131.508946309,15.151854269398498
300058.5661409396,2781131.508946309,15.18315333874928
300516.88560402684,2781131.508946309,15.218645871161657
300975.2050671141,2781131.508946309,15.256850450412756
301433.52453020134,2781131.508946309,15.296578603311897
301891.8439932886,2781131.508946309,15.337181582554587
302350.1634563758,2781131.508946309,15.37874635036893
302808.4829194631,2781131.508946309,15.422116704984145
303266.8023825503,2781131.508946309,15.468683103772687
303725.12184563756,2781131.508946309,15.52000711111733
304183.4413087248,2781131.508946309,15.577429510789493
304641.76077181206,2781131.508946309,15.641796883844233
305100.0802348993,2781131.508946309,15.713361079616655
305558.39969798655,2781131.508946309,15.791827541213944
306016.7191610738,2781131.508946309,15.876490376049667
306475.03862416104,2781131.508946309,15.966392555177212
306933.3580872483,2781131.508946309,16.06046953493127
307391.67755033553,2781131.508946309,16.157656992200494
307849.9970134228,2781131.508946309,16.256959785977706
308308.31647651,2781131.508946309,16.357488101006528
308766.63593959727,2781131.508946309,16.458469743347507
309224.9554026845,2781131.508946309,16.559247207522084
309683.27486577176,2781131.508946309,16.659266365406552
310141.594328859,2781131.508946309,16.758061597161777
310599.9137919463,2781131.508946309,16.855240429480936
311058.23325503356,2781131.508946309,16.950469425358783
311516.5527181208,2781131.508946309,17.04346215897421
311974.87218120805,2781131.508946309,17.13396952000636
312433.1916442953,2781131.508946309,17.2217722277417
312891.51110738254,2781131.508946309,17.306675218366248
313349.8305704698,2781131.508946309,17.388503445883412
313808.15003355703,2781131.508946309,17.467098580332483
314266.4694966443,2781131.508946309,17.54231608984562
314724.7889597315,2781131.508946309,17.614022263903628
315183.10842281877,2781131.508946309,17.682090888940284
315641.427885906,2781131.508946309,17.74639953656389
316099.74734899326,2781131.508946309,17.80682576878602
316558.0668120805,2781131.508946309,17.86324397867349
317016.38627516775,2781131.508946309,17.915524001643448
317474.705738255,2781131.508946309,17.963532920243313
317933.02520134224,2781131.508946309,18.00714143268616
318391.3446644295,2781131.508946309,18.0462355086432
318849.66412751673,2781131.508946309,18.080732662430755
319307.983590604,2781131.508946309,18.110600237910806
319766.3030536912,2781131.508946309,18.13587137446782
320224.6225167785,2781131.508946309,18.156653907676837
320682.9419798658,2781131.508946309,18.173129056150007
321141.261442953,2781131.508946309,18.185539902353177
321599.58090604027,2781131.508946309,18.194172859419957
322057.9003691275,2781131.508946309,18.19933700687289
322516.21983221476,2781131.508946309,18.201345950365035
322974.539295302,2781131.508946309,18.20050548503597
323432.85875838925,2781131.508946309,18.197109079913364
323891.1782214765,2781131.508946309,18.19144324171452
324349.49768456374,2781131.508946309,18.183807604861137
324807.817147651,2781131.508946309,18.174563717716655
325266.13661073823,2781131.508946309,18.164253573530143
288600.5795637584,2781369.1227583895,17.662321599495286
289058.89902684564,2781369.1227583895,17.524582885388355
289517.2184899329,2781369.1227583895,17.3782053169472
289975.53795302013,2781369.1227583895,17.22345649869003
290433.8574161074,2781369.1227583895,17.060788330846425
290892.1768791946,2781369.1227583895,16.89087217371436
291350.49634228187,2781369.1227583895,16.714648158649705
291808.8158053691,2781369.1227583895,16.533393837907784
292267.13526845636,2781369.1227583895,16.348816519082327
292725.4547315436,2781369.1227583895,16.163169281688045
293183.77419463085,2781369.1227583895,15.979377918071613
293642.0936577181,2781369.1227583895,15.8011367075823
294100.41312080534,2781369.1227583895,15.632878750905842
294558.7325838926,2781369.1227583895,15.479469827790778
295017.05204697984,2781369.1227583895,15.345496878114528
295475.3715100671,2781369.1227583895,15.234251024462305
295933.6909731543,2781369.1227583895,15.146883838609465
296392.0104362416,2781369.1227583895,15.082302050214953
296850.3298993288,2781369.1227583895,15.03786052802484
297308.64936241606,2781369.1227583895,15.010337798746358
297766.96882550337,2781369.1227583895,14.996664825573397
298225.2882885906,2781369.1227583895,14.99424656361135
298683.60775167786,2781369.1227583895,15.000986680380663
299141.9272147651,2781369.1227583895,15.015177788411053
299600.24667785235,2781369.1227583895,15.03537139975737
300058.5661409396,2781369.1227583895,15.060289940589325
300516.88560402684,2781369.1227583895,15.088811819216158
300975.2050671141,2781369.1227583895,15.120040055198086
301433.52453020134,2781369.1227583895,15.153439905321882
301891.8439932886,2781369.1227583895,15.188994683237205
302350.1634563758,2781369.1227583895,15.227295314287746
302808.4829194631,2781369.1227583895,15.269480698454828
303266.8023825503,2781369.1227583895,15.317004241145508
303725.12184563756,2781369.1227583895,15.3712909568867
304183.4413087248,2781369.1227583895,15.433406820640228
304641.76077181206,2781369.1227583895,15.503848140527868
305100.0802348993,2781369.1227583895,15.58249275215289
305558.39969798655,2781369.1227583895,15.668686824796316
306016.7191610738,2781369.1227583895,15.761405848494908
306475.03862416104,2781369.1227583895,15.859429076600433
306933.3580872483,2781369.1227583895,15.961487357590627
307391.67755033553,2781369.1227583895,16.06636773310925
307849.9970134228,2781369.1227583895,16.17297499272276
308308.31647651,2781369.1227583895,16.280358785648282
308766.63593959727,2781369.1227583895,16.38771704895929
309224.9554026845,2781369.1227583895,16.494385316410252
309683.27486577176,2781369.1227583895,16.599819083901995
310141.594328859,2781369.1227583895,16.703574014346476
310599.9137919463,2781369.1227583895,16.805286841544476
311058.23325503356,2781369.1227583895,16.904658463305577
311516.5527181208,2781369.1227583895,17.001439816120048
311974.87218120805,2781369.1227583895,17.095420571673163
312433.1916442953,2781369.1227583895,17.186420374553002
312891.51110738254,2781369.1227583895,17.274282164376913
313349.8305704698,2781369.1227583895,17.358867038517865
313808.15003355703,2781369.1227583895,17.440050084667288
314266.4694966443,2781369.1227583895,17.51771663784535
314724.7889597315,2781369.1227583895,17.591758501469045
315183.10842281877,2781369.1227583895,17.66206983276309
315641.427885906,2781369.1227583895,17.72854264740711
316099.74734899326,2781369.1227583895,17.791062259556792
316558.0668120805,2781369.1227583895,17.849503435637583
317016.38627516775,2781369.1227583895,17.903728555025648
317474.705738255,2781369.1227583895,17.95358950504576
317933.02520134224,2781369.1227583895,17.99893513007592
318391.3446644295,2781369.1227583895,18.039625425600537
318849.66412751673,2781369.1227583895,18.07555199333036
319307.983590604,2781369.1227583895,18.106661676523487
319766.3030536912,2781369.1227583895,18.132977747679995
320224.6225167785,2781369.1227583895,18.15461217962807
320682.9419798658,2781369.1227583895,18.1717646136167
321141.261442953,2781369.1227583895,18.184708079906365
321599.58090604027,2781369.1227583895,18.193765998654257
322057.9003691275,2781369.1227583895,18.19928717698591
322516.21983221476,2781369.1227583895,18.201624901452384
322974.539295302,2781369.1227583895,18.20112411198009
323432.85875838925,2781369.1227583895,18.19811889344821
323891.1782214765,2781369.1227583895,18.192942606559136
324349.49768456374,2781369.1227583895,18.18595628998714
324807.817147651,2781369.1227583895,18.177610370778783
325266.13661073823,2781369.1227583895,18.168577109128236
289058.89902684564,2781606.73657047,17.458941612760917
289517.2184899329,2781606.73657047,17.31069681704355
289975.53795302013,2781606.73657047,17.1539652543328
290433.8574161074,2781606.73657047,16.989129840272817
290892.1768791946,2781606.73657047,16.816780159520427
291350.49634228187,2781606.73657047,16.63776391015789
291808.8158053691,2781606.73657047,16.453260991051927
292267.13526845636,2781606.73657047,16.264888135080778
292725.4547315436,2781606.73657047,16.074840168921085
293183.77419463085,2781606.73657047,15.886063531788206
293642.0936577181,2781606.73657047,15.702425839028308
294100.41312080534,2781606.73657047,15.528773699684944
294558.7325838926,2781606.73657047,15.370663003646257
295017.05204697984,2781606.73657047,15.23350907072394
295475.3715100671,2781606.73657047,15.121194099858776
295933.6909731543,2781606.73657047,15.03482476148289
296392.0104362416,2781606.73657047,14.972589053722825
296850.3298993288,2781606.73657047,14.930817471518168
297308.64936241606,2781606.73657047,14.905371197569465
297766.96882550337,2781606.73657047,14.892561250562444
298225.2882885906,2781606.73657047,14.889466829146162
298683.60775167786,2781606.73657047,14.893890576714767
299141.9272147651,2781606.73657047,14.90418960471218
299600.24667785235,2781606.73657047,14.919115100811819
300058.5661409396,2781606.73657047,14.937714912849508
300516.88560402684,2781606.73657047,14.959314218571144
300975.2050671141,2781606.73657047,14.983567654738053
301433.52453020134,2781606.73657047,15.010554689505177
301891.8439932886,2781606.73657047,15.040864592211431
302350.1634563758,2781606.73657047,15.075600467129298
302808.4829194631,2781606.73657047,15.116245843265933
303266.8023825503,2781606.73657047,15.164392445953412
303725.12184563756,2781606.73657047,15.221400181292958
304183.4413087248,2781606.73657047,15.288102148463167
304641.76077181206,2781606.73657047,15.36464825886081
305100.0802348993,2781606.73657047,15.450516143607357
305558.39969798655,2781606.73657047,15.5446520474248
306016.7191610738,2781606.73657047,15.645672050688157
306475.03862416104,2781606.73657047,15.752059382861788
306933.3580872483,2781606.73657047,15.862319299702733
307391.67755033553,2781606.73657047,15.975079569993763
307849.9970134228,2781606.73657047,16.08914199310704
308308.31647651,2781606.73657047,16.20349765423536
308766.63593959727,2781606.73657047,16.317319167453384
309224.9554026845,2781606.73657047,16.429940600031774
309683.27486577176,2781606.73657047,16.5408325083912
310141.594328859,2781606.73657047,16.649576675309454
310599.9137919463,2781606.73657047,16.755843048738793
311058.23325503356,2781606.73657047,16.85936999826651
311516.5527181208,2781606.73657047,16.959948157447855
311974.87218120805,2781606.73657047,17.057407636380805
312433.1916442953,2781606.73657047,17.151608132860463
312891.51110738254,2781606.73657047,17.242431348642004
313349.8305704698,2781606.73657047,17.32977507278377
313808.15003355703,2781606.73657047,17.413548298202386
314266.4694966443,2781606.73657047,17.493666783022928
314724.7889597315,2781606.73657047,17.570048562844224
315183.10842281877,2781606.73657047,17.64260908218601
315641.427885906,2781606.73657047,17.711255868852632
316099.74734899326,2781606.73657047,17.77588305205638
316558.0668120805,2781606.73657047,17.836366543319404
317016.38627516775,2781606.73657047,17.89256133893863
317474.705738255,2781606.73657047,17.944303043902014
317933.02520134224,2781606.73657047,17.991416050536106
318391.3446644295,2781606.73657047,18.033730289790586
318849.66412751673,2781606.73657047,18.071106512913243
319307.983590604,2781606.73657047,18.10346658036247
319766.3030536912,2781606.73657047,18.130821440982277
320224.6225167785,2781606.73657047,18.153287877177267
320682.9419798658,2781606.73657047,18.171087783412645
321141.261442953,2781606.73657047,18.184530080220764
321599.58090604027,2781606.73657047,18.193981731524094
322057.9003691275,2781606.73657047,18.19983713665649
322516.21983221476,2781606.73657047,18.20249381022284
322974.539295302,2781606.73657047,18.202338956586615
323432.85875838925,2781606.73657047,18.1997489958775
323891.1782214765,2781606.73657047,18.195103965154775
324349.49768456374,2781606.73657047,18.18882189869015
324807.817147651,2781606.73657047,18.18142599058078
289975.53795302013,2781844.3503825506,17.087244118071958
290433.8574161074,2781844.3503825506,16.92029084049532
290892.1768791946,2781844.3503825506,16.74553012880207
291350.49634228187,2781844.3503825506,16.563704444010668
291808.8158053691,2781844.3503825506,16.375875535841455
292267.13526845636,2781844.3503825506,16.1835385205897
292725.4547315436,2781844.3503825506,15.988786659636459
293183.77419463085,2781844.3503825506,15.794535341796692
293642.0936577181,2781844.3503825506,15.604784876167699
294100.41312080534,2781844.3503825506,15.424813985616375
294558.7325838926,2781844.3503825506,15.261016756981155
295017.05204697984,2781844.3503825506,15.119931126479067
295475.3715100671,2781844.3503825506,15.006317567779561
295933.6909731543,2781844.3503825506,14.921271660684814
296392.0104362416,2781844.3503825506,14.86201466342923
296850.3298993288,2781844.3503825506,14.823553811397794
297308.64936241606,2781844.3503825506,14.80066718536692
297766.96882550337,2781844.3503825506,14.789018586330116
298225.2882885906,2781844.3503825506,14.785402902528824
298683.60775167786,2781844.3503825506,14.787576876477015
299141.9272147651,2781844.3503825506,14.794005526691413
299600.24667785235,2781844.3503825506,14.803663411125143
300058.5661409396,2781844.3503825506,14.815926798369173
300516.88560402684,2781844.3503825506,14.830552279199766
300975.2050671141,2781844.3503825506,14.84771883485969
301433.52453020134,2781844.3503825506,14.868093372748717
301891.8439932886,2781844.3503825506,14.892862051185274
302350.1634563758,2781844.3503825506,14.92366348675486
302808.4829194631,2781844.3503825506,14.96238302412016
303266.8023825503,2781844.3503825506,15.010824923658259
303725.12184563756,2781844.3503825506,15.070347731581462
304183.4413087248,2781844.3503825506,15.14158251230092
304641.76077181206,2781844.3503825506,15.224324789216595
305100.0802348993,2781844.3503825506,15.317615388449095
305558.39969798655,2781844.3503825506,15.419952742315397
306016.7191610738,2781844.3503825506,15.529549320016281
306475.03862416104,2781844.3503825506,15.64455992490495
306933.3580872483,2781844.3503825506,15.763245268590396
307391.67755033553,2781844.3503825506,15.88406615331747
307849.9970134228,2781844.3503825506,16.00572144198491
308308.31647651,2781844.3503825506,16.127148162244435
308766.63593959727,2781844.3503825506,16.247500090464065
309224.9554026845,2781844.3503825506,16.366116691015645
309683.27486577176,2781844.3503825506,16.482489920470844
310141.594328859,2781844.3503825506,16.59623307554254
310599.9137919463,2781844.3503825506,16.707053643020558
311058.23325503356,2781844.3503825506,16.814730763798657
311516.5527181208,2781844.3503825506,16.919097172495235
311974.87218120805,2781844.3503825506,17.020025092980443
312433.1916442953,2781844.3503825506,17.117415401492313
312891.51110738254,2781844.3503825506,17.211189314540754
313349.8305704698,2781844.3503825506,17.301281862748137
313808.15003355703,2781844.3503825506,17.38763644805558
314266.4694966443,2781844.3503825506,17.470199844723073
314724.7889597315,2781844.3503825506,17.548917103562083
315183.10842281877,2781844.3503825506,17.623725975481104
315641.427885906,2781844.3503825506,17.694550718475014
316099.74734899326,2781844.3503825506,17.761295537541464
316558.0668120805,2781844.3503825506,17.82383848044779
317016.38627516775,2781844.3503825506,17.882027398273927
317474.705738255,2781844.3503825506,17.93568049482454
317933.02520134224,2781844.3503825506,17.98459469570349
318391.3446644295,2781844.3503825506,18.028564832046197
318849.66412751673,2781844.3503825506,18.067414448518264
319307.983590604,2781844.3503825506,18.101034417281113
319766.3030536912,2781844.3503825506,18.129419862765836
320224.6225167785,2781844.3503825506,18.152692938381936
320682.9419798658,2781844.3503825506,18.17110242726376
321141.261442953,2781844.3503825506,18.185000313386
321599.58090604027,2781844.3503825506,18.194804670479957
322057.9003691275,2781844.3503825506,18.200961754319867
322516.21983221476,2781844.3503825506,18.2039174741131
322974.539295302,2781844.3503825506,18.204103240066388
323432.85875838925,2781844.3503825506,18.20193746576964
323891.1782214765,2781844.3503825506,18.19784345557208
324349.49768456374,2781844.3503825506,18.19228704110191
290433.8574161074,2782081.964194631,16.854416702253232
290892.1768791946,2782081.964194631,16.67731109434692
291350.49634228187,2782081.964194631,16.492712623646383
291808.8158053691,2782081.964194631,16.30154504146345
292267.13526845636,2782081.964194631,16.10514902578835
292725.4547315436,2782081.964194631,15.905465421977441
293183.77419463085,2782081.964194631,15.705308313765467
293642.0936577181,2782081.964194631,15.508736363233954
294100.41312080534,2782081.964194631,15.321440122917421
294558.7325838926,2782081.964194631,15.150801559714205
295017.05204697984,2782081.964194631,15.004878310066562
295475.3715100671,2782081.964194631,14.889749157718674
295933.6909731543,2782081.964194631,14.806549469366322
296392.0104362416,2782081.964194631,14.751142181030074
296850.3298993288,2782081.964194631,14.716790775214207
297308.64936241606,2782081.964194631,14.697007274247989
297766.96882550337,2782081.964194631,14.686815343791023
298225.2882885906,2782081.964194631,14.682800279425857
298683.60775167786,2782081.964194631,14.682745451814647
299141.9272147651,2782081.964194631,14.68527185332415
299600.24667785235,2782081.964194631,14.68959903508859
300058.5661409396,2782081.964194631,14.695430786801154
300516.88560402684,2782081.964194631,14.702937810399444
300975.2050671141,2782081.964194631,14.712798961841937
301433.52453020134,2782081.964194631,14.726250507388373
301891.8439932886,2782081.964194631,14.745079673348858
302350.1634563758,2782081.964194631,14.771498202968528
302808.4829194631,2782081.964194631,14.807861663880031
303266.8023825503,2782081.964194631,14.8562660810565
303725.12184563756,2782081.964194631,14.918129588230572
304183.4413087248,2782081.964194631,14.993901850312987
304641.76077181206,2782081.964194631,15.0830013421696
305100.0802348993,2782081.964194631,15.183980958089887
305558.39969798655,2782081.964194631,15.294833005942092
306016.7191610738,2782081.964194631,15.41331735289631
306475.03862416104,2782081.964194631,15.537227993536739
306933.3580872483,2782081.964194631,15.664565048157485
307391.67755033553,2782081.964194631,15.793618614388876
307849.9970134228,2782081.964194631,15.922988477277041
308308.31647651,2782081.964194631,16.051565206944254
308766.63593959727,2782081.964194631,16.178492482805094
309224.9554026845,2782081.964194631,16.30312354089951
309683.27486577176,2782081.964194631,16.42497901325822
310141.594328859,2782081.964194631,16.54370963391458
310599.9137919463,2782081.964194631,16.65906501488212
311058.23325503356,2782081.964194631,16.770868464772136
311516.5527181208,2782081.964194631,16.878997226631338
311974.87218120805,2782081.964194631,16.98336727037412
312433.1916442953,2782081.964194631,17.083921716093233
312891.51110738254,2782081.964194631,17.180621989127555
313349.8305704698,2782081.964194631,17.27344086513999
313808.15003355703,2782081.964194631,17.362356632237358
314266.4694966443,2782081.964194631,17.447347674871132
314724.7889597315,2782081.964194631,17.528386882181834
315183.10842281877,2782081.964194631,17.605435426056385
315641.427885906,2782081.964194631,17.678435682674493
316099.74734899326,2782081.964194631,17.747303449747434
316558.0668120805,2782081.964194631,17.811920227936284
317016.38627516775,2782081.964194631,17.87212727585829
317474.705738255,2782081.964194631,17.927724404713004
317933.02520134224,2782081.964194631,17.97847773037905
318391.3446644295,2782081.964194631,18.02414091258394
318849.66412751673,2782081.964194631,18.06449218474775
319307.983590604,2782081.964194631,18.099383428005048
319766.3030536912,2782081.964194631,18.12878903733039
320224.6225167785,2782081.964194631,18.152836980048303
320682.9419798658,2782081.964194631,18.171808713570293
321141.261442953,2782081.964194631,18.186108149902086
321599.58090604027,2782081.964194631,18.196213391372815
322057.9003691275,2782081.964194631,18.20262931475882
322516.21983221476,2782081.964194631,18.20585396893672
322974.539295302,2782081.964194631,18.206363711861616
323432.85875838925,2782081.964194631,18.20461675844654
323891.1782214765,2782081.964194631,18.201073848713932
324349.49768456374,2782081.964194631,18.19623682474253
290892.1768791946,2782319.578006712,16.61231618155035
291350.49634228187,2782319.578006712,16.4250413910331
291808.8158053691,2782319.578006712,16.230597582285153
292267.13526845636,2782319.578006712,16.03013890930029
292725.4547315436,2782319.578006712,15.825398169285977
293183.77419463085,2782319.578006712,15.618999689330813
293642.0936577181,2782319.578006712,15.414943293032255
294100.41312080534,2782319.578006712,15.219244246515743
294558.7325838926,2782319.578006712,15.040390122688473
295017.05204697984,2782319.578006712,14.88848614373855
295475.3715100671,2782319.578006712,14.771626545426402
295933.6909731543,2782319.578006712,14.691068602406283
296392.0104362416,2782319.578006712,14.640678758912891
296850.3298993288,2782319.578006712,14.61138945937664
297308.64936241606,2782319.578006712,14.595275568804015
297766.96882550337,2782319.578006712,14.586793463558626
298225.2882885906,2782319.578006712,14.582439033666269
298683.60775167786,2782319.578006712,14.580113291359845
299141.9272147651,2782319.578006712,14.578643842269752
299600.24667785235,2782319.578006712,14.577512614420328
300058.5661409396,2782319.578006712,14.57674424808422
300516.88560402684,2782319.578006712,14.57690211637312
300975.2050671141,2782319.578006712,14.579140132637932
301433.52453020134,2782319.578006712,14.585250602351447
301891.8439932886,2782319.578006712,14.597636077174567
302350.1634563758,2782319.578006712,14.6191332434826
302808.4829194631,2782319.578006712,14.652651649623337
303266.8023825503,2782319.578006712,14.700669833475908
303725.12184563756,2782319.578006712,14.76472856264566
304183.4413087248,2782319.578006712,14.845106897085905
304641.76077181206,2782319.578006712,14.940805225307287
305100.0802348993,2782319.578006712,15.049818004551089
305558.39969798655,2782319.578006712,15.16955933854298
306016.7191610738,2782319.578006712,15.297281682137141
306475.03862416104,2782319.578006712,15.430386492431031
306933.3580872483,2782319.578006712,15.56660144215965
307391.67755033553,2782319.578006712,15.704047375501268
307849.9970134228,2782319.578006712,15.841233553599356
308308.31647651,2782319.578006712,15.977015307727878
308766.63593959727,2782319.578006712,16.11053746294575
309224.9554026845,2782319.578006712,16.241176981605093
309683.27486577176,2782319.578006712,16.36849135395422
310141.594328859,2782319.578006712,16.49217513100604
310599.9137919463,2782319.578006712,16.61202481058348
311058.23325503356,2782319.578006712,16.727911275804303
311516.5527181208,2782319.578006712,16.83975860983215
311974.87218120805,2782319.578006712,16.947528047765108
312433.1916442953,2782319.578006712,17.051205897270798
312891.51110738254,2782319.578006712,17.150794372763052
313349.8305704698,2782319.578006712,17.246304401932264
313808.15003355703,2782319.578006712,17.337749564149043
314266.4694966443,2782319.578006712,17.425140409445543
314724.7889597315,2782319.578006712,17.5084784977155
315183.10842281877,2782319.578006712,17.58774961661363
315641.427885906,2782319.578006712,17.662915829868815
316099.74734899326,2782319.578006712,17.733906355700377
316558.0668120805,2782319.578006712,17.8006079061096
317016.38627516775,2782319.578006712,17.86285620045131
317474.705738255,2782319.578006712,17.92043201820382
317933.02520134224,2782319.578006712,17.973067159032144
318391.3446644295,2782319.578006712,18.020466944281512
318849.66412751673,2782319.578006712,18.062354035925416
319307.983590604,2782319.578006712,18.09853066989781
319766.3030536912,2782319.578006712,18.128943682357303
320224.6225167785,2782319.578006712,18.15372717676207
320682.9419798658,2782319.578006712,18.17320273683647
321141.261442953,2782319.578006712,18.187837412770975
321599.58090604027,2782319.578006712,18.198180025314457
322057.9003691275,2782319.578006712,18.204801433268432
322516.21983221476,2782319.578006712,18.208255074571458
322974.539295302,2782319.578006712,18.209061775297577
323432.85875838925,2782319.578006712,18.20771576488462
323891.1782214765,2782319.578006712,18.2047077870601
291808.8158053691,2782557.1918187924,16.1633749839362
292267.13526845636,2782557.1918187924,15.958958712701634
292725.4547315436,2782557.1918187924,15.749168743202953
293183.77419463085,2782557.1918187924,15.536337847721288
293642.0936577181,2782557.1918187924,15.324242290473396
294100.41312080534,2782557.1918187924,15.119032482967388
294558.7325838926,2782557.1918187924,14.930318018392413
295017.05204697984,2782557.1918187924,14.77092378050244
295475.3715100671,2782557.1918187924,14.652103663313932
295933.6909731543,2782557.1918187924,14.575379412689564
296392.0104362416,2782557.1918187924,14.531540998881159
296850.3298993288,2782557.1918187924,14.508389467215128
297308.64936241606,2782557.1918187924,14.496471341743431
297766.96882550337,2782557.1918187924,14.489857712946877
298225.2882885906,2782557.1918187924,14.485129344735526
298683.60775167786,2782557.1918187924,14.480410701840906
299141.9272147651,2782557.1918187924,14.474784375433444
299600.24667785235,2782557.1918187924,14.46800433209326
300058.5661409396,2782557.1918187924,14.460401061535666
300516.88560402684,2782557.1918187924,14.452902368305903
300975.2050671141,2782557.1918187924,14.447108566921948
301433.52453020134,2782557.1918187924,14.445355343367034
301891.8439932886,2782557.1918187924,14.450681801779051
302350.1634563758,2782557.1918187924,14.466615909605308
302808.4829194631,2782557.1918187924,14.496725340769002
303266.8023825503,2782557.1918187924,14.543981141854317
303725.12184563756,2782557.1918187924,14.610117421386798
304183.4413087248,2782557.1918187924,14.69524326359207
304641.76077181206,2782557.1918187924,14.79787622545637
305100.0802348993,2782557.1918187924,14.915356297434519
305558.39969798655,2782557.1918187924,15.044429962648376
306016.7191610738,2782557.1918187924,15.181781199270459
306475.03862416104,2782557.1918187924,15.324389273738305
306933.3580872483,2782557.1918187924,15.469703599567762
307391.67755033553,2782557.1918187924,15.615683901724417
307849.9970134228,2782557.1918187924,15.76076309542587
308308.31647651,2782557.1918187924,15.903776563643223
308766.63593959727,2782557.1918187924,16.043884163983133
309224.9554026845,2782557.1918187924,16.18049809256903
309683.27486577176,2782557.1918187924,16.313221684812525
310141.594328859,2782557.1918187924,16.441800018674257
310599.9137919463,2782557.1918187924,16.56608129018576
311058.23325503356,2782557.1918187924,16.685987265844574
311516.5527181208,2782557.1918187924,16.80149103297002
311974.87218120805,2782557.1918187924,16.91260042055483
312433.1916442953,2782557.1918187924,17.019345680168286
312891.51110738254,2782557.1918187924,17.12177022436867
313349.8305704698,2782557.1918187924,17.219923391665965
313808.15003355703,2782557.1918187924,17.313854337954428
314266.4694966443,2782557.1918187924,17.40360625142758
314724.7889597315,2782557.1918187924,17.489210166075193
315183.10842281877,2782557.1918187924,17.570677733744613
315641.427885906,2782557.1918187924,17.64799245429135
316099.74734899326,2782557.1918187924,17.721099149075307
316558.0668120805,2782557.1918187924,17.78989206185703
317016.38627516775,2782557.1918187924,17.854203148548663
317474.705738255,2782557.1918187924,17.913794179439385
317933.02520134224,2782557.1918187924,17.968359250346495
318391.3446644295,2782557.1918187924,18.01754709733527
318849.66412751673,2782557.1918187924,18.06101190598446
319307.983590604,2782557.1918187924,18.098492047300255
319766.3030536912,2782557.1918187924,18.129897274507794
320224.6225167785,2782557.1918187924,18.15536803185063
320682.9419798658,2782557.1918187924,18.175275924937957
321141.261442953,2782557.1918187924,18.19016562295758
321599.58090604027,2782557.1918187924,18.20066964058429
322057.9003691275,2782557.1918187924,18.207432817538976
322516.21983221476,2782557.1918187924,18.211066568966643
322974.539295302,2782557.1918187924,18.212134407763717
323432.85875838925,2782557.1918187924,18.211161411826673
292267.13526845636,2782794.8056308725,15.892079159210605
292725.4547315436,2782794.8056308725,15.677413271867803
293183.77419463085,2782794.8056308725,15.458163320476212
293642.0936577181,2782794.8056308725,15.237676568802904
294100.41312080534,2782794.8056308725,15.02191250372232
294558.7325838926,2782794.8056308725,14.821391823611348
295017.05204697984,2782794.8056308725,14.65242294896052
295475.3715100671,2782794.8056308725,14.531365355204398
295933.6909731543,2782794.8056308725,14.460272854411748
296392.0104362416,2782794.8056308725,14.424951361202458
296850.3298993288,2782794.8056308725,14.409050279059654
297308.64936241606,2782794.8056308725,14.401714045135993
297766.96882550337,2782794.8056308725,14.396967541499816
298225.2882885906,2782794.8056308725,14.391701762543118
298683.60775167786,2782794.8056308725,14.38437409248889
299141.9272147651,2782794.8056308725,14.374360310314003
299600.24667785235,2782794.8056308725,14.361683863957348
300058.5661409396,2782794.8056308725,14.346954887995437
300516.88560402684,2782794.8056308725,14.331427738161373
300975.2050671141,2782794.8056308725,14.317112866777887
301433.52453020134,2782794.8056308725,14.30687277140993
301891.8439932886,2782794.8056308725,14.30440765211875
302350.1634563758,2782794.8056308725,14.314017888308975
302808.4829194631,2782794.8056308725,14.34006007237991
303266.8023825503,2782794.8056308725,14.386137030879237
303725.12184563756,2782794.8056308725,14.454261667354892
304183.4413087248,2782794.8056308725,14.544362288288971
304641.76077181206,2782794.8056308725,14.654377215160135
305100.0802348993,2782794.8056308725,14.780862292724802
305558.39969798655,2782794.8056308725,14.919785879459653
306016.7191610738,2782794.8056308725,15.067196730134262
306475.03862416104,2782794.8056308725,15.21962689906009
306933.3580872483,2782794.8056308725,15.374250338414052
307391.67755033553,2782794.8056308725,15.528882223918156
307849.9970134228,2782794.8056308725,15.681899836264156
308308.31647651,2782794.8056308725,15.832138293950967
308766.63593959727,2782794.8056308725,15.978789013629969
309224.9554026845,2782794.8056308725,16.12131233600292
309683.27486577176,2782794.8056308725,16.259367041212133
310141.594328859,2782794.8056308725,16.3927555899248
310599.9137919463,2782794.8056308725,16.521382581796153
311058.23325503356,2782794.8056308725,16.64522374801992
311516.5527181208,2782794.8056308725,16.76430307279367
311974.87218120805,2782794.8056308725,16.878676034179957
312433.1916442953,2782794.8056308725,16.98841732840602
312891.51110738254,2782794.8056308725,17.09361174580475
313349.8305704698,2782794.8056308725,17.194347093840115
313808.15003355703,2782794.8056308725,17.290708220614704
314266.4694966443,2782794.8056308725,17.38277129351756
314724.7889597315,2782794.8056308725,17.47059754765131
315183.10842281877,2782794.8056308725,17.554225760103208
315641.427885906,2782794.8056308725,17.63366277263317
316099.74734899326,2782794.8056308725,17.70887157043896
316558.0668120805,2782794.8056308725,17.779756923481695
317016.38627516775,2782794.8056308725,17.84614977575678
317474.705738255,2782794.8056308725,17.9077939838504
317933.02520134224,2782794.8056308725,17.964343126605634
318391.3446644295,2782794.8056308725,18.015380191728543
318849.66412751673,2782794.8056308725,18.060474778759417
319307.983590604,2782794.8056308725,18.09928231863285
319766.3030536912,2782794.8056308725,18.131662091745696
320224.6225167785,2782794.8056308725,18.157760978470083
320682.9419798658,2782794.8056308725,18.178014132318783
321141.261442953,2782794.8056308725,18.19306290192347
321599.58090604027,2782794.8056308725,18.203639351737188
322057.9003691275,2782794.8056308725,18.21047084356903
322516.21983221476,2782794.8056308725,18.214228367368147
322974.539295302,2782794.8056308725,18.215514852071944
323432.85875838925,2782794.8056308725,18.214879802561605
292725.4547315436,2783032.419442953,15.610800806456192
293183.77419463085,2783032.419442953,15.385415133622246
293642.0936577181,2783032.419442953,15.15651744312397
294100.41312080534,2783032.419442953,14.929406941416683
294558.7325838926,2783032.419442953,14.714886282746832
295017.05204697984,2783032.419442953,14.533345291134367
295475.3715100671,2783032.419442953,14.409663050964241
295933.6909731543,2783032.419442953,14.346973328710792
296392.0104362416,2783032.419442953,14.322571766826464
296850.3298993288,2783032.419442953,14.314884193345549
297308.64936241606,2783032.419442953,14.31223291490712
297766.96882550337,2783032.419442953,14.309118153529846
298225.2882885906,2783032.419442953,14.302991208648857
298683.60775167786,2783032.419442953,14.29273513461943
299141.9272147651,2783032.419442953,14.278036524788309
299600.24667785235,2783032.419442953,14.25916872792907
300058.5661409396,2783032.419442953,14.236981463127439
300516.88560402684,2783032.419442953,14.213005455881184
300975.2050671141,2783032.419442953,14.18961348961589
301433.52453020134,2783032.419442953,14.170169051153685
301891.8439932886,2783032.419442953,14.159056365694969
302350.1634563758,2783032.419442953,14.161443674787277
302808.4829194631,2783032.419442953,14.182641664081316
303266.8023825503,2783032.419442953,14.227067278338442
303725.12184563756,2783032.419442953,14.297122318452033
304183.4413087248,2783032.419442953,14.392529436768895
304641.76077181206,2783032.419442953,14.510507547930516
305100.0802348993,2783032.419442953,14.646654057474652
305558.39969798655,2783032.419442953,14.796023960448071
306016.7191610738,2783032.419442953,14.95396061700179
306475.03862416104,2783032.419442953,15.116532609141755
306933.3580872483,2783032.419442953,15.28065321862287
307391.67755033553,2783032.419442953,15.444020020149074
307849.9970134228,2783032.419442953,15.604982687859174
308308.31647651,2783032.419442953,15.76240025813547
308766.63593959727,2783032.419442953,15.915514669582898
309224.9554026845,2783032.419442953,16.0638484240325
309683.27486577176,2783032.419442953,16.207125668064553
310141.594328859,2783032.419442953,16.345213000856983
310599.9137919463,2783032.419442953,16.478075829796953
311058.23325503356,2783032.419442953,16.60574655571151
311516.5527181208,2783032.419442953,16.728301568112084
311974.87218120805,2783032.419442953,16.845844689039954
312433.1916442953,2783032.419442953,16.958495235778326
312891.51110738254,2783032.419442953,17.066379268988378
313349.8305704698,2783032.419442953,17.169622870583684
313808.15003355703,2783032.419442953,17.268346476213978
314266.4694966443,2783032.419442953,17.36265938899578
314724.7889597315,2783032.419442953,17.45265363904623
315183.10842281877,2783032.419442953,17.53839634401054
315641.427885906,2783032.419442953,17.619919701682118
316099.74734899326,2783032.419442953,17.69720778908455
316558.0668120805,2783032.419442953,17.770179655220023
317016.38627516775,2783032.419442953,17.838669225955726
317474.705738255,2783032.419442953,17.902405135466424
317933.02520134224,2783032.419442953,17.960998907255743
318391.3446644295,2783032.419442953,18.013958137625917
318849.66412751673,2783032.419442953,18.060747947493095
319307.983590604,2783032.419442953,18.1009150651726
319766.3030536912,2783032.419442953,18.13424921578481
320224.6225167785,2783032.419442953,18.160903715317833
320682.9419798658,2783032.419442953,18.181396272199397
321141.261442953,2783032.419442953,18.196490410139123
321599.58090604027,2783032.419442953,18.207037096591485
322057.9003691275,2783032.419442953,18.213854934353762
322516.21983221476,2783032.419442953,18.217674517630254
322974.539295302,2783032.419442953,18.219133104233848
293642.0936577181,2783270.0332550337,15.082253017351057
294100.41312080534,2783270.0332550337,14.843573300350291
294558.7325838926,2783270.0332550337,14.612903602850514
295017.05204697984,2783270.0332550337,14.414358218612028
295475.3715100671,2783270.0332550337,14.28741224831154
295933.6909731543,2783270.0332550337,14.237517135536146
296392.0104362416,2783270.0332550337,14.22666278228671
296850.3298993288,2783270.0332550337,14.227657116926931
297308.64936241606,2783270.0332550337,14.229331066287756
297766.96882550337,2783270.0332550337,14.227308108576093
298225.2882885906,2783270.0332550337,14.219814421115755
298683.60775167786,2783270.0332550337,14.206206521461244
299141.9272147651,2783270.0332550337,14.18646786184771
299600.24667785235,2783270.0332550337,14.161081113358657
300058.5661409396,2783270.0332550337,14.131079899737099
300516.88560402684,2783270.0332550337,14.098206792825275
300975.2050671141,2783270.0332550337,14.065133658897235
301433.52453020134,2783270.0332550337,14.035683527291408
301891.8439932886,2783270.0332550337,14.014938821527785
302350.1634563758,2783270.0332550337,14.009043009978335
302808.4829194631,2783270.0332550337,14.024469660432118
303266.8023825503,2783270.0332550337,14.066694930886133
303725.12184563756,2783270.0332550337,14.138659092741069
304183.4413087248,2783270.0332550337,14.239835385310839
304641.76077181206,2783270.0332550337,14.366520619384094
305100.0802348993,2783270.0332550337,14.51311998222726
305558.39969798655,2783270.0332550337,14.67361235746483
306016.7191610738,2783270.0332550337,14.842567143138982
306475.03862416104,2783270.0332550337,15.015588165173739
306933.3580872483,2783270.0332550337,15.189359030729115
307391.67755033553,2783270.0332550337,15.36149899709267
307849.9970134228,2783270.0332550337,15.530365964060707
308308.31647651,2783270.0332550337,15.694871347014953
308766.63593959727,2783270.0332550337,15.854328548616817
309224.9554026845,2783270.0332550337,16.008336885825415
309683.27486577176,2783270.0332550337,16.156695720409083
310141.594328859,2783270.0332550337,16.299342140471687
310599.9137919463,2783270.0332550337,16.436306237998856
311058.23325503356,2783270.0332550337,16.56767924815967
311516.5527181208,2783270.0332550337,16.69359097128415
311974.87218120805,2783270.0332550337,16.814193820632944
312433.1916442953,2783270.0332550337,16.929651519542627
312891.51110738254,2783270.0332550337,17.040130949382945
313349.8305704698,2783270.0332550337,17.145795969493392
313808.15003355703,2783270.0332550337,17.246802227652815
314266.4694966443,2783270.0332550337,17.343292078618205
314724.7889597315,2783270.0332550337,17.4353887421712
315183.10842281877,2783270.0332550337,17.523188768422482
315641.427885906,2783270.0332550337,17.606751751139498
316099.74734899326,2783270.0332550337,17.686086093775668
316558.0668120805,2783270.0332550337,17.761129663770102
317016.38627516775,2783270.0332550337,17.831724849200793
317474.705738255,2783270.0332550337,17.897589972476773
317933.02520134224,2783270.0332550337,17.958295263262208
318391.3446644295,2783270.0332550337,18.013263712644665
318849.66412751673,2783270.0332550337,18.061831833618005
319307.983590604,2783270.0332550337,18.103402596870556
319766.3030536912,2783270.0332550337,18.137668468557752
320224.6225167785,2783270.0332550337,18.164789123249697
320682.9419798658,2783270.0332550337,18.185392271307716
321141.261442953,2783270.0332550337,18.200398170796362
321599.58090604027,2783270.0332550337,18.210800034287118
322057.9003691275,2783270.0332550337,18.217515762248063
322516.21983221476,2783270.0332550337,18.221333099446085
294100.41312080534,2783507.6470671142,14.767059001790713
294558.7325838926,2783507.6470671142,14.518983159284655
295017.05204697984,2783507.6470671142,14.296977055203147
295475.3715100671,2783507.6470671142,14.165514826921118
295933.6909731543,2783507.6470671142,14.135476511334996
296392.0104362416,2783507.6470671142,14.140198262566607
296850.3298993288,2783507.6470671142,14.149318207973629
297308.64936241606,2783507.6470671142,14.154314730002714
297766.96882550337,2783507.6470671142,14.152492820113821
298225.2882885906,2783507.6470671142,14.142941748869863
298683.60775167786,2783507.6470671142,14.125465112128836
299141.9272147651,2783507.6470671142,14.100289398665517
299600.24667785235,2783507.6470671142,14.068043294016075
300058.5661409396,2783507.6470671142,14.029872864510505
300516.88560402684,2783507.6470671142,13.987652751772904
300975.2050671141,2783507.6470671142,13.944271724478682
301433.52453020134,2783507.6470671142,13.903947778898516
301891.8439932886,2783507.6470671142,13.87245644375341
302350.1634563758,2783507.6470671142,13.857029328713175
302808.4829194631,2783507.6470671142,13.865565438851641
303266.8023825503,2783507.6470671142,13.90493679022907
303725.12184563756,2783507.6470671142,13.97883457366509
304183.4413087248,2783507.6470671142,14.086411540405795
304641.76077181206,2783507.6470671142,14.222747575965498
305100.0802348993,2783507.6470671142,14.380742423840776
305558.39969798655,2783507.6470671142,14.553108402678623
306016.7191610738,2783507.6470671142,14.733583426195109
306475.03862416104,2783507.6470671142,14.917329054298225
306933.3580872483,2783507.6470671142,15.100851267975184
307391.67755033553,2783507.6470671142,15.281744268683447
307849.9970134228,2783507.6470671142,15.45841777141602
308308.31647651,2783507.6470671142,15.629867638763438
308766.63593959727,2783507.6470671142,15.795500895088605
309224.9554026845,2783507.6470671142,15.95500831081548
309683.27486577176,2783507.6470671142,16.108273740963376
310141.594328859,2783507.6470671142,16.25531034951822
310599.9137919463,2783507.6470671142,16.396216012605223
311058.23325503356,2783507.6470671142,16.53114225164192
311516.5527181208,2783507.6470671142,16.660272660911282
311974.87218120805,2783507.6470671142,16.78380796005858
312433.1916442953,2783507.6470671142,16.90195560956043
312891.51110738254,2783507.6470671142,17.01492246938046
313349.8305704698,2783507.6470671142,17.122909330924852
313808.15003355703,2783507.6470671142,17.226106359772174
314266.4694966443,2783507.6470671142,17.324688580197577
314724.7889597315,2783507.6470671142,17.418810523008812
315183.10842281877,2783507.6470671142,17.50859904196807
315641.427885906,2783507.6470671142,17.5941430710091
316099.74734899326,2783507.6470671142,17.67547875382478
316558.0668120805,2783507.6470671142,17.752568036628276
317016.38627516775,2783507.6470671142,17.825268897388767
317474.705738255,2783507.6470671142,17.893297149016064
317933.02520134224,2783507.6470671142,17.95618620543207
318391.3446644295,2783507.6470671142,18.013267355649802
318849.66412751673,2783507.6470671142,18.063720140600196
319307.983590604,2783507.6470671142,18.10675575240055
319766.3030536912,2783507.6470671142,18.14192823833717
320224.6225167785,2783507.6470671142,18.16940350529129
320682.9419798658,2783507.6470671142,18.189960023155276
321141.261442953,2783507.6470671142,18.204722097663744
321599.58090604027,2783507.6470671142,18.21485254779198
322057.9003691275,2783507.6470671142,18.221374341863307
322516.21983221476,2783507.6470671142,18.225126114924418
294558.7325838926,2783745.260879195,14.438852144251431
295017.05204697984,2783745.260879195,14.185648666328945
295475.3715100671,2783745.260879195,14.046801457342283
295933.6909731543,2783745.260879195,14.047089113224136
296392.0104362416,2783745.260879195,14.066742491734077
296850.3298993288,2783745.260879195,14.081815204563497
297308.64936241606,2783745.260879195,14.088385586798383
297766.96882550337,2783745.260879195,14.08552717930942
298225.2882885906,2783745.260879195,14.0730657558708
298683.60775167786,2783745.260879195,14.051133831817443
299141.9272147651,2783745.260879195,14.020105660351264
299600.24667785235,2783745.260879195,13.980671725149403
300058.5661409396,2783745.260879195,13.934005333296536
300516.88560402684,2783745.260879195,13.882018931591515
300975.2050671141,2783745.260879195,13.82771461264258
301433.52453020134,2783745.260879195,13.77560925161956
301891.8439932886,2783745.260879195,13.732131982251293
302350.1634563758,2783745.260879195,13.705707330042447
302808.4829194631,2783745.260879195,13.70598508686896
303266.8023825503,2783745.260879195,13.741704031447844
303725.12184563756,2783745.260879195,13.817620269976738
304183.4413087248,2783745.260879195,13.9324528229132
304641.76077181206,2783745.260879195,14.079630031004783
305100.0802348993,2783745.260879195,14.250127572843219
305558.39969798655,2783745.260879195,14.435178880760697
306016.7191610738,2783745.260879195,14.62766006884795
306475.03862416104,2783745.260879195,14.822348328017943
306933.3580872483,2783745.260879195,15.015650041719173
307391.67755033553,2783745.260879195,15.205202394147735
307849.9970134228,2783745.260879195,15.38951737795671
308308.31647651,2783745.260879195,15.56770972549863
308766.63593959727,2783745.260879195,15.739302348447655
309224.9554026845,2783745.260879195,15.9040912562073
309683.27486577176,2783745.260879195,16.062052916691005
310141.594328859,2783745.260879195,16.213280996270104
310599.9137919463,2783745.260879195,16.357943214525186
311058.23325503356,2783745.260879195,16.49625194536835
311516.5527181208,2783745.260879195,16.628444223581436
311974.87218120805,2783745.260879195,16.754768181128757
312433.1916442953,2783745.260879195,16.87547383793181
312891.51110738254,2783745.260879195,16.990806754853004
313349.8305704698,2783745.260879195,17.101003422156285
313808.15003355703,2783745.260879195,17.206287466448792
314266.4694966443,2783745.260879195,17.306865845390956
314724.7889597315,2783745.260879195,17.402924169982008
315183.10842281877,2783745.260879195,17.494620133452774
315641.427885906,2783745.260879195,17.582073695925125
316099.74734899326,2783745.260879195,17.66535212574823
316558.0668120805,2783745.260879195,17.744447226295325
317016.38627516775,2783745.260879195,17.81924132593697
317474.705738255,2783745.260879195,17.889459020153716
317933.02520134224,2783745.260879195,17.954606909691424
318391.3446644295,2783745.260879195,18.01392249113456
318849.66412751673,2783745.260879195,18.066396897431034
319307.983590604,2783745.260879195,18.110983514215413
319766.3030536912,2783745.260879195,18.147035114314818
320224.6225167785,2783745.260879195,18.174723701663872
320682.9419798658,2783745.260879195,18.195040852391788
321141.261442953,2783745.260879195,18.209380028979467
321599.58090604027,2783745.260879195,18.219103897397797
322057.9003691275,2783745.260879195,18.225341145425592
295475.3715100671,2783982.8746912754,13.945865617042568
295933.6909731543,2783982.8746912754,13.981633844344085
296392.0104362416,2783982.8746912754,14.009793027343107
296850.3298993288,2783982.8746912754,14.026786843061974
297308.64936241606,2783982.8746912754,14.032509795770654
297766.96882550337,2783982.8746912754,14.027105476526032
298225.2882885906,2783982.8746912754,14.010770591934998
298683.60775167786,2783982.8746912754,13.983764157600177
299141.9272147651,2783982.8746912754,13.946479521887298
299600.24667785235,2783982.8746912754,13.89956989106176
300058.5661409396,2783982.8746912754,13.844141434303658
300516.88560402684,2783982.8746912754,13.782038617607725
300975.2050671141,2783982.8746912754,13.716251390871777
301433.52453020134,2783982.8746912754,13.651459611279941
301891.8439932886,2783982.8746912754,13.59465140915746
302350.1634563758,2783982.8746912754,13.555514587082996
302808.4829194631,2783982.8746912754,13.545840406546244
303266.8023825503,2783982.8746912754,13.576903180320098
303725.12184563756,2783982.8746912754,13.655006179568407
304183.4413087248,2783982.8746912754,13.778252457340736
304641.76077181206,2783982.8746912754,13.93776587801242
305100.0802348993,2783982.8746912754,14.122042778927426
305558.39969798655,2783982.8746912754,14.320621965222966
306016.7191610738,2783982.8746912754,14.525540351991829
306475.03862416104,2783982.8746912754,14.731298072799273
306933.3580872483,2783982.8746912754,14.93430980073279
307391.67755033553,2783982.8746912754,15.132337723454366
307849.9970134228,2783982.8746912754,15.324051389363559
308308.31647651,2783982.8746912754,15.508719240363506
308766.63593959727,2783982.8746912754,15.686000990772687
309224.9554026845,2783982.8746912754,15.855809823241929
309683.27486577176,2783982.8746912754,16.01822112798817
310141.594328859,2783982.8746912754,16.17341192496413
310599.9137919463,2783982.8746912754,16.32162053575259
311058.23325503356,2783982.8746912754,16.46311970455501
311516.5527181208,2783982.8746912754,16.598198714525186
311974.87218120805,2783982.8746912754,16.72715154139172
312433.1916442953,2783982.8746912754,16.850269034075723
312891.51110738254,2783982.8746912754,16.967833707767827
313349.8305704698,2783982.8746912754,17.080116099712413
313808.15003355703,2783982.8746912754,17.18737184217105
314266.4694966443,2783982.8746912754,17.289838685108624
314724.7889597315,2783982.8746912754,17.387732657724897
315183.10842281877,2783982.8746912754,17.481242366915907
315641.427885906,2783982.8746912754,17.570520027550288
316099.74734899326,2783982.8746912754,17.65566709095796
316558.0668120805,2783982.8746912754,17.736711132518835
317016.38627516775,2783982.8746912754,17.81356891471289
317474.705738255,2783982.8746912754,17.88598889406229
317933.02520134224,2783982.8746912754,17.953468410147295
318391.3446644295,2783982.8746912754,18.015158657450662
318849.66412751673,2783982.8746912754,18.069831583765673
319307.983590604,2783982.8746912754,18.11609228212798
319766.3030536912,2783982.8746912754,18.152993170052323
320224.6225167785,2783982.8746912754,18.18071226901593
320682.9419798658,2783982.8746912754,18.200552764669705
321141.261442953,2783982.8746912754,18.214266600135968
321599.58090604027,2783982.8746912754,18.223445691843942
295933.6909731543,2784220.488503356,13.947114339803242
296392.0104362416,2784220.488503356,13.971554369274143
296850.3298993288,2784220.488503356,13.985211843930294
297308.64936241606,2784220.488503356,13.98729626363394
297766.96882550337,2784220.488503356,13.977710750042448
298225.2882885906,2784220.488503356,13.956506897955533
298683.60775167786,2784220.488503356,13.923821166626528
299141.9272147651,2784220.488503356,13.879921548855013
299600.24667785235,2784220.488503356,13.825319910107229
300058.5661409396,2784220.488503356,13.760958686709197
300516.88560402684,2784220.488503356,13.68850263889329
300975.2050671141,2784220.488503356,13.610785025504981
301433.52453020134,2784220.488503356,13.532466940874016
301891.8439932886,2784220.488503356,13.4609200013984
302350.1634563758,2784220.488503356,13.407085008992704
302808.4829194631,2784220.488503356,13.38533427182061
303266.8023825503,2784220.488503356,13.410437838330473
303725.12184563756,2784220.488503356,13.491016922023672
304183.4413087248,2784220.488503356,13.624256964785605
304641.76077181206,2784220.488503356,13.797973870303256
305100.0802348993,2784220.488503356,13.997461967650008
305558.39969798655,2784220.488503356,14.210389043244845
306016.7191610738,2784220.488503356,14.42806606878746
306475.03862416104,2784220.488503356,14.644887228071937
306933.3580872483,2784220.488503356,14.857414151865655
307391.67755033553,2784220.488503356,15.063626720824498
307849.9970134228,2784220.488503356,15.26240860454717
308308.31647651,2784220.488503356,15.4532145540422
308766.63593959727,2784220.488503356,15.635858884693397
309224.9554026845,2784220.488503356,15.810380926987216
309683.27486577176,2784220.488503356,15.976958817510873
310141.594328859,2784220.488503356,16.135853801287357
310599.9137919463,2784220.488503356,16.287374019995838
311058.23325503356,2784220.488503356,16.431850916507816
311516.5527181208,2784220.488503356,16.569623909019647
311974.87218120805,2784220.488503356,16.701030525371152
312433.1916442953,2784220.488503356,16.826400130437314
312891.51110738254,2784220.488503356,16.94604995726345
313349.8305704698,2784220.488503356,17.060282499795285
313808.15003355703,2784220.488503356,17.169383516131752
314266.4694966443,2784220.488503356,17.273619960906405
314724.7889597315,2784220.488503356,17.373237115941745
315183.10842281877,2784220.488503356,17.468453986225988
315641.427885906,2784220.488503356,17.559455588405104
316099.74734899326,2784220.488503356,17.646379911469804
316558.0668120805,2784220.488503356,17.729295769109363
317016.38627516775,2784220.488503356,17.80816503110957
317474.705738255,2784220.488503356,17.882778522305905
317933.02520134224,2784220.488503356,17.95265114296065
318391.3446644295,2784220.488503356,18.01687139711038
318849.66412751673,2784220.488503356,18.073970818157605
319307.983590604,2784220.488503356,18.122084473414542
319766.3030536912,2784220.488503356,18.159802557875437
320224.6225167785,2784220.488503356,18.187309202785617
320682.9419798658,2784220.488503356,18.206380445480562
321141.261442953,2784220.488503356,18.219246942870104
321599.58090604027,2784220.488503356,18.227749552469
296850.3298993288,2784458.1023154366,13.9571803720958
297308.64936241606,2784458.1023154366,13.95292556919749
297766.96882550337,2784458.1023154366,13.937585933514319
298225.2882885906,2784458.1023154366,13.910576571065423
298683.60775167786,2784458.1023154366,13.871672842223553
299141.9272147651,2784458.1023154366,13.820880404393055
299600.24667785235,2784458.1023154366,13.758472843048597
300058.5661409396,2784458.1023154366,13.685138788424466
300516.88560402684,2784458.1023154366,13.60225399590766
300975.2050671141,2784458.1023154366,13.512339080442295
301433.52453020134,2784458.1023154366,13.41980886528506
301891.8439932886,2784458.1023154366,13.332135111718232
302350.1634563758,2784458.1023154366,13.261346443533364
302808.4829194631,2784458.1023154366,13.22482246298738
303266.8023825503,2784458.1023154366,13.242211932292548
303725.12184563756,2784458.1023154366,13.325740721278185
304183.4413087248,2784458.1023154366,13.471155902036696
304641.76077181206,2784458.1023154366,13.661384231274425
305100.0802348993,2784458.1023154366,13.877618004342011
305558.39969798655,2784458.1023154366,14.105602908298149
306016.7191610738,2784458.1023154366,14.336177263126407
306475.03862416104,2784458.1023154366,14.563874234972944
306933.3580872483,2784458.1023154366,14.785567093653464
307391.67755033553,2784458.1023154366,14.999550014133579
307849.9970134228,2784458.1023154366,15.204973496588469
308308.31647651,2784458.1023154366,15.401505664461263
308766.63593959727,2784458.1023154366,15.589128148812335
309224.9554026845,2784458.1023154366,15.768011307898462
309683.27486577176,2784458.1023154366,15.938436720285988
310141.594328859,2784458.1023154366,16.100748388263874
310599.9137919463,2784458.1023154366,16.2553217531714
311058.23325503356,2784458.1023154366,16.402543988767317
311516.5527181208,2784458.1023154366,16.542801558187794
311974.87218120805,2784458.1023154366,16.676472499185813
312433.1916442953,2784458.1023154366,16.803921784135444
312891.51110738254,2784458.1023154366,16.92549863100689
313349.8305704698,2784458.1023154366,17.041534955306144
313808.15003355703,2784458.1023154366,17.15234432410482
314266.4694966443,2784458.1023154366,17.25822083489924
314724.7889597315,2784458.1023154366,17.35943729504453
315183.10842281877,2784458.1023154366,17.456241885816286
315641.427885906,2784458.1023154366,17.548852063923377
316099.74734899326,2784458.1023154366,17.637443576746875
316558.0668120805,2784458.1023154366,17.72213071833727
317016.38627516775,2784458.1023154366,17.802930477295305
317474.705738255,2784458.1023154366,17.87969652535995
317933.02520134224,2784458.1023154366,17.951997749247333
318391.3446644295,2784458.1023154366,18.01890757189077
318849.66412751673,2784458.1023154366,18.078723659617218
319307.983590604,2784458.1023154366,18.12895568381892
319766.3030536912,2784458.1023154366,18.167456635579597
320224.6225167785,2784458.1023154366,18.194417252405504
320682.9419798658,2784458.1023154366,18.212360682844924
321141.261442953,2784458.1023154366,18.22414962582174
297766.96882550337,2784695.716127517,13.906734283047374
298225.2882885906,2784695.716127517,13.873129893854784
298683.60775167786,2784695.716127517,13.827584641835692
299141.9272147651,2784695.716127517,13.769734725440934
299600.24667785235,2784695.716127517,13.699537631070893
300058.5661409396,2784695.716127517,13.61735408753669
300516.88560402684,2784695.716127517,13.524174845162502
300975.2050671141,2784695.716127517,13.42205447279757
301433.52453020134,2784695.716127517,13.314900094924123
301891.8439932886,2784695.716127517,13.209875105058106
302350.1634563758,2784695.716127517,13.119670938078118
302808.4829194631,2784695.716127517,13.064926824946397
303266.8023825503,2784695.716127517,13.072136248266826
303725.12184563756,2784695.716127517,13.159385146386207
304183.4413087248,2784695.716127517,13.320032524907733
304641.76077181206,2784695.716127517,13.529562831562178
305100.0802348993,2784695.716127517,13.764056819683926
305558.39969798655,2784695.716127517,14.007566257650874
306016.7191610738,2784695.716127517,14.250902304508406
306475.03862416104,2784695.716127517,14.489052933860993
306933.3580872483,2784695.716127517,14.719380116559343
307391.67755033553,2784695.716127517,14.94058206620322
307849.9970134228,2784695.716127517,15.15211837288891
308308.31647651,2784695.716127517,15.353888372968559
308766.63593959727,2784695.716127517,15.546046660205896
309224.9554026845,2784695.716127517,15.728894358665324
309683.27486577176,2784695.716127517,15.902813511595078
310141.594328859,2784695.716127517,16.06822679454546
310599.9137919463,2784695.716127517,16.225572554370796
311058.23325503356,2784695.716127517,16.375289371194853
311516.5527181208,2784695.716127517,16.51780666435836
311974.87218120805,2784695.716127517,16.653539186385043
312433.1916442953,2784695.716127517,16.782884019894034
312891.51110738254,2784695.716127517,16.906219148045874
313349.8305704698,2784695.716127517,17.02390293648269
313808.15003355703,2784695.716127517,17.136274010533434
314266.4694966443,2784695.716127517,17.24365106549581
314724.7889597315,2784695.716127517,17.346332110825035
315183.10842281877,2784695.716127517,17.444592487706164
315641.427885906,2784695.716127517,17.538680622775328
316099.74734899326,2784695.716127517,17.628809678553175
316558.0668120805,2784695.716127517,17.715141553232247
317016.38627516775,2784695.716127517,17.797755951287723
317474.705738255,2784695.716127517,17.876588889513464
317933.02520134224,2784695.716127517,17.951306485970303
318391.3446644295,2784695.716127517,18.02104489262602
318849.66412751673,2784695.716127517,18.0839346606886
319307.983590604,2784695.716127517,18.136688454291736
319766.3030536912,2784695.716127517,18.17593563835045
320224.6225167785,2784695.716127517,18.20187497723085
320682.9419798658,2784695.716127517,18.21826202741544
298683.60775167786,2784933.3299395973,13.791719407368593
299141.9272147651,2784933.3299395973,13.726786614930003
299600.24667785235,2784933.3299395973,13.648968662837568
300058.5661409396,2784933.3299395973,13.558249093983159
300516.88560402684,2784933.3299395973,13.455163387432325
300975.2050671141,2784933.3299395973,13.341169841225051
301433.52453020134,2784933.3299395973,13.219402364977904
301891.8439932886,2784933.3299395973,13.096195335336228
302350.1634563758,2784933.3299395973,12.984102243283804
302808.4829194631,2784933.3299395973,12.906753347051
303266.8023825503,2784933.3299395973,12.900142755485362
303725.12184563756,2784933.3299395973,12.992393249140196
304183.4413087248,2784933.3299395973,13.172622075636623
304641.76077181206,2784933.3299395973,13.404671463499058
305100.0802348993,2784933.3299395973,13.658680317152108
305558.39969798655,2784933.3299395973,13.91775131211972
306016.7191610738,2784933.3299395973,14.173334241998695
306475.03862416104,2784933.3299395973,14.421230389399522
306933.3580872483,2784933.3299395973,14.659454943564924
307391.67755033553,2784933.3299395973,14.887178591814408
307849.9970134228,2784933.3299395973,15.10419440772215
308308.31647651,2784933.3299395973,15.310637920514067
308766.63593959727,2784933.3299395973,15.506833518613314
309224.9554026845,2784933.3299395973,15.693206864865179
309683.27486577176,2784933.3299395973,15.87023344293544
310141.594328859,2784933.3299395973,16.038407744706877
310599.9137919463,2784933.3299395973,16.19822470204687
311058.23325503356,2784933.3299395973,16.350168616078275
311516.5527181208,2784933.3299395973,16.49470679224142
311974.87218120805,2784933.3299395973,16.632286175251938
312433.1916442953,2784933.3299395973,16.763331899528275
312891.51110738254,2784933.3299395973,16.88824703379717
313349.8305704698,2784933.3299395973,17.007413010871296
313808.15003355703,2784933.3299395973,17.121190350646355
314266.4694966443,2784933.3299395973,17.229919331142458
314724.7889597315,2784933.3299395973,17.33392024044025
315183.10842281877,2784933.3299395973,17.433492725630753
315641.427885906,2784933.3299395973,17.528913469118812
316099.74734899326,2784933.3299395973,17.620430787448583
316558.0668120805,2784933.3299395973,17.70825332151798
317016.38627516775,2784933.3299395973,17.79252663150224
317474.705738255,2784933.3299395973,17.87328311243193
317933.02520134224,2784933.3299395973,17.95032831617967
318391.3446644295,2784933.3299395973,18.022966249169233
318849.66412751673,2784933.3299395973,18.089333129112905
319307.983590604,2784933.3299395973,18.145236957636648
319766.3030536912,2784933.3299395973,18.185191122547067
320224.6225167785,2784933.3299395973,18.209406052247438
320682.9419798658,2784933.3299395973,18.223759313613478
300058.5661409396,2785170.943751678,13.508416946789076
300516.88560402684,2785170.943751678,13.396098885519297
300975.2050671141,2785170.943751678,13.270978454333413
301433.52453020134,2785170.943751678,13.135197925646526
301891.8439932886,2785170.943751678,12.993702932678588
302350.1634563758,2785170.943751678,12.857681022188311
302808.4829194631,2785170.943751678,12.752335900432538
303266.8023825503,2785170.943751678,12.726220055709302
303725.12184563756,2785170.943751678,12.825710458514578
304183.4413087248,2785170.943751678,13.031755270744567
304641.76077181206,2785170.943751678,13.28964688590817
305100.0802348993,2785170.943751678,13.563752500114642
305558.39969798655,2785170.943751678,13.837758694061113
306016.7191610738,2785170.943751678,14.10458979843057
306475.03862416104,2785170.943751678,14.361196080927702
306933.3580872483,2785170.943751678,14.606362211065637
307391.67755033553,2785170.943751678,14.839762144784594
307849.9970134228,2785170.943751678,15.061521900691801
308308.31647651,2785170.943751678,15.27200234076365
308766.63593959727,2785170.943751678,15.471684449963671
309224.9554026845,2785170.943751678,15.661105780090502
309683.27486577176,2785170.943751678,15.840824047710479
310141.594328859,2785170.943751678,16.011395926896515
310599.9137919463,2785170.943751678,16.173364733006625
311058.23325503356,2785170.943751678,16.32725350166427
311516.5527181208,2785170.943751678,16.47356143271437
311974.87218120805,2785170.943751678,16.61276246793649
312433.1916442953,2785170.943751678,16.745305223083626
312891.51110738254,2785170.943751678,16.871613757337016
313349.8305704698,2785170.943751678,16.99208881736516
313808.15003355703,2785170.943751678,17.10710928037625
314266.4694966443,2785170.943751678,17.217033559960438
314724.7889597315,2785170.943751678,17.322200732793533
315183.10842281877,2785170.943751678,17.422931077316548
315641.427885906,2785170.943751678,17.519525538024055
316099.74734899326,2785170.943751678,17.612263216091502
316558.0668120805,2785170.943751678,17.70139501667881
317016.38627516775,2785170.943751678,17.78712916374859
317474.705738255,2785170.943751678,17.869597709195425
317933.02520134224,2785170.943751678,17.948773170806543
318391.3446644295,2785170.943751678,18.02423585516835
318849.66412751673,2785170.943751678,18.09443827337897
319307.983590604,2785170.943751678,18.154482968616655
319766.3030536912,2785170.943751678,18.195101275027632
320224.6225167785,2785170.943751678,18.216524702430373
300975.2050671141,2785408.5575637585,13.212756285824543
301433.52453020134,2785408.5575637585,13.064302709544233
301891.8439932886,2785408.5575637585,12.905548642153663
302350.1634563758,2785408.5575637585,12.74483974887212
302808.4829194631,2785408.5575637585,12.605579630170658
303266.8023825503,2785408.5575637585,12.550517877301594
303725.12184563756,2785408.5575637585,12.66147703158861
304183.4413087248,2785408.5575637585,12.90208335182136
304641.76077181206,2785408.5575637585,13.188329028885594
305100.0802348993,2785408.5575637585,13.481828096121028
305558.39969798655,2785408.5575637585,13.76923375864988
306016.7191610738,2785408.5575637585,14.045749387239539
306475.03862416104,2785408.5575637585,14.30968325825923
306933.3580872483,2785408.5575637585,14.560617100536653
307391.67755033553,2785408.5575637585,14.798706642475361
307849.9970134228,2785408.5575637585,15.02438027630397
308308.31647651,2785408.5575637585,15.238195862871851
308766.63593959727,2785408.5575637585,15.440767362324772
309224.9554026845,2785408.5575637585,15.632725172632076
309683.27486577176,2785408.5575637585,15.814694005711633
310141.594328859,2785408.5575637585,15.987280476342384
310599.9137919463,2785408.5575637585,16.151066352955414
311058.23325503356,2785408.5575637585,16.306605244785004
311516.5527181208,2785408.5575637585,16.454421435903615
311974.87218120805,2785408.5575637585,16.595010081546576
312433.1916442953,2785408.5575637585,16.728838266458244
312891.51110738254,2785408.5575637585,16.85634659084157
313349.8305704698,2785408.5575637585,16.97795104851679
313808.15003355703,2785408.5575637585,17.09404502071379
314266.4694966443,2785408.5575637585,17.205001240399444
314724.7889597315,2785408.5575637585,17.311173589588797
315183.10842281877,2785408.5575637585,17.412898569175933
315641.427885906,2785408.5575637585,17.510496204010387
316099.74734899326,2785408.5575637585,17.60426995303422
316558.0668120805,2785408.5575637585,17.6945047186158
317016.38627516775,2785408.5575637585,17.781460806196932
317474.705738255,2785408.5575637585,17.865358089586174
317933.02520134224,2785408.5575637585,17.946332641136536
318391.3446644295,2785408.5575637585,18.02429952504958
318849.66412751673,2785408.5575637585,18.098401376006105
319307.983590604,2785408.5575637585,18.16407742784097
319766.3030536912,2785408.5575637585,18.205310506688086
301891.8439932886,2785646.171375839,12.835234861405144
302350.1634563758,2785646.171375839,12.651665012601176
302808.4829194631,2785646.171375839,12.474246276900534
303266.8023825503,2785646.171375839,12.37375057024968
303725.12184563756,2785646.171375839,12.505098750758776
304183.4413087248,2785646.171375839,12.791049429850254
304641.76077181206,2785646.171375839,13.10536996903813
305100.0802348993,2785646.171375839,13.41555593255552
305558.39969798655,2785646.171375839,13.713734811815872
306016.7191610738,2785646.171375839,13.997780625314826
306475.03862416104,2785646.171375839,14.267325147255535
306933.3580872483,2785646.171375839,14.522653727428983
307391.67755033553,2785646.171375839,14.76432192430163
307849.9970134228,2785646.171375839,14.992998475397588
308308.31647651,2785646.171375839,15.20939275193461
308766.63593959727,2785646.171375839,15.414218289206508
309224.9554026845,2785646.171375839,15.6081734886923
309683.27486577176,2785646.171375839,15.791931257610829
310141.594328859,2785646.171375839,15.966133653132076
310599.9137919463,2785646.171375839,16.131389496507047
311058.23325503356,2785646.171375839,16.28827382729166
311516.5527181208,2785646.171375839,16.43732852941912
311974.87218120805,2785646.171375839,16.579063710717058
312433.1916442953,2785646.171375839,16.7139595599789
312891.51110738254,2785646.171375839,16.842468490901272
313349.8305704698,2785646.171375839,16.965017435384176
313808.15003355703,2785646.171375839,17.08201018316086
314266.4694966443,2785646.171375839,17.19382968746295
314724.7889597315,2785646.171375839,17.300840270523686
315183.10842281877,2785646.171375839,17.403389667942374
315641.427885906,2785646.171375839,17.501810842394228
316099.74734899326,2785646.171375839,17.596423460164246
316558.0668120805,2785646.171375839,17.68753481756397
317016.38627516775,2785646.171375839,17.77543970582123
317474.705738255,2785646.171375839,17.86041779473498
317933.02520134224,2785646.171375839,17.942723897412062
318391.3446644295,2785646.171375839,18.022552063966508
318849.66412751673,2785646.171375839,18.09986014315605
319307.983590604,2785646.171375839,18.17266727950308
319766.3030536912,2785646.171375839,18.214452020383654
302808.4829194631,2785883.7851879196,12.373263815962515
303266.8023825503,2785883.7851879196,12.199721620921737
303725.12184563756,2785883.7851879196,12.372103816014013
304183.4413087248,2785883.7851879196,12.709333005250425
304641.76077181206,2785883.7851879196,13.045658714042203
305100.0802348993,2785883.7851879196,13.3673327021823
305558.39969798655,2785883.7851879196,13.672562668056734
306016.7191610738,2785883.7851879196,13.961453595084397
306475.03862416104,2785883.7851879196,14.23461071702383
306933.3580872483,2785883.7851879196,14.492800793401674
307391.67755033553,2785883.7851879196,14.736839679813933
307849.9970134228,2785883.7851879196,14.967546467397023
308308.31647651,2785883.7851879196,15.185721997207093
308766.63593959727,2785883.7851879196,15.392137958148073
309224.9554026845,2785883.7851879196,15.587531274267798
309683.27486577176,2785883.7851879196,15.772601456657132
310141.594328859,2785883.7851879196,15.948009768987884
310599.9137919463,2785883.7851879196,16.1143795716014
311058.23325503356,2785883.7851879196,16.272297458779434
311516.5527181208,2785883.7851879196,16.42231493603517
311974.87218120805,2785883.7851879196,16.564950460195963
312433.1916442953,2785883.7851879196,16.700691711954203
312891.51110738254,2785883.7851879196,16.829998001522515
313349.8305704698,2785883.7851879196,16.953302729845813
313808.15003355703,2785883.7851879196,17.071015844293385
314266.4694966443,2785883.7851879196,17.183526241111984
314724.7889597315,2785883.7851879196,17.291204078487308
315183.10842281877,2785883.7851879196,17.394402974556233
315641.427885906,2785883.7851879196,17.49346207439466
316099.74734899326,2785883.7851879196,17.58870797869071
316558.0668120805,2785883.7851879196,17.680456533658358
317016.38627516775,2785883.7851879196,17.769014484321556
317474.705738255,2785883.7851879196,17.85468098372304
